Datetime,Zone1_Lighting_kW,Zone2_HVAC_kW,Zone3_PlugLoads_kW,Zone4_Critical_kW,Total_Demand_kW,Renewable_Supply_kW,Renewable_Used_kW,Grid_Supply_kW,Tariff_Rs_per_kWh,Cost_Rs
2024-01-01 00:00:00,1.04,0.749,2.103,6.054,9.946,0.001,0.001,9.945,5.5,54.7
2024-01-01 01:00:00,1.012,1.499,2.191,5.681,10.382,0.0,0.0,10.382,5.5,57.1
2024-01-01 02:00:00,1.489,0.5,3.242,5.722,10.953,0.0,0.0,10.953,5.5,60.24
2024-01-01 03:00:00,2.093,1.084,2.535,6.123,11.835,0.0,0.0,11.835,5.5,65.09
2024-01-01 04:00:00,2.026,0.888,3.428,5.918,12.26,0.0,0.0,12.26,5.5,67.43
2024-01-01 05:00:00,2.616,2.274,5.059,5.852,15.801,0.0,0.0,15.801,5.5,86.91
2024-01-01 06:00:00,3.876,3.595,5.334,6.191,18.996,0.019,0.019,18.977,9.5,180.28
2024-01-01 07:00:00,4.453,4.236,6.542,6.049,21.28,1.662,1.662,19.618,9.5,186.37
2024-01-01 08:00:00,4.963,3.053,7.943,6.131,22.09,2.601,2.601,19.489,9.5,185.15
2024-01-01 09:00:00,6.147,8.097,7.747,5.975,27.966,4.409,4.409,23.557,9.5,223.79
2024-01-01 10:00:00,6.649,8.389,8.785,6.402,30.224,5.005,5.005,25.219,5.5,138.71
2024-01-01 11:00:00,7.294,9.216,9.347,5.909,31.767,5.687,5.687,26.08,5.5,143.44
2024-01-01 12:00:00,7.927,11.413,9.079,6.262,34.68,6.355,6.355,28.325,5.5,155.79
2024-01-01 13:00:00,7.426,12.414,9.876,5.991,35.706,6.535,6.535,29.171,5.5,160.44
2024-01-01 14:00:00,7.337,12.089,10.213,5.752,35.39,5.333,5.333,30.057,5.5,165.32
2024-01-01 15:00:00,7.265,12.431,9.672,6.072,35.441,4.097,4.097,31.345,5.5,172.4
2024-01-01 16:00:00,6.484,10.801,9.073,6.047,32.405,3.127,3.127,29.278,5.5,161.03
2024-01-01 17:00:00,6.079,9.514,7.875,5.842,29.309,1.871,1.871,27.438,5.5,150.91
2024-01-01 18:00:00,4.832,7.603,6.86,5.862,25.157,0.186,0.186,24.971,9.5,237.22
2024-01-01 19:00:00,3.799,5.317,6.696,5.996,21.808,0.823,0.823,20.985,9.5,199.36
2024-01-01 20:00:00,3.842,5.067,5.083,6.052,20.044,0.0,0.0,20.044,9.5,190.42
2024-01-01 21:00:00,2.619,4.187,4.569,5.629,17.004,0.076,0.076,16.928,9.5,160.82
2024-01-01 22:00:00,2.117,3.212,3.794,6.158,15.28,0.465,0.465,14.815,5.5,81.48
2024-01-01 23:00:00,1.209,2.822,3.712,5.926,13.669,0.446,0.446,13.223,5.5,72.73
2024-01-02 00:00:00,0.727,1.549,2.409,5.8,10.485,0.0,0.0,10.485,5.5,57.67
2024-01-02 01:00:00,1.086,0.896,1.768,6.141,9.892,0.0,0.0,9.892,5.5,54.41
2024-01-02 02:00:00,0.949,2.063,2.175,5.996,11.184,0.445,0.445,10.738,5.5,59.06
2024-01-02 03:00:00,1.749,0.5,3.359,6.182,11.79,0.867,0.867,10.923,5.5,60.08
2024-01-02 04:00:00,1.916,1.044,3.703,6.066,12.728,0.211,0.211,12.517,5.5,68.85
2024-01-02 05:00:00,2.599,1.398,4.269,6.0,14.266,0.0,0.0,14.266,5.5,78.46
2024-01-02 06:00:00,3.222,3.669,5.688,5.977,18.555,0.0,0.0,18.555,9.5,176.27
2024-01-02 07:00:00,4.778,4.48,6.263,6.072,21.593,2.164,2.164,19.429,9.5,184.58
2024-01-02 08:00:00,5.1,5.349,7.144,5.938,23.531,3.114,3.114,20.417,9.5,193.96
2024-01-02 09:00:00,5.667,7.332,8.337,5.872,27.208,3.84,3.84,23.368,9.5,222.0
2024-01-02 10:00:00,7.034,7.463,8.675,6.091,29.264,4.953,4.953,24.311,5.5,133.71
2024-01-02 11:00:00,7.068,10.133,10.084,5.978,33.263,5.686,5.686,27.577,5.5,151.68
2024-01-02 12:00:00,7.917,11.207,9.545,6.005,34.674,5.953,5.953,28.721,5.5,157.97
2024-01-02 13:00:00,7.412,12.972,10.263,6.163,36.81,5.323,5.323,31.487,5.5,173.18
2024-01-02 14:00:00,7.456,12.552,10.434,5.983,36.425,4.83,4.83,31.595,5.5,173.77
2024-01-02 15:00:00,7.493,11.986,8.905,6.002,34.387,3.598,3.598,30.789,5.5,169.34
2024-01-02 16:00:00,7.009,11.74,8.688,5.91,33.347,3.207,3.207,30.14,5.5,165.77
2024-01-02 17:00:00,6.036,10.555,8.482,6.065,31.137,1.396,1.396,29.741,5.5,163.58
2024-01-02 18:00:00,5.069,7.632,7.586,6.052,26.34,0.14,0.14,26.2,9.5,248.9
2024-01-02 19:00:00,4.132,6.426,6.119,6.135,22.812,0.427,0.427,22.386,9.5,212.66
2024-01-02 20:00:00,2.959,4.112,4.988,5.913,17.972,0.066,0.066,17.906,9.5,170.1
2024-01-02 21:00:00,2.47,1.727,4.834,5.931,14.962,0.0,0.0,14.962,9.5,142.14
2024-01-02 22:00:00,1.958,2.965,4.202,6.119,15.244,0.058,0.058,15.186,5.5,83.52
2024-01-02 23:00:00,1.953,2.657,2.662,6.038,13.31,0.019,0.019,13.291,5.5,73.1
2024-01-03 00:00:00,0.994,1.501,1.539,5.864,9.898,0.374,0.374,9.524,5.5,52.38
2024-01-03 01:00:00,0.524,0.5,2.377,6.196,9.597,0.093,0.093,9.504,5.5,52.27
2024-01-03 02:00:00,1.392,1.113,2.902,5.745,11.152,0.0,0.0,11.152,5.5,61.33
2024-01-03 03:00:00,1.521,0.5,3.008,6.118,11.146,0.314,0.314,10.832,5.5,59.58
2024-01-03 04:00:00,1.893,2.863,4.0,5.81,14.567,0.369,0.369,14.198,5.5,78.09
2024-01-03 05:00:00,2.87,1.305,4.167,6.283,14.625,0.0,0.0,14.625,5.5,80.44
2024-01-03 06:00:00,3.712,3.814,4.436,5.768,17.73,0.46,0.46,17.27,9.5,164.06
2024-01-03 07:00:00,4.502,4.489,6.019,6.173,21.182,1.865,1.865,19.317,9.5,183.51
2024-01-03 08:00:00,4.852,4.248,7.148,5.988,22.236,3.477,3.477,18.759,9.5,178.21
2024-01-03 09:00:00,5.892,5.58,7.914,5.945,25.332,5.099,5.099,20.233,9.5,192.21
2024-01-03 10:00:00,6.887,8.462,8.362,6.028,29.739,5.705,5.705,24.034,5.5,132.19
2024-01-03 11:00:00,7.727,9.197,8.73,6.095,31.749,6.839,6.839,24.91,5.5,137.01
2024-01-03 12:00:00,7.711,11.41,9.655,5.864,34.64,6.671,6.671,27.969,5.5,153.83
2024-01-03 13:00:00,7.944,11.931,10.359,5.878,36.112,6.11,6.11,30.002,5.5,165.01
2024-01-03 14:00:00,7.522,11.243,10.363,6.097,35.226,5.576,5.576,29.65,5.5,163.08
2024-01-03 15:00:00,7.075,10.533,9.931,5.744,33.283,4.967,4.967,28.316,5.5,155.74
2024-01-03 16:00:00,7.031,11.51,8.499,5.912,32.952,3.108,3.108,29.844,5.5,164.14
2024-01-03 17:00:00,6.391,9.424,7.563,6.456,29.834,2.239,2.239,27.596,5.5,151.78
2024-01-03 18:00:00,5.082,7.74,7.322,5.855,25.998,0.357,0.357,25.642,9.5,243.59
2024-01-03 19:00:00,4.524,7.043,6.442,6.172,24.181,0.4,0.4,23.781,9.5,225.92
2024-01-03 20:00:00,3.511,5.907,5.442,5.912,20.772,0.037,0.037,20.734,9.5,196.97
2024-01-03 21:00:00,2.493,3.514,3.646,6.076,15.729,0.077,0.077,15.652,9.5,148.69
2024-01-03 22:00:00,2.205,2.537,3.382,6.098,14.222,0.0,0.0,14.222,5.5,78.22
2024-01-03 23:00:00,2.097,2.574,3.116,6.169,13.957,0.299,0.299,13.658,5.5,75.12
2024-01-04 00:00:00,0.88,0.5,2.215,5.97,9.565,0.114,0.114,9.451,5.5,51.98
2024-01-04 01:00:00,1.523,1.506,2.593,6.298,11.92,0.17,0.17,11.75,5.5,64.63
2024-01-04 02:00:00,0.509,1.838,2.708,5.912,10.966,0.506,0.506,10.459,5.5,57.53
2024-01-04 03:00:00,1.883,2.074,3.26,6.035,13.252,0.0,0.0,13.252,5.5,72.88
2024-01-04 04:00:00,2.123,0.5,3.762,6.037,12.422,0.0,0.0,12.422,5.5,68.32
2024-01-04 05:00:00,2.597,1.569,4.725,5.832,14.723,0.098,0.098,14.625,5.5,80.44
2024-01-04 06:00:00,3.43,2.113,5.407,5.957,16.907,0.0,0.0,16.907,9.5,160.61
2024-01-04 07:00:00,3.626,3.82,6.214,6.024,19.685,1.658,1.658,18.027,9.5,171.25
2024-01-04 08:00:00,5.038,5.363,7.016,5.935,23.352,3.46,3.46,19.892,9.5,188.98
2024-01-04 09:00:00,6.092,7.697,8.057,6.366,28.212,4.586,4.586,23.626,9.5,224.45
2024-01-04 10:00:00,7.231,7.803,9.019,5.874,29.927,6.129,6.129,23.798,5.5,130.89
2024-01-04 11:00:00,7.279,9.495,9.563,6.177,32.514,5.944,5.944,26.569,5.5,146.13
2024-01-04 12:00:00,7.612,12.271,10.013,6.128,36.024,6.96,6.96,29.064,5.5,159.85
2024-01-04 13:00:00,7.849,12.579,10.537,5.998,36.964,6.596,6.596,30.368,5.5,167.02
2024-01-04 14:00:00,8.129,13.708,9.967,5.87,37.674,5.565,5.565,32.108,5.5,176.6
2024-01-04 15:00:00,7.533,12.573,9.197,5.885,35.187,4.406,4.406,30.781,5.5,169.3
2024-01-04 16:00:00,6.629,10.426,9.179,5.922,32.155,2.688,2.688,29.467,5.5,162.07
2024-01-04 17:00:00,6.138,8.826,7.478,5.732,28.175,1.476,1.476,26.7,5.5,146.85
2024-01-04 18:00:00,5.133,6.957,6.69,5.849,24.63,0.314,0.314,24.316,9.5,231.0
2024-01-04 19:00:00,4.513,7.029,6.322,5.778,23.643,0.0,0.0,23.643,9.5,224.6
2024-01-04 20:00:00,3.192,5.929,5.488,6.202,20.811,0.349,0.349,20.462,9.5,194.39
2024-01-04 21:00:00,2.588,5.22,3.953,6.093,17.854,0.0,0.0,17.854,9.5,169.61
2024-01-04 22:00:00,1.979,3.49,3.575,6.118,15.162,0.212,0.212,14.95,5.5,82.22
2024-01-04 23:00:00,1.197,3.109,2.885,6.088,13.279,0.0,0.0,13.279,5.5,73.04
2024-01-05 00:00:00,0.979,0.833,1.826,6.025,9.663,0.0,0.0,9.663,5.5,53.15
2024-01-05 01:00:00,1.131,0.5,2.664,6.219,10.515,0.0,0.0,10.515,5.5,57.83
2024-01-05 02:00:00,1.296,2.079,2.933,5.908,12.217,0.0,0.0,12.217,5.5,67.19
2024-01-05 03:00:00,1.566,1.867,3.12,6.016,12.569,0.0,0.0,12.569,5.5,69.13
2024-01-05 04:00:00,1.672,1.861,3.51,6.112,13.155,0.0,0.0,13.155,5.5,72.35
2024-01-05 05:00:00,2.56,2.493,3.911,5.802,14.766,0.032,0.032,14.734,5.5,81.04
2024-01-05 06:00:00,3.299,3.08,5.85,6.464,18.694,0.381,0.381,18.313,9.5,173.98
2024-01-05 07:00:00,3.982,4.775,6.425,6.004,21.186,1.965,1.965,19.221,9.5,182.6
2024-01-05 08:00:00,5.056,6.025,6.84,6.021,23.942,3.62,3.62,20.322,9.5,193.06
2024-01-05 09:00:00,6.106,6.949,8.313,6.189,27.556,4.818,4.818,22.738,9.5,216.01
2024-01-05 10:00:00,7.353,8.893,8.797,6.137,31.181,5.736,5.736,25.445,5.5,139.95
2024-01-05 11:00:00,7.487,10.326,9.341,6.006,33.159,5.917,5.917,27.242,5.5,149.83
2024-01-05 12:00:00,7.932,11.007,10.035,6.02,34.993,6.553,6.553,28.44,5.5,156.42
2024-01-05 13:00:00,7.978,12.974,9.703,5.774,36.43,6.465,6.465,29.964,5.5,164.8
2024-01-05 14:00:00,7.279,11.606,9.723,5.917,34.524,6.073,6.073,28.451,5.5,156.48
2024-01-05 15:00:00,7.426,13.212,9.505,6.078,36.221,4.808,4.808,31.413,5.5,172.77
2024-01-05 16:00:00,6.806,10.42,8.625,6.067,31.918,3.626,3.626,28.292,5.5,155.6
2024-01-05 17:00:00,6.723,10.143,8.292,6.183,31.342,1.375,1.375,29.967,5.5,164.82
2024-01-05 18:00:00,5.046,7.54,7.871,5.982,26.439,0.0,0.0,26.439,9.5,251.17
2024-01-05 19:00:00,4.313,6.957,5.886,5.792,22.948,0.129,0.129,22.819,9.5,216.78
2024-01-05 20:00:00,3.392,4.962,4.616,6.159,19.128,0.348,0.348,18.78,9.5,178.41
2024-01-05 21:00:00,2.336,2.472,3.651,6.215,14.674,0.0,0.0,14.674,9.5,139.4
2024-01-05 22:00:00,2.439,3.158,3.668,6.135,15.4,0.0,0.0,15.4,5.5,84.7
2024-01-05 23:00:00,1.862,1.721,2.862,5.975,12.42,0.206,0.206,12.214,5.5,67.18
2024-01-06 00:00:00,0.549,1.225,1.093,6.157,9.024,0.0,0.0,9.024,5.5,49.63
2024-01-06 01:00:00,0.2,0.534,1.196,6.514,8.445,0.482,0.482,7.963,5.5,43.8
2024-01-06 02:00:00,0.874,0.877,0.684,6.017,8.452,0.0,0.0,8.452,5.5,46.49
2024-01-06 03:00:00,0.2,0.5,0.838,5.803,7.341,0.0,0.0,7.341,5.5,40.38
2024-01-06 04:00:00,0.91,0.5,1.983,5.912,9.304,0.003,0.003,9.301,5.5,51.16
2024-01-06 05:00:00,1.597,0.508,2.28,6.094,10.479,0.51,0.51,9.97,5.5,54.83
2024-01-06 06:00:00,0.894,1.817,2.47,5.759,10.94,0.176,0.176,10.764,9.5,102.26
2024-01-06 07:00:00,1.308,2.845,2.431,6.025,12.609,1.773,1.773,10.836,9.5,102.94
2024-01-06 08:00:00,1.816,1.356,3.75,6.057,12.979,3.003,3.003,9.977,9.5,94.78
2024-01-06 09:00:00,1.944,3.473,4.521,6.23,16.168,4.183,4.183,11.985,9.5,113.85
2024-01-06 10:00:00,1.91,1.558,4.524,6.197,14.189,4.716,4.716,9.473,5.5,52.1
2024-01-06 11:00:00,2.623,3.019,4.389,6.13,16.161,5.099,5.099,11.061,5.5,60.84
2024-01-06 12:00:00,2.43,3.794,4.948,5.676,16.848,6.04,6.04,10.808,5.5,59.44
2024-01-06 13:00:00,2.942,3.877,4.454,6.138,17.411,6.171,6.171,11.24,5.5,61.82
2024-01-06 14:00:00,2.473,3.833,5.354,6.106,17.766,5.283,5.283,12.483,5.5,68.66
2024-01-06 15:00:00,3.067,5.289,4.761,6.038,19.155,4.416,4.416,14.739,5.5,81.07
2024-01-06 16:00:00,2.141,4.39,3.705,5.74,15.976,3.466,3.466,12.51,5.5,68.81
2024-01-06 17:00:00,1.998,4.278,3.892,5.883,16.052,1.647,1.647,14.405,5.5,79.23
2024-01-06 18:00:00,2.03,3.846,3.747,5.825,15.449,0.0,0.0,15.449,9.5,146.76
2024-01-06 19:00:00,1.109,2.824,2.961,5.698,12.591,0.0,0.0,12.591,9.5,119.62
2024-01-06 20:00:00,1.259,2.526,2.53,6.0,12.315,0.607,0.607,11.709,9.5,111.23
2024-01-06 21:00:00,1.332,1.447,1.736,5.88,10.396,0.158,0.158,10.238,9.5,97.26
2024-01-06 22:00:00,0.252,0.5,2.091,6.394,9.236,0.0,0.0,9.236,5.5,50.8
2024-01-06 23:00:00,0.628,1.721,1.304,5.975,9.629,0.0,0.0,9.629,5.5,52.96
2024-01-07 00:00:00,0.39,0.5,0.3,6.194,7.384,0.376,0.376,7.008,5.5,38.54
2024-01-07 01:00:00,0.603,0.5,0.995,5.765,7.863,0.0,0.0,7.863,5.5,43.24
2024-01-07 02:00:00,0.2,0.5,1.718,5.92,8.338,0.556,0.556,7.782,5.5,42.8
2024-01-07 03:00:00,0.2,0.5,1.409,6.015,8.124,0.0,0.0,8.124,5.5,44.68
2024-01-07 04:00:00,0.89,0.5,2.559,5.864,9.813,0.427,0.427,9.387,5.5,51.63
2024-01-07 05:00:00,1.029,1.153,2.397,5.937,10.516,0.146,0.146,10.37,5.5,57.03
2024-01-07 06:00:00,1.266,1.413,2.776,5.967,11.422,0.036,0.036,11.387,9.5,108.17
2024-01-07 07:00:00,1.582,0.788,3.043,5.965,11.378,1.35,1.35,10.028,9.5,95.26
2024-01-07 08:00:00,1.582,1.615,3.534,6.278,13.01,3.276,3.276,9.734,9.5,92.47
2024-01-07 09:00:00,2.164,3.477,3.907,6.057,15.605,4.043,4.043,11.562,9.5,109.84
2024-01-07 10:00:00,2.464,3.699,4.292,6.072,16.526,4.421,4.421,12.105,5.5,66.58
2024-01-07 11:00:00,2.388,5.645,4.94,6.081,19.054,4.718,4.718,14.336,5.5,78.85
2024-01-07 12:00:00,3.309,5.516,4.556,6.092,19.473,5.471,5.471,14.001,5.5,77.01
2024-01-07 13:00:00,2.942,5.886,4.57,5.988,19.386,5.233,5.233,14.153,5.5,77.84
2024-01-07 14:00:00,2.392,4.002,4.481,5.952,16.827,4.236,4.236,12.591,5.5,69.25
2024-01-07 15:00:00,2.799,5.582,5.546,6.025,19.952,3.814,3.814,16.138,5.5,88.76
2024-01-07 16:00:00,2.083,4.529,4.625,6.174,17.411,2.537,2.537,14.874,5.5,81.81
2024-01-07 17:00:00,2.331,3.544,4.134,6.169,16.178,1.405,1.405,14.772,5.5,81.25
2024-01-07 18:00:00,2.134,3.437,3.138,5.964,14.673,0.218,0.218,14.455,9.5,137.32
2024-01-07 19:00:00,1.232,3.374,3.343,6.115,14.064,0.448,0.448,13.617,9.5,129.36
2024-01-07 20:00:00,1.48,2.406,2.594,5.971,12.451,0.273,0.273,12.178,9.5,115.69
2024-01-07 21:00:00,1.064,0.804,2.311,6.005,10.184,0.0,0.0,10.184,9.5,96.75
2024-01-07 22:00:00,0.98,1.728,1.473,5.929,10.111,0.111,0.111,10.0,5.5,55.0
2024-01-07 23:00:00,1.142,0.5,1.628,5.973,9.242,0.019,0.019,9.223,5.5,50.73
2024-01-08 00:00:00,0.817,1.48,1.851,6.201,10.349,0.0,0.0,10.349,5.5,56.92
2024-01-08 01:00:00,0.827,1.097,1.98,6.014,9.919,0.119,0.119,9.799,5.5,53.9
2024-01-08 02:00:00,1.028,1.234,2.944,6.02,11.226,0.557,0.557,10.669,5.5,58.68
2024-01-08 03:00:00,1.391,2.157,2.513,5.783,11.844,0.01,0.01,11.834,5.5,65.09
2024-01-08 04:00:00,2.073,0.956,3.954,5.954,12.937,0.0,0.0,12.937,5.5,71.15
2024-01-08 05:00:00,2.789,3.755,4.725,5.964,17.233,0.009,0.009,17.224,5.5,94.73
2024-01-08 06:00:00,3.485,1.385,4.93,5.876,15.676,0.0,0.0,15.676,9.5,148.92
2024-01-08 07:00:00,4.471,3.297,5.86,6.003,19.631,2.186,2.186,17.445,9.5,165.73
2024-01-08 08:00:00,5.108,5.322,7.034,5.936,23.399,3.881,3.881,19.518,9.5,185.43
2024-01-08 09:00:00,6.421,7.029,8.138,6.012,27.599,5.214,5.214,22.385,9.5,212.66
2024-01-08 10:00:00,6.708,8.196,8.764,6.018,29.686,6.349,6.349,23.337,5.5,128.35
2024-01-08 11:00:00,8.25,9.941,9.63,5.857,33.677,7.129,7.129,26.549,5.5,146.02
2024-01-08 12:00:00,8.042,11.788,10.566,5.94,36.336,7.449,7.449,28.887,5.5,158.88
2024-01-08 13:00:00,7.743,12.275,9.797,6.012,35.826,6.961,6.961,28.865,5.5,158.76
2024-01-08 14:00:00,7.533,13.929,9.175,6.178,36.814,6.032,6.032,30.782,5.5,169.3
2024-01-08 15:00:00,7.579,13.131,9.787,6.039,36.535,5.607,5.607,30.928,5.5,170.1
2024-01-08 16:00:00,6.721,12.157,9.498,5.901,34.277,3.607,3.607,30.67,5.5,168.68
2024-01-08 17:00:00,6.199,9.214,8.182,6.06,29.654,1.977,1.977,27.677,5.5,152.22
2024-01-08 18:00:00,5.246,8.213,6.688,6.256,26.403,0.086,0.086,26.317,9.5,250.01
2024-01-08 19:00:00,4.201,6.321,6.139,6.138,22.798,0.097,0.097,22.701,9.5,215.66
2024-01-08 20:00:00,3.148,4.221,4.834,6.082,18.286,0.0,0.0,18.286,9.5,173.71
2024-01-08 21:00:00,2.232,4.064,4.708,6.109,17.113,0.0,0.0,17.113,9.5,162.57
2024-01-08 22:00:00,1.963,2.412,3.188,6.216,13.778,0.0,0.0,13.778,5.5,75.78
2024-01-08 23:00:00,1.893,2.723,3.008,6.161,13.785,0.119,0.119,13.667,5.5,75.17
2024-01-09 00:00:00,0.955,0.5,1.619,6.085,9.158,0.0,0.0,9.158,5.5,50.37
2024-01-09 01:00:00,0.679,2.719,2.337,6.16,11.896,0.0,0.0,11.896,5.5,65.43
2024-01-09 02:00:00,1.346,0.696,2.504,5.838,10.384,0.638,0.638,9.746,5.5,53.6
2024-01-09 03:00:00,1.752,1.724,3.198,5.775,12.449,0.0,0.0,12.449,5.5,68.47
2024-01-09 04:00:00,1.831,2.426,3.737,6.024,14.019,0.0,0.0,14.019,5.5,77.1
2024-01-09 05:00:00,2.732,1.748,4.057,6.01,14.548,0.569,0.569,13.979,5.5,76.88
2024-01-09 06:00:00,3.42,3.532,5.532,5.918,18.402,0.0,0.0,18.402,9.5,174.82
2024-01-09 07:00:00,3.88,2.802,6.169,6.124,18.974,1.842,1.842,17.133,9.5,162.76
2024-01-09 08:00:00,5.211,6.201,6.727,5.721,23.86,4.318,4.318,19.542,9.5,185.65
2024-01-09 09:00:00,6.153,6.591,8.921,5.92,27.584,5.627,5.627,21.957,9.5,208.59
2024-01-09 10:00:00,7.113,7.822,9.016,5.927,29.877,6.767,6.767,23.11,5.5,127.11
2024-01-09 11:00:00,7.75,9.774,9.395,5.755,32.674,7.722,7.722,24.953,5.5,137.24
2024-01-09 12:00:00,7.441,12.137,10.427,6.224,36.229,7.737,7.737,28.492,5.5,156.71
2024-01-09 13:00:00,7.719,12.025,10.737,5.796,36.277,7.359,7.359,28.918,5.5,159.05
2024-01-09 14:00:00,8.009,12.249,9.803,5.912,35.972,6.837,6.837,29.135,5.5,160.24
2024-01-09 15:00:00,7.588,12.316,9.595,6.136,35.635,5.307,5.307,30.328,5.5,166.81
2024-01-09 16:00:00,6.942,10.548,8.43,6.097,32.017,3.97,3.97,28.047,5.5,154.26
2024-01-09 17:00:00,7.14,11.47,7.966,5.834,32.41,2.16,2.16,30.25,5.5,166.38
2024-01-09 18:00:00,5.275,7.846,7.043,6.102,26.267,0.256,0.256,26.011,9.5,247.1
2024-01-09 19:00:00,4.563,7.245,6.262,6.043,24.113,0.338,0.338,23.775,9.5,225.86
2024-01-09 20:00:00,3.688,5.207,5.415,6.35,20.66,0.0,0.0,20.66,9.5,196.27
2024-01-09 21:00:00,2.882,2.998,4.675,6.061,16.616,0.15,0.15,16.466,9.5,156.43
2024-01-09 22:00:00,2.002,2.845,3.823,5.979,14.649,0.148,0.148,14.501,5.5,79.76
2024-01-09 23:00:00,1.864,2.832,2.643,5.872,13.211,0.098,0.098,13.112,5.5,72.12
2024-01-10 00:00:00,0.659,1.163,1.645,5.888,9.355,0.0,0.0,9.355,5.5,51.45
2024-01-10 01:00:00,0.982,2.302,2.068,5.876,11.228,0.0,0.0,11.228,5.5,61.76
2024-01-10 02:00:00,1.149,2.235,2.537,6.206,12.127,0.151,0.151,11.976,5.5,65.87
2024-01-10 03:00:00,1.661,2.288,3.548,6.003,13.499,0.0,0.0,13.499,5.5,74.25
2024-01-10 04:00:00,2.791,1.43,3.263,6.085,13.569,0.0,0.0,13.569,5.5,74.63
2024-01-10 05:00:00,2.126,1.347,4.308,6.227,14.009,0.0,0.0,14.009,5.5,77.05
2024-01-10 06:00:00,3.608,2.367,5.663,5.646,17.284,0.0,0.0,17.284,9.5,164.2
2024-01-10 07:00:00,3.739,3.953,6.068,6.192,19.952,1.855,1.855,18.097,9.5,171.93
2024-01-10 08:00:00,4.962,5.49,7.307,6.008,23.768,4.42,4.42,19.347,9.5,183.8
2024-01-10 09:00:00,6.311,4.861,7.969,6.065,25.206,5.993,5.993,19.213,9.5,182.53
2024-01-10 10:00:00,6.807,8.316,8.928,5.876,29.926,6.92,6.92,23.006,5.5,126.53
2024-01-10 11:00:00,7.111,10.169,9.365,5.887,32.531,8.123,8.123,24.408,5.5,134.24
2024-01-10 12:00:00,7.64,11.3,10.127,6.073,35.141,8.449,8.449,26.692,5.5,146.81
2024-01-10 13:00:00,8.204,13.561,9.382,6.358,37.505,7.856,7.856,29.649,5.5,163.07
2024-01-10 14:00:00,7.635,13.223,9.715,6.15,36.724,6.671,6.671,30.052,5.5,165.29
2024-01-10 15:00:00,7.499,13.577,9.575,6.19,36.84,5.724,5.724,31.117,5.5,171.14
2024-01-10 16:00:00,6.801,11.35,9.039,5.971,33.161,4.062,4.062,29.099,5.5,160.04
2024-01-10 17:00:00,5.789,10.792,8.622,5.91,31.113,1.748,1.748,29.365,5.5,161.51
2024-01-10 18:00:00,5.747,9.63,6.966,5.883,28.227,0.11,0.11,28.117,9.5,267.11
2024-01-10 19:00:00,4.413,7.647,6.78,5.927,24.767,0.084,0.084,24.683,9.5,234.48
2024-01-10 20:00:00,2.795,4.18,5.018,5.692,17.685,0.134,0.134,17.551,9.5,166.73
2024-01-10 21:00:00,2.742,3.594,4.983,5.891,17.21,0.084,0.084,17.126,9.5,162.7
2024-01-10 22:00:00,1.898,2.582,4.055,5.916,14.451,0.219,0.219,14.232,5.5,78.28
2024-01-10 23:00:00,1.892,2.603,2.762,5.974,13.23,0.0,0.0,13.23,5.5,72.77
2024-01-11 00:00:00,0.653,1.867,2.143,6.02,10.683,0.061,0.061,10.622,5.5,58.42
2024-01-11 01:00:00,1.019,0.68,2.266,6.054,10.02,0.0,0.0,10.02,5.5,55.11
2024-01-11 02:00:00,1.446,1.476,2.901,5.998,11.82,0.0,0.0,11.82,5.5,65.01
2024-01-11 03:00:00,1.896,0.5,3.038,5.913,11.347,0.401,0.401,10.946,5.5,60.2
2024-01-11 04:00:00,1.736,2.957,3.605,5.705,14.004,0.0,0.0,14.004,5.5,77.02
2024-01-11 05:00:00,2.586,1.808,4.999,5.914,15.306,0.263,0.263,15.043,5.5,82.74
2024-01-11 06:00:00,3.26,2.911,5.242,5.854,17.267,0.0,0.0,17.267,9.5,164.04
2024-01-11 07:00:00,4.026,3.56,6.519,6.07,20.175,1.131,1.131,19.044,9.5,180.91
2024-01-11 08:00:00,5.634,5.985,7.033,6.136,24.788,2.699,2.699,22.089,9.5,209.85
2024-01-11 09:00:00,6.106,4.347,8.691,6.141,25.285,3.259,3.259,22.027,9.5,209.25
2024-01-11 10:00:00,6.409,8.334,8.554,6.114,29.41,4.294,4.294,25.116,5.5,138.14
2024-01-11 11:00:00,7.709,9.987,9.211,5.98,32.887,4.808,4.808,28.08,5.5,154.44
2024-01-11 12:00:00,8.491,11.194,10.47,5.922,36.077,5.174,5.174,30.902,5.5,169.96
2024-01-11 13:00:00,8.31,13.946,9.822,5.888,37.966,4.821,4.821,33.145,5.5,182.3
2024-01-11 14:00:00,7.398,12.213,10.501,5.774,35.887,5.019,5.019,30.868,5.5,169.77
2024-01-11 15:00:00,7.289,13.183,9.813,6.149,36.433,4.245,4.245,32.188,5.5,177.04
2024-01-11 16:00:00,7.168,11.842,8.763,5.974,33.746,2.014,2.014,31.732,5.5,174.53
2024-01-11 17:00:00,5.772,11.081,7.299,5.813,29.966,1.52,1.52,28.446,5.5,156.45
2024-01-11 18:00:00,5.237,7.813,7.115,5.876,26.041,0.258,0.258,25.784,9.5,244.95
2024-01-11 19:00:00,4.455,6.031,6.229,5.87,22.585,0.163,0.163,22.422,9.5,213.01
2024-01-11 20:00:00,3.124,5.945,5.748,6.006,20.824,0.0,0.0,20.824,9.5,197.83
2024-01-11 21:00:00,2.668,4.148,5.087,6.16,18.063,0.0,0.0,18.063,9.5,171.6
2024-01-11 22:00:00,1.124,1.63,3.454,5.948,12.157,0.0,0.0,12.157,5.5,66.86
2024-01-11 23:00:00,1.329,1.786,3.448,5.662,12.225,0.0,0.0,12.225,5.5,67.24
2024-01-12 00:00:00,0.815,1.631,2.326,5.972,10.744,0.0,0.0,10.744,5.5,59.09
2024-01-12 01:00:00,0.679,2.026,2.716,5.977,11.397,0.0,0.0,11.397,5.5,62.68
2024-01-12 02:00:00,1.784,0.883,2.85,5.966,11.483,0.0,0.0,11.483,5.5,63.16
2024-01-12 03:00:00,1.207,0.5,2.351,5.906,9.964,0.0,0.0,9.964,5.5,54.8
2024-01-12 04:00:00,1.965,2.227,3.666,6.033,13.891,0.0,0.0,13.891,5.5,76.4
2024-01-12 05:00:00,2.726,1.248,3.989,6.01,13.973,0.062,0.062,13.911,5.5,76.51
2024-01-12 06:00:00,3.835,1.261,5.201,5.996,16.293,0.0,0.0,16.293,9.5,154.78
2024-01-12 07:00:00,3.792,1.554,6.58,6.062,17.987,2.045,2.045,15.942,9.5,151.45
2024-01-12 08:00:00,5.453,5.735,7.245,5.936,24.369,4.107,4.107,20.261,9.5,192.48
2024-01-12 09:00:00,5.988,6.741,8.484,5.927,27.139,5.827,5.827,21.312,9.5,202.47
2024-01-12 10:00:00,6.493,8.192,8.962,6.207,29.854,5.794,5.794,24.06,5.5,132.33
2024-01-12 11:00:00,7.573,11.214,8.937,6.084,33.808,7.058,7.058,26.75,5.5,147.12
2024-01-12 12:00:00,7.914,12.102,8.852,6.124,34.992,7.475,7.475,27.517,5.5,151.35
2024-01-12 13:00:00,7.82,13.897,10.06,6.184,37.96,7.446,7.446,30.514,5.5,167.83
2024-01-12 14:00:00,7.875,11.849,9.775,6.079,35.578,6.057,6.057,29.521,5.5,162.36
2024-01-12 15:00:00,7.319,12.576,9.065,6.139,35.1,5.055,5.055,30.044,5.5,165.24
2024-01-12 16:00:00,6.822,10.299,8.145,5.763,31.028,3.822,3.822,27.206,5.5,149.63
2024-01-12 17:00:00,6.183,9.919,7.731,6.031,29.864,1.984,1.984,27.88,5.5,153.34
2024-01-12 18:00:00,5.58,8.174,7.045,5.973,26.771,0.113,0.113,26.658,9.5,253.25
2024-01-12 19:00:00,3.851,7.139,6.454,6.252,23.696,0.133,0.133,23.563,9.5,223.85
2024-01-12 20:00:00,4.042,5.12,5.357,6.139,20.659,0.102,0.102,20.557,9.5,195.29
2024-01-12 21:00:00,2.101,4.318,5.094,5.905,17.419,0.058,0.058,17.361,9.5,164.93
2024-01-12 22:00:00,2.051,3.438,3.314,6.056,14.859,0.017,0.017,14.842,5.5,81.63
2024-01-12 23:00:00,1.813,3.948,3.48,6.025,15.266,0.199,0.199,15.067,5.5,82.87
2024-01-13 00:00:00,0.396,0.5,1.029,6.068,7.993,0.0,0.0,7.993,5.5,43.96
2024-01-13 01:00:00,0.2,0.5,1.421,5.847,7.968,0.463,0.463,7.505,5.5,41.28
2024-01-13 02:00:00,0.391,0.769,1.151,6.054,8.364,0.0,0.0,8.364,5.5,46.0
2024-01-13 03:00:00,0.425,0.5,1.993,5.966,8.883,0.0,0.0,8.883,5.5,48.86
2024-01-13 04:00:00,0.557,1.911,1.982,6.042,10.493,0.0,0.0,10.493,5.5,57.71
2024-01-13 05:00:00,1.195,0.666,1.954,5.891,9.706,0.202,0.202,9.505,5.5,52.28
2024-01-13 06:00:00,1.298,0.701,2.636,5.912,10.547,0.0,0.0,10.547,9.5,100.2
2024-01-13 07:00:00,1.27,1.156,2.998,6.176,11.6,1.947,1.947,9.653,9.5,91.7
2024-01-13 08:00:00,2.056,2.615,3.757,5.842,14.27,4.016,4.016,10.255,9.5,97.42
2024-01-13 09:00:00,2.187,2.537,3.54,5.853,14.118,5.641,5.641,8.477,9.5,80.53
2024-01-13 10:00:00,2.62,2.846,4.401,5.992,15.859,6.335,6.335,9.524,5.5,52.38
2024-01-13 11:00:00,2.791,5.386,4.886,5.884,18.948,7.208,7.208,11.739,5.5,64.57
2024-01-13 12:00:00,2.5,3.967,4.944,5.867,17.278,7.371,7.371,9.907,5.5,54.49
2024-01-13 13:00:00,2.632,5.086,5.539,6.016,19.273,7.181,7.181,12.092,5.5,66.51
2024-01-13 14:00:00,2.973,5.724,5.24,5.774,19.711,6.234,6.234,13.477,5.5,74.12
2024-01-13 15:00:00,2.785,3.753,4.725,5.849,17.112,5.076,5.076,12.035,5.5,66.19
2024-01-13 16:00:00,2.369,5.036,4.499,6.308,18.213,3.908,3.908,14.304,5.5,78.67
2024-01-13 17:00:00,2.13,3.21,4.131,6.069,15.539,1.995,1.995,13.544,5.5,74.49
2024-01-13 18:00:00,2.17,4.018,3.723,5.888,15.798,0.147,0.147,15.651,9.5,148.68
2024-01-13 19:00:00,1.3,1.893,2.364,6.063,11.62,0.064,0.064,11.556,9.5,109.78
2024-01-13 20:00:00,1.355,2.594,2.52,6.085,12.555,0.211,0.211,12.343,9.5,117.26
2024-01-13 21:00:00,0.88,2.417,1.632,6.149,11.078,0.263,0.263,10.814,9.5,102.74
2024-01-13 22:00:00,0.668,1.843,2.375,5.981,10.868,0.0,0.0,10.868,5.5,59.77
2024-01-13 23:00:00,0.902,1.094,1.54,6.146,9.682,0.0,0.0,9.682,5.5,53.25
2024-01-14 00:00:00,0.559,0.5,0.933,5.694,7.686,0.0,0.0,7.686,5.5,42.28
2024-01-14 01:00:00,0.613,0.5,1.502,5.842,8.456,0.0,0.0,8.456,5.5,46.51
2024-01-14 02:00:00,0.845,1.751,1.494,6.025,10.114,0.0,0.0,10.114,5.5,55.63
2024-01-14 03:00:00,0.579,0.5,1.112,6.049,8.241,0.274,0.274,7.967,5.5,43.82
2024-01-14 04:00:00,0.938,0.5,1.836,5.863,9.137,0.594,0.594,8.543,5.5,46.99
2024-01-14 05:00:00,0.847,1.428,2.092,6.039,10.405,0.056,0.056,10.35,5.5,56.92
2024-01-14 06:00:00,1.288,0.521,1.943,5.906,9.658,0.025,0.025,9.633,9.5,91.51
2024-01-14 07:00:00,1.439,0.778,2.818,5.958,10.993,2.415,2.415,8.578,9.5,81.49
2024-01-14 08:00:00,1.816,0.892,3.488,6.154,12.349,3.613,3.613,8.736,9.5,82.99
2024-01-14 09:00:00,2.273,2.286,3.966,6.136,14.662,5.91,5.91,8.752,9.5,83.15
2024-01-14 10:00:00,2.13,3.305,3.82,5.85,15.105,7.521,7.521,7.584,5.5,41.71
2024-01-14 11:00:00,3.23,4.262,5.189,5.841,18.522,7.868,7.868,10.654,5.5,58.6
2024-01-14 12:00:00,2.447,5.428,4.889,5.938,18.703,7.977,7.977,10.726,5.5,58.99
2024-01-14 13:00:00,2.436,5.496,5.015,5.996,18.943,8.005,8.005,10.938,5.5,60.16
2024-01-14 14:00:00,3.096,5.066,5.091,5.901,19.155,7.209,7.209,11.946,5.5,65.7
2024-01-14 15:00:00,2.839,4.916,4.413,6.156,18.324,5.628,5.628,12.696,5.5,69.83
2024-01-14 16:00:00,2.563,5.075,4.595,6.052,18.285,4.802,4.802,13.484,5.5,74.16
2024-01-14 17:00:00,2.283,5.086,3.866,6.061,17.295,2.016,2.016,15.279,5.5,84.03
2024-01-14 18:00:00,1.783,3.472,3.203,5.81,14.267,0.0,0.0,14.267,9.5,135.54
2024-01-14 19:00:00,1.209,2.297,3.323,6.175,13.004,0.0,0.0,13.004,9.5,123.54
2024-01-14 20:00:00,1.214,1.253,3.237,5.577,11.281,0.272,0.272,11.008,9.5,104.58
2024-01-14 21:00:00,0.737,0.5,2.516,6.125,9.878,0.005,0.005,9.872,9.5,93.79
2024-01-14 22:00:00,1.026,1.691,2.233,6.14,11.09,0.146,0.146,10.945,5.5,60.2
2024-01-14 23:00:00,0.529,1.358,1.356,5.935,9.177,0.0,0.0,9.177,5.5,50.47
2024-01-15 00:00:00,0.643,1.797,1.381,6.191,10.012,0.446,0.446,9.566,5.5,52.61
2024-01-15 01:00:00,0.957,1.266,2.883,5.991,11.096,0.169,0.169,10.928,5.5,60.1
2024-01-15 02:00:00,1.418,2.566,3.472,6.009,13.466,0.314,0.314,13.151,5.5,72.33
2024-01-15 03:00:00,1.467,1.191,3.745,6.051,12.453,0.11,0.11,12.344,5.5,67.89
2024-01-15 04:00:00,1.85,2.591,3.594,6.478,14.513,0.247,0.247,14.266,5.5,78.46
2024-01-15 05:00:00,2.759,2.216,3.989,6.202,15.166,0.0,0.0,15.166,5.5,83.41
2024-01-15 06:00:00,3.476,2.417,4.855,6.105,16.854,0.0,0.0,16.854,9.5,160.11
2024-01-15 07:00:00,4.07,4.332,5.515,5.863,19.78,1.959,1.959,17.821,9.5,169.3
2024-01-15 08:00:00,4.963,5.462,7.08,6.022,23.527,3.472,3.472,20.055,9.5,190.52
2024-01-15 09:00:00,6.054,6.99,8.667,5.878,27.589,3.904,3.904,23.684,9.5,225.0
2024-01-15 10:00:00,6.353,8.521,8.768,6.123,29.766,5.278,5.278,24.488,5.5,134.68
2024-01-15 11:00:00,7.012,10.173,9.577,6.021,32.784,5.674,5.674,27.109,5.5,149.1
2024-01-15 12:00:00,7.639,13.619,10.411,5.831,37.5,5.799,5.799,31.701,5.5,174.35
2024-01-15 13:00:00,7.936,13.677,9.838,6.012,37.464,5.889,5.889,31.575,5.5,173.66
2024-01-15 14:00:00,7.948,13.671,10.675,5.873,38.166,5.546,5.546,32.62,5.5,179.41
2024-01-15 15:00:00,7.877,12.819,10.253,6.023,36.972,4.384,4.384,32.588,5.5,179.23
2024-01-15 16:00:00,7.045,12.514,8.773,5.871,34.202,2.908,2.908,31.294,5.5,172.12
2024-01-15 17:00:00,5.936,10.618,7.794,6.004,30.352,1.709,1.709,28.643,5.5,157.54
2024-01-15 18:00:00,5.098,8.477,7.402,6.113,27.09,0.0,0.0,27.09,9.5,257.35
2024-01-15 19:00:00,3.922,6.461,6.049,5.992,22.424,0.124,0.124,22.3,9.5,211.85
2024-01-15 20:00:00,3.397,5.07,4.819,5.941,19.227,0.419,0.419,18.808,9.5,178.68
2024-01-15 21:00:00,2.6,1.321,4.964,6.03,14.915,0.0,0.0,14.915,9.5,141.69
2024-01-15 22:00:00,2.193,3.072,4.215,6.105,15.585,0.239,0.239,15.346,5.5,84.4
2024-01-15 23:00:00,1.388,1.856,3.19,5.834,12.268,0.0,0.0,12.268,5.5,67.47
2024-01-16 00:00:00,1.046,2.614,1.515,6.039,11.215,0.368,0.368,10.846,5.5,59.65
2024-01-16 01:00:00,1.513,1.39,1.795,6.198,10.895,0.0,0.0,10.895,5.5,59.92
2024-01-16 02:00:00,1.262,0.5,2.693,6.086,10.541,0.0,0.0,10.541,5.5,57.98
2024-01-16 03:00:00,1.757,1.544,2.928,6.009,12.237,0.209,0.209,12.028,5.5,66.15
2024-01-16 04:00:00,2.304,0.997,3.592,6.096,12.988,0.109,0.109,12.879,5.5,70.83
2024-01-16 05:00:00,2.566,2.633,4.86,6.068,16.127,0.0,0.0,16.127,5.5,88.7
2024-01-16 06:00:00,3.47,3.147,5.575,6.113,18.304,0.0,0.0,18.304,9.5,173.89
2024-01-16 07:00:00,4.226,4.638,6.739,5.696,21.3,1.943,1.943,19.356,9.5,183.89
2024-01-16 08:00:00,5.133,4.52,6.727,5.767,22.147,3.501,3.501,18.646,9.5,177.14
2024-01-16 09:00:00,5.753,6.755,7.887,6.151,26.546,5.144,5.144,21.402,9.5,203.32
2024-01-16 10:00:00,6.795,7.394,9.129,5.774,29.092,6.725,6.725,22.367,5.5,123.02
2024-01-16 11:00:00,7.584,10.801,9.635,6.06,34.08,7.172,7.172,26.908,5.5,147.99
2024-01-16 12:00:00,8.29,12.165,10.474,5.947,36.875,7.853,7.853,29.022,5.5,159.62
2024-01-16 13:00:00,8.288,13.172,10.168,5.851,37.478,7.909,7.909,29.569,5.5,162.63
2024-01-16 14:00:00,8.5,13.14,10.6,6.052,38.293,6.646,6.646,31.647,5.5,174.06
2024-01-16 15:00:00,7.204,13.107,9.672,6.03,36.013,5.502,5.502,30.512,5.5,167.81
2024-01-16 16:00:00,7.049,13.033,9.25,6.317,35.649,4.468,4.468,31.181,5.5,171.49
2024-01-16 17:00:00,6.039,10.012,7.895,5.906,29.853,1.643,1.643,28.21,5.5,155.15
2024-01-16 18:00:00,5.761,8.597,7.129,6.216,27.703,0.357,0.357,27.345,9.5,259.78
2024-01-16 19:00:00,3.98,5.859,6.552,6.053,22.444,0.321,0.321,22.123,9.5,210.17
2024-01-16 20:00:00,3.15,4.458,5.927,5.901,19.436,0.256,0.256,19.18,9.5,182.21
2024-01-16 21:00:00,2.507,3.95,4.743,6.12,17.319,0.388,0.388,16.931,9.5,160.85
2024-01-16 22:00:00,1.459,3.797,3.695,6.085,15.037,0.084,0.084,14.952,5.5,82.24
2024-01-16 23:00:00,1.478,2.05,3.679,6.005,13.212,0.0,0.0,13.212,5.5,72.67
2024-01-17 00:00:00,0.663,1.156,1.144,6.04,9.002,0.328,0.328,8.674,5.5,47.71
2024-01-17 01:00:00,1.098,1.054,1.718,5.91,9.78,0.34,0.34,9.44,5.5,51.92
2024-01-17 02:00:00,1.397,1.023,2.923,5.876,11.219,0.332,0.332,10.887,5.5,59.88
2024-01-17 03:00:00,2.199,1.825,3.133,6.114,13.271,0.013,0.013,13.258,5.5,72.92
2024-01-17 04:00:00,2.382,0.642,3.97,5.966,12.961,0.0,0.0,12.961,5.5,71.29
2024-01-17 05:00:00,2.513,3.288,4.477,5.988,16.266,0.057,0.057,16.209,5.5,89.15
2024-01-17 06:00:00,3.133,2.393,5.51,6.042,17.077,0.283,0.283,16.795,9.5,159.55
2024-01-17 07:00:00,4.37,4.463,5.862,6.04,20.735,1.701,1.701,19.034,9.5,180.82
2024-01-17 08:00:00,4.708,4.156,7.351,5.786,22.001,2.564,2.564,19.437,9.5,184.65
2024-01-17 09:00:00,6.534,7.288,8.423,6.193,28.437,3.902,3.902,24.535,9.5,233.08
2024-01-17 10:00:00,7.141,9.055,9.313,6.018,31.528,4.271,4.271,27.257,5.5,149.91
2024-01-17 11:00:00,7.293,10.585,10.262,5.97,34.11,5.497,5.497,28.612,5.5,157.37
2024-01-17 12:00:00,7.34,10.997,9.958,6.065,34.36,5.15,5.15,29.21,5.5,160.66
2024-01-17 13:00:00,8.406,13.022,10.11,6.035,37.573,5.437,5.437,32.136,5.5,176.75
2024-01-17 14:00:00,7.82,12.241,9.251,6.115,35.427,4.319,4.319,31.108,5.5,171.1
2024-01-17 15:00:00,7.805,12.62,9.244,6.081,35.75,4.117,4.117,31.632,5.5,173.98
2024-01-17 16:00:00,6.309,12.616,8.748,6.108,33.781,2.789,2.789,30.992,5.5,170.46
2024-01-17 17:00:00,5.805,10.915,8.445,6.203,31.367,1.159,1.159,30.208,5.5,166.14
2024-01-17 18:00:00,5.106,8.53,6.878,6.133,26.646,0.207,0.207,26.439,9.5,251.17
2024-01-17 19:00:00,4.237,5.973,6.507,5.976,22.692,0.0,0.0,22.692,9.5,215.57
2024-01-17 20:00:00,3.267,5.688,5.281,5.832,20.068,0.225,0.225,19.843,9.5,188.51
2024-01-17 21:00:00,2.873,3.901,4.38,6.25,17.405,0.0,0.0,17.405,9.5,165.34
2024-01-17 22:00:00,1.776,1.069,3.828,5.964,12.637,0.0,0.0,12.637,5.5,69.5
2024-01-17 23:00:00,1.593,2.889,2.971,5.929,13.383,0.0,0.0,13.383,5.5,73.61
2024-01-18 00:00:00,0.927,1.33,1.849,5.739,9.845,0.0,0.0,9.845,5.5,54.15
2024-01-18 01:00:00,1.207,2.346,1.605,6.051,11.209,0.41,0.41,10.799,5.5,59.39
2024-01-18 02:00:00,1.508,0.58,2.551,6.022,10.661,0.27,0.27,10.391,5.5,57.15
2024-01-18 03:00:00,1.299,0.5,2.936,5.773,10.507,0.487,0.487,10.02,5.5,55.11
2024-01-18 04:00:00,1.636,2.07,3.522,6.068,13.297,0.496,0.496,12.801,5.5,70.4
2024-01-18 05:00:00,3.07,2.505,4.618,5.925,16.118,0.0,0.0,16.118,5.5,88.65
2024-01-18 06:00:00,3.502,1.583,5.545,6.404,17.034,0.0,0.0,17.034,9.5,161.82
2024-01-18 07:00:00,3.998,3.117,6.281,5.915,19.311,1.798,1.798,17.513,9.5,166.37
2024-01-18 08:00:00,5.569,7.396,7.521,5.935,26.421,3.51,3.51,22.911,9.5,217.65
2024-01-18 09:00:00,6.019,6.534,8.255,5.869,26.677,4.697,4.697,21.98,9.5,208.81
2024-01-18 10:00:00,7.141,9.134,8.707,6.192,31.175,6.424,6.424,24.75,5.5,136.13
2024-01-18 11:00:00,7.454,9.796,9.271,5.944,32.465,6.785,6.785,25.681,5.5,141.24
2024-01-18 12:00:00,8.472,10.165,9.986,5.891,34.515,7.413,7.413,27.102,5.5,149.06
2024-01-18 13:00:00,8.527,12.734,10.23,6.106,37.597,7.805,7.805,29.792,5.5,163.85
2024-01-18 14:00:00,7.78,13.025,10.42,5.793,37.017,6.276,6.276,30.741,5.5,169.08
2024-01-18 15:00:00,7.726,12.551,9.933,6.094,36.303,5.308,5.308,30.995,5.5,170.47
2024-01-18 16:00:00,6.981,11.746,8.609,6.267,33.603,3.984,3.984,29.619,5.5,162.9
2024-01-18 17:00:00,6.395,10.528,7.984,6.085,30.992,2.005,2.005,28.987,5.5,159.43
2024-01-18 18:00:00,4.815,8.43,7.391,6.096,26.731,0.088,0.088,26.643,9.5,253.11
2024-01-18 19:00:00,4.428,5.767,6.615,6.131,22.941,0.0,0.0,22.941,9.5,217.94
2024-01-18 20:00:00,3.72,5.58,5.657,6.256,21.214,0.0,0.0,21.214,9.5,201.53
2024-01-18 21:00:00,2.159,2.341,4.426,6.181,15.107,0.0,0.0,15.107,9.5,143.51
2024-01-18 22:00:00,1.742,1.296,3.227,6.066,12.33,0.254,0.254,12.076,5.5,66.42
2024-01-18 23:00:00,1.024,2.863,2.728,6.136,12.751,0.0,0.0,12.751,5.5,70.13
2024-01-19 00:00:00,0.81,1.761,2.129,5.867,10.567,0.291,0.291,10.276,5.5,56.52
2024-01-19 01:00:00,1.268,1.344,2.423,6.116,11.152,0.0,0.0,11.152,5.5,61.34
2024-01-19 02:00:00,1.745,0.5,2.211,5.849,10.305,0.289,0.289,10.016,5.5,55.09
2024-01-19 03:00:00,1.658,1.035,3.146,5.945,11.784,0.0,0.0,11.784,5.5,64.81
2024-01-19 04:00:00,2.585,1.644,3.981,5.538,13.748,0.0,0.0,13.748,5.5,75.61
2024-01-19 05:00:00,2.272,1.004,3.991,6.06,13.327,0.174,0.174,13.153,5.5,72.34
2024-01-19 06:00:00,2.891,2.356,5.724,5.903,16.875,0.279,0.279,16.596,9.5,157.66
2024-01-19 07:00:00,4.206,4.437,6.037,6.167,20.847,1.547,1.547,19.3,9.5,183.35
2024-01-19 08:00:00,5.219,6.354,7.626,6.059,25.257,3.458,3.458,21.799,9.5,207.09
2024-01-19 09:00:00,5.975,6.469,7.811,6.169,26.424,3.899,3.899,22.525,9.5,213.98
2024-01-19 10:00:00,6.167,9.188,8.414,5.837,29.607,5.218,5.218,24.389,5.5,134.14
2024-01-19 11:00:00,7.407,8.825,9.273,6.156,31.661,6.65,6.65,25.011,5.5,137.56
2024-01-19 12:00:00,7.463,12.411,9.823,6.316,36.012,6.416,6.416,29.596,5.5,162.78
2024-01-19 13:00:00,8.201,12.278,9.845,6.115,36.438,5.704,5.704,30.734,5.5,169.04
2024-01-19 14:00:00,7.964,13.535,9.774,6.119,37.392,5.405,5.405,31.987,5.5,175.93
2024-01-19 15:00:00,7.152,12.723,9.59,6.025,35.49,4.307,4.307,31.183,5.5,171.5
2024-01-19 16:00:00,6.633,12.94,8.757,5.921,34.251,3.192,3.192,31.059,5.5,170.83
2024-01-19 17:00:00,5.667,9.657,7.998,6.114,29.436,1.567,1.567,27.869,5.5,153.28
2024-01-19 18:00:00,5.085,9.085,6.439,5.774,26.383,0.054,0.054,26.33,9.5,250.13
2024-01-19 19:00:00,4.509,6.581,6.345,5.937,23.372,0.0,0.0,23.372,9.5,222.03
2024-01-19 20:00:00,3.107,5.085,5.246,5.734,19.172,0.408,0.408,18.764,9.5,178.26
2024-01-19 21:00:00,2.838,3.768,5.095,5.894,17.596,0.127,0.127,17.468,9.5,165.95
2024-01-19 22:00:00,1.937,2.271,3.352,6.096,13.657,0.137,0.137,13.52,5.5,74.36
2024-01-19 23:00:00,1.398,2.269,2.404,6.076,12.148,0.35,0.35,11.798,5.5,64.89
2024-01-20 00:00:00,0.28,0.5,1.257,6.008,8.045,0.0,0.0,8.045,5.5,44.25
2024-01-20 01:00:00,0.2,0.751,1.282,6.026,8.259,0.0,0.0,8.259,5.5,45.42
2024-01-20 02:00:00,0.287,0.655,0.922,5.717,7.581,0.362,0.362,7.218,5.5,39.7
2024-01-20 03:00:00,0.213,1.282,0.952,5.944,8.391,0.041,0.041,8.35,5.5,45.93
2024-01-20 04:00:00,1.323,1.484,2.479,5.898,11.184,0.042,0.042,11.142,5.5,61.28
2024-01-20 05:00:00,0.951,0.5,2.791,5.901,10.143,0.0,0.0,10.143,5.5,55.79
2024-01-20 06:00:00,0.981,1.879,1.646,6.09,10.595,0.0,0.0,10.595,9.5,100.66
2024-01-20 07:00:00,1.542,0.623,2.911,5.871,10.947,2.323,2.323,8.624,9.5,81.93
2024-01-20 08:00:00,1.753,2.563,4.227,5.909,14.452,4.292,4.292,10.16,9.5,96.52
2024-01-20 09:00:00,2.028,3.228,3.822,5.687,14.766,5.888,5.888,8.878,9.5,84.34
2024-01-20 10:00:00,2.56,1.918,4.216,5.956,14.65,7.161,7.161,7.489,5.5,41.19
2024-01-20 11:00:00,2.829,4.234,4.615,5.837,17.515,7.892,7.892,9.622,5.5,52.92
2024-01-20 12:00:00,2.59,4.398,4.482,6.012,17.481,8.033,8.033,9.448,5.5,51.96
2024-01-20 13:00:00,2.627,4.582,4.318,5.857,17.385,7.669,7.669,9.716,5.5,53.44
2024-01-20 14:00:00,2.666,6.417,5.351,6.016,20.451,7.286,7.286,13.165,5.5,72.41
2024-01-20 15:00:00,1.911,4.666,3.991,5.978,16.547,5.54,5.54,11.006,5.5,60.53
2024-01-20 16:00:00,1.921,4.127,4.511,6.251,16.811,4.108,4.108,12.703,5.5,69.86
2024-01-20 17:00:00,2.505,4.22,4.367,6.075,17.166,1.828,1.828,15.338,5.5,84.36
2024-01-20 18:00:00,2.28,3.995,2.981,5.724,14.98,0.0,0.0,14.98,9.5,142.31
2024-01-20 19:00:00,1.403,2.619,2.724,5.81,12.557,0.0,0.0,12.557,9.5,119.29
2024-01-20 20:00:00,1.364,3.026,3.126,6.008,13.524,0.0,0.0,13.524,9.5,128.48
2024-01-20 21:00:00,1.034,1.997,2.439,5.861,11.33,0.239,0.239,11.091,9.5,105.36
2024-01-20 22:00:00,1.657,0.5,1.617,5.555,9.329,0.0,0.0,9.329,5.5,51.31
2024-01-20 23:00:00,0.908,0.5,2.045,6.202,9.656,0.03,0.03,9.626,5.5,52.94
2024-01-21 00:00:00,0.273,0.5,1.493,6.108,8.374,0.04,0.04,8.334,5.5,45.84
2024-01-21 01:00:00,0.2,0.944,1.251,6.078,8.473,0.0,0.0,8.473,5.5,46.6
2024-01-21 02:00:00,0.2,0.5,0.965,5.909,7.574,0.0,0.0,7.574,5.5,41.66
2024-01-21 03:00:00,0.634,2.685,1.398,6.064,10.781,0.077,0.077,10.705,5.5,58.88
2024-01-21 04:00:00,0.507,1.173,1.979,5.894,9.552,0.129,0.129,9.424,5.5,51.83
2024-01-21 05:00:00,0.514,1.039,2.15,6.031,9.733,0.0,0.0,9.733,5.5,53.53
2024-01-21 06:00:00,0.997,2.134,3.016,5.862,12.009,0.203,0.203,11.806,9.5,112.16
2024-01-21 07:00:00,1.153,3.454,2.482,6.227,13.317,2.135,2.135,11.182,9.5,106.23
2024-01-21 08:00:00,2.293,2.798,2.964,5.764,13.819,4.192,4.192,9.627,9.5,91.45
2024-01-21 09:00:00,2.359,3.503,4.085,6.185,16.132,5.998,5.998,10.133,9.5,96.27
2024-01-21 10:00:00,2.373,3.566,4.216,6.006,16.161,7.532,7.532,8.628,5.5,47.46
2024-01-21 11:00:00,3.046,4.063,4.477,5.927,17.513,7.888,7.888,9.625,5.5,52.94
2024-01-21 12:00:00,2.772,4.411,4.223,6.025,17.432,8.23,8.23,9.201,5.5,50.61
2024-01-21 13:00:00,2.542,4.549,5.008,6.11,18.209,7.89,7.89,10.319,5.5,56.75
2024-01-21 14:00:00,3.206,4.809,4.909,6.205,19.129,7.154,7.154,11.975,5.5,65.86
2024-01-21 15:00:00,2.764,4.13,4.989,6.047,17.93,6.351,6.351,11.579,5.5,63.69
2024-01-21 16:00:00,2.064,4.731,4.44,5.866,17.102,4.36,4.36,12.742,5.5,70.08
2024-01-21 17:00:00,2.037,2.829,3.959,6.008,14.834,1.829,1.829,13.005,5.5,71.53
2024-01-21 18:00:00,1.524,3.614,4.032,6.273,15.442,0.0,0.0,15.442,9.5,146.7
2024-01-21 19:00:00,1.063,2.715,2.569,6.202,12.549,0.112,0.112,12.437,9.5,118.15
2024-01-21 20:00:00,1.469,2.219,2.855,6.136,12.679,0.0,0.0,12.679,9.5,120.45
2024-01-21 21:00:00,1.513,1.161,1.557,6.119,10.351,0.0,0.0,10.351,9.5,98.33
2024-01-21 22:00:00,0.314,3.65,1.529,6.105,11.598,0.403,0.403,11.194,5.5,61.57
2024-01-21 23:00:00,0.742,2.008,1.079,6.174,10.002,0.0,0.0,10.002,5.5,55.01
2024-01-22 00:00:00,0.695,0.5,2.333,5.932,9.46,0.286,0.286,9.174,5.5,50.45
2024-01-22 01:00:00,0.907,1.593,2.26,5.797,10.557,0.377,0.377,10.181,5.5,55.99
2024-01-22 02:00:00,1.117,0.993,2.645,6.01,10.765,0.0,0.0,10.765,5.5,59.21
2024-01-22 03:00:00,1.377,0.81,2.685,5.877,10.749,0.0,0.0,10.749,5.5,59.12
2024-01-22 04:00:00,2.111,0.805,3.608,5.842,12.366,0.0,0.0,12.366,5.5,68.02
2024-01-22 05:00:00,2.437,2.654,4.146,5.892,15.129,0.0,0.0,15.129,5.5,83.21
2024-01-22 06:00:00,3.483,2.439,5.435,6.373,17.73,0.036,0.036,17.694,9.5,168.09
2024-01-22 07:00:00,4.207,4.738,5.792,6.02,20.757,1.659,1.659,19.098,9.5,181.43
2024-01-22 08:00:00,5.032,6.071,7.655,6.054,24.813,3.433,3.433,21.379,9.5,203.1
2024-01-22 09:00:00,5.712,7.988,7.355,5.817,26.871,5.121,5.121,21.75,9.5,206.62
2024-01-22 10:00:00,6.615,8.007,8.502,5.723,28.847,6.004,6.004,22.843,5.5,125.64
2024-01-22 11:00:00,7.661,10.865,10.127,5.877,34.53,6.57,6.57,27.96,5.5,153.78
2024-01-22 12:00:00,8.005,12.536,9.687,6.216,36.443,6.06,6.06,30.383,5.5,167.11
2024-01-22 13:00:00,7.707,12.701,9.474,6.05,35.932,6.556,6.556,29.376,5.5,161.57
2024-01-22 14:00:00,7.884,12.835,9.948,6.09,36.758,6.276,6.276,30.482,5.5,167.65
2024-01-22 15:00:00,7.66,14.368,9.266,6.111,37.404,3.799,3.799,33.605,5.5,184.83
2024-01-22 16:00:00,6.287,12.212,8.491,5.911,32.901,3.532,3.532,29.369,5.5,161.53
2024-01-22 17:00:00,6.147,10.993,7.586,6.208,30.935,1.673,1.673,29.262,5.5,160.94
2024-01-22 18:00:00,4.905,8.031,8.23,5.905,27.072,0.0,0.0,27.072,9.5,257.18
2024-01-22 19:00:00,4.394,5.913,6.087,6.211,22.605,0.24,0.24,22.365,9.5,212.47
2024-01-22 20:00:00,3.173,4.82,4.511,6.066,18.572,0.513,0.513,18.059,9.5,171.56
2024-01-22 21:00:00,2.145,3.865,5.049,5.732,16.79,0.233,0.233,16.557,9.5,157.29
2024-01-22 22:00:00,1.608,2.132,3.973,5.888,13.601,0.0,0.0,13.601,5.5,74.81
2024-01-22 23:00:00,1.65,2.301,2.821,5.732,12.505,0.0,0.0,12.505,5.5,68.78
2024-01-23 00:00:00,0.969,0.5,1.647,6.174,9.29,0.043,0.043,9.247,5.5,50.86
2024-01-23 01:00:00,0.782,0.517,2.556,5.996,9.851,0.262,0.262,9.589,5.5,52.74
2024-01-23 02:00:00,1.486,2.023,2.552,5.666,11.726,0.0,0.0,11.726,5.5,64.49
2024-01-23 03:00:00,1.138,2.111,2.357,6.056,11.663,0.0,0.0,11.663,5.5,64.14
2024-01-23 04:00:00,2.077,1.572,4.443,5.919,14.011,0.847,0.847,13.165,5.5,72.4
2024-01-23 05:00:00,2.323,1.504,4.278,5.777,13.882,0.324,0.324,13.559,5.5,74.57
2024-01-23 06:00:00,3.207,2.175,5.88,6.252,17.513,0.345,0.345,17.168,9.5,163.1
2024-01-23 07:00:00,4.237,3.682,6.699,6.016,20.634,1.443,1.443,19.191,9.5,182.32
2024-01-23 08:00:00,4.846,5.814,6.722,5.956,23.339,3.422,3.422,19.917,9.5,189.21
2024-01-23 09:00:00,5.869,7.661,8.438,5.94,27.908,5.162,5.162,22.746,9.5,216.09
2024-01-23 10:00:00,7.089,8.329,8.565,5.773,29.756,5.994,5.994,23.762,5.5,130.69
2024-01-23 11:00:00,7.261,9.607,8.71,5.804,31.382,7.501,7.501,23.881,5.5,131.35
2024-01-23 12:00:00,8.105,12.296,9.691,6.193,36.285,7.691,7.691,28.594,5.5,157.26
2024-01-23 13:00:00,7.661,12.478,10.159,5.929,36.227,6.86,6.86,29.367,5.5,161.52
2024-01-23 14:00:00,8.013,13.096,9.676,6.003,36.788,6.83,6.83,29.959,5.5,164.77
2024-01-23 15:00:00,7.867,14.197,9.333,5.693,37.09,5.138,5.138,31.952,5.5,175.74
2024-01-23 16:00:00,6.046,12.744,9.283,5.802,33.875,4.411,4.411,29.464,5.5,162.05
2024-01-23 17:00:00,5.745,10.656,8.067,6.091,30.56,1.925,1.925,28.636,5.5,157.5
2024-01-23 18:00:00,5.277,7.709,6.786,6.057,25.828,0.173,0.173,25.655,9.5,243.73
2024-01-23 19:00:00,4.162,7.087,6.469,6.263,23.981,0.42,0.42,23.561,9.5,223.83
2024-01-23 20:00:00,3.514,6.149,5.361,6.201,21.225,0.383,0.383,20.841,9.5,197.99
2024-01-23 21:00:00,2.505,3.68,3.443,5.965,15.593,0.153,0.153,15.44,9.5,146.68
2024-01-23 22:00:00,2.123,4.078,3.9,6.071,16.171,0.0,0.0,16.171,5.5,88.94
2024-01-23 23:00:00,1.589,3.353,3.284,5.953,14.179,0.154,0.154,14.025,5.5,77.14
2024-01-24 00:00:00,1.241,2.715,2.028,6.308,12.292,0.0,0.0,12.292,5.5,67.61
2024-01-24 01:00:00,1.129,1.663,2.643,6.172,11.608,0.046,0.046,11.563,5.5,63.6
2024-01-24 02:00:00,1.396,1.963,2.381,6.025,11.765,0.0,0.0,11.765,5.5,64.71
2024-01-24 03:00:00,1.513,2.767,3.262,6.03,13.572,0.0,0.0,13.572,5.5,74.64
2024-01-24 04:00:00,1.95,2.252,3.101,6.217,13.52,0.015,0.015,13.505,5.5,74.28
2024-01-24 05:00:00,2.557,1.928,4.614,6.087,15.185,0.379,0.379,14.807,5.5,81.44
2024-01-24 06:00:00,3.521,2.651,6.063,6.234,18.468,0.278,0.278,18.191,9.5,172.81
2024-01-24 07:00:00,4.096,4.189,5.79,5.671,19.746,1.487,1.487,18.259,9.5,173.46
2024-01-24 08:00:00,5.191,4.29,6.819,6.069,22.369,3.444,3.444,18.924,9.5,179.78
2024-01-24 09:00:00,6.607,6.834,7.741,5.923,27.105,3.959,3.959,23.145,9.5,219.88
2024-01-24 10:00:00,7.049,9.642,8.877,6.263,31.831,4.483,4.483,27.349,5.5,150.42
2024-01-24 11:00:00,7.336,8.823,9.031,6.232,31.422,4.987,4.987,26.436,5.5,145.4
2024-01-24 12:00:00,8.215,13.363,10.029,6.005,37.611,5.486,5.486,32.125,5.5,176.69
2024-01-24 13:00:00,7.878,14.092,10.339,6.23,38.539,5.886,5.886,32.653,5.5,179.59
2024-01-24 14:00:00,7.243,13.202,10.074,6.267,36.787,4.867,4.867,31.92,5.5,175.56
2024-01-24 15:00:00,7.132,13.629,8.749,6.011,35.521,4.268,4.268,31.253,5.5,171.89
2024-01-24 16:00:00,6.226,12.138,9.223,6.371,33.958,3.414,3.414,30.544,5.5,167.99
2024-01-24 17:00:00,5.879,11.56,8.4,5.995,31.834,1.182,1.182,30.652,5.5,168.59
2024-01-24 18:00:00,5.11,9.551,7.455,5.968,28.083,0.144,0.144,27.94,9.5,265.43
2024-01-24 19:00:00,4.725,5.829,6.337,6.13,23.021,0.162,0.162,22.859,9.5,217.16
2024-01-24 20:00:00,3.5,5.792,5.37,5.947,20.609,0.0,0.0,20.609,9.5,195.78
2024-01-24 21:00:00,2.621,3.834,4.864,6.013,17.331,0.406,0.406,16.925,9.5,160.79
2024-01-24 22:00:00,2.345,3.076,4.498,6.211,16.131,0.0,0.0,16.131,5.5,88.72
2024-01-24 23:00:00,0.973,1.746,2.746,6.003,11.468,0.0,0.0,11.468,5.5,63.08
2024-01-25 00:00:00,0.961,2.788,2.452,5.746,11.947,0.633,0.633,11.314,5.5,62.22
2024-01-25 01:00:00,1.284,2.258,2.252,6.055,11.849,0.157,0.157,11.692,5.5,64.31
2024-01-25 02:00:00,0.851,0.908,2.598,5.896,10.253,0.278,0.278,9.975,5.5,54.86
2024-01-25 03:00:00,1.979,0.575,2.513,6.13,11.197,0.406,0.406,10.791,5.5,59.35
2024-01-25 04:00:00,2.198,1.594,3.614,6.104,13.51,0.0,0.0,13.51,5.5,74.31
2024-01-25 05:00:00,2.562,2.687,4.052,6.221,15.522,0.375,0.375,15.147,5.5,83.31
2024-01-25 06:00:00,3.592,3.216,5.096,6.136,18.04,0.0,0.0,18.04,9.5,171.38
2024-01-25 07:00:00,4.904,5.019,5.749,6.164,21.835,1.64,1.64,20.195,9.5,191.85
2024-01-25 08:00:00,5.159,5.978,6.943,5.9,23.979,3.402,3.402,20.578,9.5,195.49
2024-01-25 09:00:00,6.059,7.755,7.862,6.121,27.797,4.74,4.74,23.058,9.5,219.05
2024-01-25 10:00:00,6.65,9.066,8.864,6.295,30.874,6.28,6.28,24.594,5.5,135.27
2024-01-25 11:00:00,7.179,9.512,8.81,5.897,31.398,6.81,6.81,24.589,5.5,135.24
2024-01-25 12:00:00,8.103,12.033,9.282,6.27,35.689,6.819,6.819,28.869,5.5,158.78
2024-01-25 13:00:00,7.743,14.102,10.145,5.918,37.907,6.932,6.932,30.976,5.5,170.37
2024-01-25 14:00:00,7.876,13.59,9.542,5.872,36.88,5.951,5.951,30.929,5.5,170.11
2024-01-25 15:00:00,7.291,13.656,9.886,6.044,36.877,4.828,4.828,32.05,5.5,176.27
2024-01-25 16:00:00,6.931,11.935,8.915,6.107,33.888,3.498,3.498,30.391,5.5,167.15
2024-01-25 17:00:00,6.085,9.8,8.267,6.137,30.288,1.942,1.942,28.346,5.5,155.9
2024-01-25 18:00:00,5.415,8.705,7.687,5.856,27.664,0.117,0.117,27.547,9.5,261.69
2024-01-25 19:00:00,4.069,7.227,6.064,6.065,23.426,0.0,0.0,23.426,9.5,222.55
2024-01-25 20:00:00,3.321,4.821,5.052,5.897,19.092,0.254,0.254,18.838,9.5,178.96
2024-01-25 21:00:00,2.393,3.828,4.8,5.777,16.797,0.0,0.0,16.797,9.5,159.57
2024-01-25 22:00:00,1.963,2.272,3.932,5.861,14.028,0.0,0.0,14.028,5.5,77.15
2024-01-25 23:00:00,1.749,3.235,3.053,5.887,13.924,0.0,0.0,13.924,5.5,76.58
2024-01-26 00:00:00,1.118,1.161,2.577,6.078,10.934,0.295,0.295,10.639,5.5,58.51
2024-01-26 01:00:00,0.777,2.594,2.202,6.173,11.745,0.004,0.004,11.742,5.5,64.58
2024-01-26 02:00:00,1.555,2.729,2.663,5.779,12.727,0.063,0.063,12.664,5.5,69.65
2024-01-26 03:00:00,2.043,1.585,3.136,6.053,12.817,0.314,0.314,12.503,5.5,68.77
2024-01-26 04:00:00,2.221,1.104,3.354,5.823,12.503,0.0,0.0,12.503,5.5,68.76
2024-01-26 05:00:00,3.249,0.681,4.482,6.094,14.507,0.0,0.0,14.507,5.5,79.79
2024-01-26 06:00:00,3.17,1.86,5.84,5.907,16.777,0.021,0.021,16.756,9.5,159.18
2024-01-26 07:00:00,3.849,2.936,6.366,5.842,18.993,1.854,1.854,17.139,9.5,162.82
2024-01-26 08:00:00,4.57,6.473,7.135,6.12,24.299,3.325,3.325,20.974,9.5,199.25
2024-01-26 09:00:00,6.433,7.104,7.96,5.912,27.41,5.256,5.256,22.154,9.5,210.46
2024-01-26 10:00:00,6.984,9.156,8.957,5.953,31.05,5.15,5.15,25.9,5.5,142.45
2024-01-26 11:00:00,7.417,8.896,9.756,5.667,31.736,6.912,6.912,24.825,5.5,136.54
2024-01-26 12:00:00,7.938,11.287,10.104,6.142,35.472,7.045,7.045,28.427,5.5,156.35
2024-01-26 13:00:00,7.662,14.024,9.867,6.123,37.677,6.713,6.713,30.964,5.5,170.3
2024-01-26 14:00:00,8.588,13.923,9.991,6.001,38.502,4.895,4.895,33.608,5.5,184.84
2024-01-26 15:00:00,7.473,13.197,9.648,5.771,36.089,5.199,5.199,30.89,5.5,169.89
2024-01-26 16:00:00,6.82,12.697,8.422,6.181,34.121,3.096,3.096,31.026,5.5,170.64
2024-01-26 17:00:00,6.202,11.981,8.092,5.9,32.175,1.61,1.61,30.566,5.5,168.11
2024-01-26 18:00:00,5.248,8.668,6.258,5.932,26.106,0.0,0.0,26.106,9.5,248.01
2024-01-26 19:00:00,4.29,7.067,6.381,6.347,24.085,0.122,0.122,23.963,9.5,227.65
2024-01-26 20:00:00,3.165,5.525,5.546,5.894,20.13,0.192,0.192,19.938,9.5,189.41
2024-01-26 21:00:00,2.828,5.948,4.75,6.111,19.638,0.268,0.268,19.37,9.5,184.01
2024-01-26 22:00:00,2.661,1.358,3.57,6.084,13.673,0.245,0.245,13.429,5.5,73.86
2024-01-26 23:00:00,2.04,2.896,3.251,6.059,14.246,0.076,0.076,14.17,5.5,77.94
2024-01-27 00:00:00,0.79,0.5,1.58,6.042,8.912,0.125,0.125,8.787,5.5,48.33
2024-01-27 01:00:00,0.215,1.029,1.709,6.056,9.009,0.0,0.0,9.009,5.5,49.55
2024-01-27 02:00:00,0.2,0.5,1.314,6.041,8.054,0.0,0.0,8.054,5.5,44.3
2024-01-27 03:00:00,0.535,0.624,1.62,5.992,8.771,0.269,0.269,8.502,5.5,46.76
2024-01-27 04:00:00,0.751,1.337,2.308,6.227,10.623,0.251,0.251,10.372,5.5,57.04
2024-01-27 05:00:00,1.268,3.435,1.625,5.803,12.132,0.217,0.217,11.914,5.5,65.53
2024-01-27 06:00:00,0.683,1.867,2.512,6.153,11.215,0.0,0.0,11.215,9.5,106.54
2024-01-27 07:00:00,1.937,0.943,3.628,6.123,12.631,1.878,1.878,10.754,9.5,102.16
2024-01-27 08:00:00,1.739,1.819,3.952,6.105,13.615,2.751,2.751,10.863,9.5,103.2
2024-01-27 09:00:00,1.966,2.455,4.16,6.168,14.749,4.706,4.706,10.043,9.5,95.41
2024-01-27 10:00:00,2.072,2.118,3.81,5.986,13.986,5.29,5.29,8.696,5.5,47.83
2024-01-27 11:00:00,2.105,4.025,4.708,5.72,16.558,6.493,6.493,10.065,5.5,55.36
2024-01-27 12:00:00,2.996,5.507,4.694,5.989,19.187,5.742,5.742,13.444,5.5,73.94
2024-01-27 13:00:00,2.822,4.331,5.132,5.851,18.137,6.517,6.517,11.62,5.5,63.91
2024-01-27 14:00:00,2.362,6.342,4.607,5.89,19.201,5.26,5.26,13.941,5.5,76.67
2024-01-27 15:00:00,2.213,5.741,4.318,5.814,18.086,4.269,4.269,13.816,5.5,75.99
2024-01-27 16:00:00,2.275,4.334,3.587,5.928,16.124,3.158,3.158,12.966,5.5,71.31
2024-01-27 17:00:00,2.595,4.176,4.501,5.911,17.182,1.395,1.395,15.787,5.5,86.83
2024-01-27 18:00:00,1.709,4.833,3.402,5.643,15.586,0.0,0.0,15.586,9.5,148.07
2024-01-27 19:00:00,1.027,3.405,3.157,6.105,13.694,0.0,0.0,13.694,9.5,130.09
2024-01-27 20:00:00,1.117,2.165,2.64,6.333,12.255,0.0,0.0,12.255,9.5,116.43
2024-01-27 21:00:00,0.858,1.431,1.799,6.091,10.179,0.146,0.146,10.033,9.5,95.32
2024-01-27 22:00:00,0.2,1.282,1.361,5.97,8.812,0.0,0.0,8.812,5.5,48.47
2024-01-27 23:00:00,0.556,0.535,1.162,5.992,8.245,0.0,0.0,8.245,5.5,45.35
2024-01-28 00:00:00,0.242,0.5,0.721,5.937,7.4,0.0,0.0,7.4,5.5,40.7
2024-01-28 01:00:00,0.577,2.212,1.29,6.014,10.093,0.0,0.0,10.093,5.5,55.51
2024-01-28 02:00:00,1.008,0.732,1.007,5.994,8.742,0.393,0.393,8.348,5.5,45.91
2024-01-28 03:00:00,0.911,0.985,2.262,5.874,10.032,0.0,0.0,10.032,5.5,55.17
2024-01-28 04:00:00,0.653,0.725,2.275,6.252,9.906,0.0,0.0,9.906,5.5,54.48
2024-01-28 05:00:00,0.608,0.5,2.549,5.777,9.434,0.058,0.058,9.376,5.5,51.57
2024-01-28 06:00:00,1.963,1.078,2.593,6.108,11.741,0.0,0.0,11.741,9.5,111.54
2024-01-28 07:00:00,1.496,0.5,3.7,5.985,11.68,2.966,2.966,8.714,9.5,82.78
2024-01-28 08:00:00,1.791,3.99,3.474,6.285,15.54,4.391,4.391,11.149,9.5,105.92
2024-01-28 09:00:00,2.087,1.844,4.0,6.051,13.982,6.379,6.379,7.603,9.5,72.23
2024-01-28 10:00:00,2.435,2.746,4.481,5.946,15.607,7.972,7.972,7.635,5.5,41.99
2024-01-28 11:00:00,2.559,3.957,5.009,5.963,17.487,8.854,8.854,8.634,5.5,47.48
2024-01-28 12:00:00,2.577,5.975,5.185,6.006,19.743,8.949,8.949,10.794,5.5,59.37
2024-01-28 13:00:00,2.636,5.388,4.81,5.829,18.662,8.528,8.528,10.134,5.5,55.74
2024-01-28 14:00:00,2.739,4.54,4.717,5.885,17.882,8.297,8.297,9.585,5.5,52.72
2024-01-28 15:00:00,2.439,6.38,4.984,5.732,19.535,6.248,6.248,13.286,5.5,73.08
2024-01-28 16:00:00,2.162,5.529,4.699,5.862,18.251,4.307,4.307,13.944,5.5,76.69
2024-01-28 17:00:00,2.126,4.74,3.855,6.014,16.736,2.104,2.104,14.631,5.5,80.47
2024-01-28 18:00:00,1.71,4.144,2.927,6.045,14.825,0.0,0.0,14.825,9.5,140.84
2024-01-28 19:00:00,1.929,4.747,3.011,5.703,15.39,0.246,0.246,15.144,9.5,143.86
2024-01-28 20:00:00,0.396,3.917,2.89,5.979,13.182,0.0,0.0,13.182,9.5,125.23
2024-01-28 21:00:00,1.268,1.08,2.948,6.085,11.38,0.0,0.0,11.38,9.5,108.11
2024-01-28 22:00:00,1.108,2.526,1.385,5.976,10.994,0.0,0.0,10.994,5.5,60.46
2024-01-28 23:00:00,0.2,1.255,1.393,5.905,8.754,0.672,0.672,8.082,5.5,44.45
2024-01-29 00:00:00,0.788,1.816,1.865,5.938,10.406,0.0,0.0,10.406,5.5,57.23
2024-01-29 01:00:00,0.942,0.5,2.829,5.919,10.189,0.0,0.0,10.189,5.5,56.04
2024-01-29 02:00:00,0.872,1.392,2.636,5.904,10.805,0.0,0.0,10.805,5.5,59.43
2024-01-29 03:00:00,1.403,1.024,2.765,6.026,11.217,0.0,0.0,11.217,5.5,61.69
2024-01-29 04:00:00,1.763,2.601,3.952,6.346,14.662,0.0,0.0,14.662,5.5,80.64
2024-01-29 05:00:00,3.212,3.24,4.289,5.888,16.63,0.0,0.0,16.63,5.5,91.47
2024-01-29 06:00:00,3.683,1.421,4.792,5.952,15.848,0.0,0.0,15.848,9.5,150.56
2024-01-29 07:00:00,4.604,4.075,5.831,5.992,20.502,1.7,1.7,18.802,9.5,178.62
2024-01-29 08:00:00,5.321,6.345,7.816,5.897,25.379,2.38,2.38,22.999,9.5,218.49
2024-01-29 09:00:00,5.646,6.963,8.178,6.165,26.952,4.344,4.344,22.608,9.5,214.78
2024-01-29 10:00:00,6.63,9.555,8.868,5.644,30.697,5.149,5.149,25.548,5.5,140.52
2024-01-29 11:00:00,7.581,11.106,9.356,5.92,33.964,6.249,6.249,27.715,5.5,152.43
2024-01-29 12:00:00,7.488,12.694,9.978,6.123,36.282,6.68,6.68,29.602,5.5,162.81
2024-01-29 13:00:00,8.214,13.288,10.112,5.956,37.57,5.845,5.845,31.726,5.5,174.49
2024-01-29 14:00:00,7.782,12.917,9.978,5.877,36.553,5.746,5.746,30.807,5.5,169.44
2024-01-29 15:00:00,7.322,12.608,9.502,6.066,35.498,4.256,4.256,31.242,5.5,171.83
2024-01-29 16:00:00,7.001,12.989,9.173,6.136,35.298,2.787,2.787,32.511,5.5,178.81
2024-01-29 17:00:00,6.118,10.841,8.034,6.032,31.024,2.116,2.116,28.908,5.5,158.99
2024-01-29 18:00:00,4.996,8.86,6.732,5.88,26.468,0.156,0.156,26.312,9.5,249.96
2024-01-29 19:00:00,4.57,6.773,5.943,6.068,23.355,0.001,0.001,23.354,9.5,221.86
2024-01-29 20:00:00,3.078,5.203,4.49,5.94,18.711,0.206,0.206,18.505,9.5,175.8
2024-01-29 21:00:00,2.871,4.93,5.262,6.112,19.175,0.082,0.082,19.093,9.5,181.38
2024-01-29 22:00:00,2.274,2.813,4.073,6.222,15.383,0.0,0.0,15.383,5.5,84.61
2024-01-29 23:00:00,1.543,1.311,2.796,5.609,11.259,0.0,0.0,11.259,5.5,61.92
2024-01-30 00:00:00,0.988,2.018,1.908,6.017,10.931,0.0,0.0,10.931,5.5,60.12
2024-01-30 01:00:00,0.678,1.296,2.032,5.74,9.745,0.187,0.187,9.558,5.5,52.57
2024-01-30 02:00:00,1.572,1.561,3.267,6.366,12.766,0.0,0.0,12.766,5.5,70.21
2024-01-30 03:00:00,1.581,2.968,2.56,5.93,13.038,0.271,0.271,12.768,5.5,70.22
2024-01-30 04:00:00,1.94,1.931,3.774,6.112,13.757,0.115,0.115,13.642,5.5,75.03
2024-01-30 05:00:00,3.001,2.627,4.408,5.995,16.03,0.0,0.0,16.03,5.5,88.17
2024-01-30 06:00:00,3.191,2.153,5.612,5.88,16.836,0.0,0.0,16.836,9.5,159.94
2024-01-30 07:00:00,3.8,3.937,6.146,5.862,19.745,2.031,2.031,17.714,9.5,168.28
2024-01-30 08:00:00,4.637,5.962,6.42,6.238,23.256,3.858,3.858,19.398,9.5,184.29
2024-01-30 09:00:00,6.166,5.903,7.924,6.143,26.137,5.779,5.779,20.358,9.5,193.4
2024-01-30 10:00:00,6.403,9.176,8.436,6.292,30.307,6.739,6.739,23.568,5.5,129.63
2024-01-30 11:00:00,7.961,10.959,9.488,6.008,34.416,7.572,7.572,26.844,5.5,147.64
2024-01-30 12:00:00,7.23,12.515,10.434,6.043,36.222,8.346,8.346,27.876,5.5,153.32
2024-01-30 13:00:00,8.509,14.402,9.304,5.96,38.175,7.801,7.801,30.373,5.5,167.05
2024-01-30 14:00:00,7.918,14.226,9.541,5.957,37.641,6.744,6.744,30.897,5.5,169.94
2024-01-30 15:00:00,7.405,14.754,9.235,5.844,37.238,5.684,5.684,31.555,5.5,173.55
2024-01-30 16:00:00,6.624,11.687,8.672,6.013,32.997,4.429,4.429,28.568,5.5,157.12
2024-01-30 17:00:00,6.104,10.987,8.321,5.882,31.294,2.167,2.167,29.127,5.5,160.2
2024-01-30 18:00:00,5.093,9.083,7.053,6.066,27.295,0.178,0.178,27.118,9.5,257.62
2024-01-30 19:00:00,4.553,6.292,6.354,6.026,23.225,0.0,0.0,23.225,9.5,220.64
2024-01-30 20:00:00,3.437,6.239,5.031,6.043,20.75,0.308,0.308,20.442,9.5,194.2
2024-01-30 21:00:00,2.731,5.972,4.543,6.251,19.498,0.695,0.695,18.803,9.5,178.63
2024-01-30 22:00:00,1.987,3.082,4.039,5.994,15.104,0.0,0.0,15.104,5.5,83.07
2024-01-30 23:00:00,1.619,2.799,2.835,6.114,13.367,0.0,0.0,13.367,5.5,73.52
2024-01-31 00:00:00,0.983,1.498,2.333,6.308,11.122,0.053,0.053,11.069,5.5,60.88
2024-01-31 01:00:00,0.54,0.896,2.307,6.196,9.94,0.263,0.263,9.677,5.5,53.22
2024-01-31 02:00:00,0.89,0.5,3.069,6.173,10.632,0.0,0.0,10.632,5.5,58.47
2024-01-31 03:00:00,1.859,1.126,3.047,5.954,11.986,0.0,0.0,11.986,5.5,65.92
2024-01-31 04:00:00,2.148,0.844,3.881,6.034,12.907,0.0,0.0,12.907,5.5,70.99
2024-01-31 05:00:00,2.631,3.771,4.435,5.802,16.639,0.179,0.179,16.46,5.5,90.53
2024-01-31 06:00:00,3.408,3.019,5.243,6.075,17.745,0.0,0.0,17.745,9.5,168.58
2024-01-31 07:00:00,4.327,3.857,6.292,6.041,20.516,2.525,2.525,17.991,9.5,170.92
2024-01-31 08:00:00,4.942,6.213,7.338,6.004,24.496,4.875,4.875,19.621,9.5,186.4
2024-01-31 09:00:00,5.751,6.286,7.525,6.154,25.716,6.472,6.472,19.244,9.5,182.81
2024-01-31 10:00:00,6.846,8.447,9.399,5.819,30.511,7.83,7.83,22.681,5.5,124.74
2024-01-31 11:00:00,7.141,10.987,8.712,6.245,33.086,8.991,8.991,24.094,5.5,132.52
2024-01-31 12:00:00,7.977,13.368,9.587,6.135,37.066,8.794,8.794,28.272,5.5,155.5
2024-01-31 13:00:00,7.489,14.041,9.962,5.989,37.482,8.456,8.456,29.026,5.5,159.64
2024-01-31 14:00:00,8.163,14.227,10.026,5.978,38.393,7.758,7.758,30.635,5.5,168.49
2024-01-31 15:00:00,7.576,13.702,10.087,6.072,37.437,6.252,6.252,31.184,5.5,171.51
2024-01-31 16:00:00,6.864,12.865,8.082,6.228,34.039,4.285,4.285,29.755,5.5,163.65
2024-01-31 17:00:00,6.279,11.094,7.822,6.015,31.21,2.892,2.892,28.319,5.5,155.75
2024-01-31 18:00:00,5.604,8.237,6.272,6.022,26.134,0.652,0.652,25.482,9.5,242.08
2024-01-31 19:00:00,4.527,7.22,6.201,6.003,23.95,0.0,0.0,23.95,9.5,227.53
2024-01-31 20:00:00,2.85,4.643,5.39,6.267,19.15,0.028,0.028,19.123,9.5,181.67
2024-01-31 21:00:00,2.302,4.198,5.088,5.945,17.533,0.0,0.0,17.533,9.5,166.56
2024-01-31 22:00:00,1.909,2.727,3.777,5.996,14.408,0.332,0.332,14.076,5.5,77.42
2024-01-31 23:00:00,1.644,4.439,3.545,6.22,15.848,0.392,0.392,15.456,5.5,85.01
2024-02-01 00:00:00,1.046,1.406,2.254,6.022,10.728,0.0,0.0,10.728,5.5,59.0
2024-02-01 01:00:00,0.835,0.5,2.112,6.171,9.618,0.143,0.143,9.476,5.5,52.12
2024-02-01 02:00:00,1.35,1.444,2.087,5.863,10.744,0.0,0.0,10.744,5.5,59.09
2024-02-01 03:00:00,1.409,2.115,3.238,5.969,12.731,0.527,0.527,12.204,5.5,67.12
2024-02-01 04:00:00,1.913,3.306,3.131,6.223,14.573,0.132,0.132,14.441,5.5,79.43
2024-02-01 05:00:00,2.264,1.948,4.969,5.899,15.08,0.0,0.0,15.08,5.5,82.94
2024-02-01 06:00:00,3.125,1.861,5.217,5.977,16.181,0.0,0.0,16.181,9.5,153.72
2024-02-01 07:00:00,3.817,4.808,6.666,6.039,21.329,2.294,2.294,19.035,9.5,180.83
2024-02-01 08:00:00,4.811,4.425,6.931,5.852,22.019,4.757,4.757,17.261,9.5,163.98
2024-02-01 09:00:00,6.301,6.871,8.132,5.938,27.241,6.818,6.818,20.424,9.5,194.03
2024-02-01 10:00:00,6.503,8.9,8.909,6.017,30.329,7.623,7.623,22.706,5.5,124.88
2024-02-01 11:00:00,8.224,10.933,9.438,6.007,34.602,9.438,9.438,25.164,5.5,138.4
2024-02-01 12:00:00,8.002,13.16,9.688,6.192,37.042,9.681,9.681,27.36,5.5,150.48
2024-02-01 13:00:00,8.055,13.162,10.157,6.231,37.606,8.624,8.624,28.982,5.5,159.4
2024-02-01 14:00:00,7.597,13.88,9.49,5.872,36.839,7.989,7.989,28.85,5.5,158.67
2024-02-01 15:00:00,7.644,13.698,8.972,6.017,36.331,7.018,7.018,29.313,5.5,161.22
2024-02-01 16:00:00,6.615,12.728,9.322,6.101,34.766,4.97,4.97,29.797,5.5,163.88
2024-02-01 17:00:00,6.021,11.067,8.316,6.227,31.631,2.28,2.28,29.351,5.5,161.43
2024-02-01 18:00:00,5.872,9.455,7.149,6.108,28.584,0.244,0.244,28.34,9.5,269.23
2024-02-01 19:00:00,4.194,7.895,6.854,6.044,24.986,0.899,0.899,24.087,9.5,228.83
2024-02-01 20:00:00,3.747,5.844,5.174,6.1,20.865,0.032,0.032,20.834,9.5,197.92
2024-02-01 21:00:00,2.475,4.517,4.98,6.101,18.074,0.0,0.0,18.074,9.5,171.7
2024-02-01 22:00:00,2.086,1.861,3.798,5.861,13.607,0.052,0.052,13.555,5.5,74.55
2024-02-01 23:00:00,2.167,2.46,2.718,6.029,13.374,0.074,0.074,13.3,5.5,73.15
2024-02-02 00:00:00,0.702,1.829,2.76,6.219,11.51,0.0,0.0,11.51,5.5,63.3
2024-02-02 01:00:00,1.597,2.065,2.683,5.969,12.314,0.132,0.132,12.181,5.5,67.0
2024-02-02 02:00:00,1.507,1.005,2.602,6.019,11.133,0.0,0.0,11.133,5.5,61.23
2024-02-02 03:00:00,1.467,1.181,3.419,5.964,12.03,0.0,0.0,12.03,5.5,66.17
2024-02-02 04:00:00,2.286,1.518,3.567,5.653,13.024,0.227,0.227,12.797,5.5,70.38
2024-02-02 05:00:00,2.978,2.861,4.783,6.003,16.625,0.0,0.0,16.625,5.5,91.44
2024-02-02 06:00:00,3.589,3.97,4.325,6.045,17.93,0.271,0.271,17.659,9.5,167.76
2024-02-02 07:00:00,3.751,3.85,5.78,5.923,19.304,1.677,1.677,17.628,9.5,167.46
2024-02-02 08:00:00,4.886,6.284,7.515,5.827,24.512,3.886,3.886,20.626,9.5,195.94
2024-02-02 09:00:00,5.91,7.356,7.925,5.868,27.059,6.08,6.08,20.978,9.5,199.29
2024-02-02 10:00:00,6.765,9.054,8.908,6.115,30.842,7.716,7.716,23.126,5.5,127.19
2024-02-02 11:00:00,7.62,10.876,8.917,6.296,33.71,8.908,8.908,24.802,5.5,136.41
2024-02-02 12:00:00,7.908,13.27,10.6,6.207,37.985,8.828,8.828,29.157,5.5,160.37
2024-02-02 13:00:00,7.599,14.04,10.476,5.798,37.914,8.436,8.436,29.477,5.5,162.13
2024-02-02 14:00:00,7.968,15.993,9.78,6.128,39.869,7.804,7.804,32.065,5.5,176.36
2024-02-02 15:00:00,7.617,13.098,9.294,5.901,35.91,5.969,5.969,29.941,5.5,164.68
2024-02-02 16:00:00,6.956,13.088,9.237,5.913,35.193,4.447,4.447,30.746,5.5,169.1
2024-02-02 17:00:00,6.309,10.622,8.818,5.931,31.679,1.921,1.921,29.758,5.5,163.67
2024-02-02 18:00:00,5.354,8.458,7.504,6.106,27.422,0.025,0.025,27.398,9.5,260.28
2024-02-02 19:00:00,4.36,7.248,7.057,6.144,24.809,0.0,0.0,24.809,9.5,235.69
2024-02-02 20:00:00,3.381,5.668,4.913,5.985,19.947,0.0,0.0,19.947,9.5,189.5
2024-02-02 21:00:00,2.188,6.51,4.123,5.988,18.809,0.05,0.05,18.76,9.5,178.22
2024-02-02 22:00:00,2.225,2.996,3.253,6.07,14.544,0.048,0.048,14.496,5.5,79.73
2024-02-02 23:00:00,1.698,1.528,3.304,6.085,12.616,0.353,0.353,12.263,5.5,67.45
2024-02-03 00:00:00,0.393,0.799,1.08,6.176,8.449,0.0,0.0,8.449,5.5,46.47
2024-02-03 01:00:00,0.2,0.5,1.082,5.807,7.59,0.0,0.0,7.59,5.5,41.74
2024-02-03 02:00:00,0.2,0.553,1.649,6.003,8.405,0.0,0.0,8.405,5.5,46.23
2024-02-03 03:00:00,0.889,0.7,2.057,5.84,9.485,0.261,0.261,9.224,5.5,50.73
2024-02-03 04:00:00,0.722,1.431,1.254,5.992,9.399,0.226,0.226,9.173,5.5,50.45
2024-02-03 05:00:00,1.145,1.757,1.987,5.966,10.854,0.152,0.152,10.702,5.5,58.86
2024-02-03 06:00:00,1.199,0.861,2.969,5.993,11.022,0.0,0.0,11.022,9.5,104.71
2024-02-03 07:00:00,1.487,1.558,2.907,5.88,11.832,1.945,1.945,9.888,9.5,93.93
2024-02-03 08:00:00,2.068,1.622,3.242,5.777,12.709,2.785,2.785,9.924,9.5,94.28
2024-02-03 09:00:00,1.94,2.015,4.42,5.686,14.061,4.067,4.067,9.994,9.5,94.94
2024-02-03 10:00:00,2.404,3.928,3.897,5.98,16.21,5.235,5.235,10.974,5.5,60.36
2024-02-03 11:00:00,2.463,3.422,4.607,5.935,16.428,6.256,6.256,10.172,5.5,55.95
2024-02-03 12:00:00,2.619,4.764,5.062,5.899,18.343,6.69,6.69,11.653,5.5,64.09
2024-02-03 13:00:00,2.707,4.744,4.77,6.198,18.421,5.373,5.373,13.047,5.5,71.76
2024-02-03 14:00:00,2.816,6.138,5.244,5.871,20.068,6.015,6.015,14.053,5.5,77.29
2024-02-03 15:00:00,2.458,6.982,4.501,6.213,20.153,4.627,4.627,15.527,5.5,85.4
2024-02-03 16:00:00,2.752,4.054,4.976,6.244,18.026,2.773,2.773,15.253,5.5,83.89
2024-02-03 17:00:00,1.826,2.959,3.962,5.707,14.454,1.709,1.709,12.745,5.5,70.1
2024-02-03 18:00:00,1.73,3.581,3.83,6.014,15.155,0.328,0.328,14.827,9.5,140.86
2024-02-03 19:00:00,1.346,2.93,3.392,5.94,13.609,0.18,0.18,13.429,9.5,127.58
2024-02-03 20:00:00,1.625,2.41,2.39,5.563,11.988,0.33,0.33,11.658,9.5,110.75
2024-02-03 21:00:00,0.999,1.322,1.404,5.783,9.509,0.0,0.0,9.509,9.5,90.33
2024-02-03 22:00:00,1.043,1.103,2.008,6.116,10.271,0.0,0.0,10.271,5.5,56.49
2024-02-03 23:00:00,0.2,1.272,1.593,6.303,9.368,0.0,0.0,9.368,5.5,51.52
2024-02-04 00:00:00,0.392,1.416,1.232,6.135,9.176,0.515,0.515,8.661,5.5,47.63
2024-02-04 01:00:00,0.635,0.5,1.053,6.049,8.237,0.192,0.192,8.045,5.5,44.25
2024-02-04 02:00:00,0.478,0.5,1.153,5.997,8.128,0.854,0.854,7.273,5.5,40.0
2024-02-04 03:00:00,0.892,0.861,2.367,6.252,10.373,0.0,0.0,10.373,5.5,57.05
2024-02-04 04:00:00,0.579,0.5,1.275,6.322,8.676,0.0,0.0,8.676,5.5,47.72
2024-02-04 05:00:00,1.363,2.368,2.519,5.912,12.162,0.0,0.0,12.162,5.5,66.89
2024-02-04 06:00:00,1.88,0.762,2.411,5.7,10.754,0.414,0.414,10.34,9.5,98.23
2024-02-04 07:00:00,1.369,1.655,2.96,5.685,11.669,2.229,2.229,9.44,9.5,89.68
2024-02-04 08:00:00,1.653,2.691,3.435,6.198,13.977,4.556,4.556,9.422,9.5,89.51
2024-02-04 09:00:00,2.531,2.46,3.691,5.993,14.675,6.419,6.419,8.256,9.5,78.43
2024-02-04 10:00:00,2.85,2.223,4.641,6.027,15.741,7.838,7.838,7.903,5.5,43.47
2024-02-04 11:00:00,2.445,4.122,5.284,5.731,17.582,8.533,8.533,9.05,5.5,49.77
2024-02-04 12:00:00,2.623,5.946,5.118,5.887,19.574,8.995,8.995,10.579,5.5,58.19
2024-02-04 13:00:00,2.715,5.3,5.041,5.956,19.013,8.674,8.674,10.338,5.5,56.86
2024-02-04 14:00:00,2.346,5.051,4.536,6.031,17.964,7.823,7.823,10.14,5.5,55.77
2024-02-04 15:00:00,2.326,6.31,4.935,5.94,19.512,6.673,6.673,12.839,5.5,70.61
2024-02-04 16:00:00,2.074,4.858,5.275,5.844,18.052,5.046,5.046,13.006,5.5,71.53
2024-02-04 17:00:00,1.864,4.056,3.86,5.882,15.663,2.087,2.087,13.576,5.5,74.67
2024-02-04 18:00:00,1.776,3.819,3.411,6.181,15.188,0.0,0.0,15.188,9.5,144.28
2024-02-04 19:00:00,1.548,3.55,2.87,6.037,14.004,0.0,0.0,14.004,9.5,133.04
2024-02-04 20:00:00,1.656,4.152,2.445,6.092,14.345,0.056,0.056,14.289,9.5,135.74
2024-02-04 21:00:00,0.641,2.35,1.127,5.865,9.983,0.0,0.0,9.983,9.5,94.84
2024-02-04 22:00:00,1.029,2.198,2.026,5.557,10.811,0.072,0.072,10.739,5.5,59.06
2024-02-04 23:00:00,0.508,0.578,1.226,5.922,8.234,0.331,0.331,7.903,5.5,43.47
2024-02-05 00:00:00,0.876,0.647,1.376,5.87,8.769,0.0,0.0,8.769,5.5,48.23
2024-02-05 01:00:00,1.256,1.556,2.588,6.052,11.451,0.148,0.148,11.304,5.5,62.17
2024-02-05 02:00:00,0.958,1.669,2.218,6.493,11.337,0.0,0.0,11.337,5.5,62.36
2024-02-05 03:00:00,1.751,0.872,2.992,6.104,11.72,0.138,0.138,11.581,5.5,63.7
2024-02-05 04:00:00,2.146,1.869,4.315,6.41,14.741,0.0,0.0,14.741,5.5,81.07
2024-02-05 05:00:00,2.834,2.79,3.888,6.085,15.597,0.359,0.359,15.238,5.5,83.81
2024-02-05 06:00:00,3.489,3.482,4.669,5.906,17.545,0.274,0.274,17.271,9.5,164.07
2024-02-05 07:00:00,4.959,4.646,6.296,6.052,21.953,1.977,1.977,19.976,9.5,189.77
2024-02-05 08:00:00,4.913,5.879,7.583,6.267,24.642,3.728,3.728,20.914,9.5,198.68
2024-02-05 09:00:00,5.825,6.967,7.395,6.274,26.461,4.712,4.712,21.75,9.5,206.62
2024-02-05 10:00:00,6.601,8.888,8.988,5.914,30.391,5.859,5.859,24.532,5.5,134.93
2024-02-05 11:00:00,7.267,10.262,9.689,6.038,33.256,6.967,6.967,26.288,5.5,144.59
2024-02-05 12:00:00,7.663,14.303,9.037,5.786,36.789,6.749,6.749,30.039,5.5,165.22
2024-02-05 13:00:00,8.357,14.01,10.319,6.124,38.81,7.175,7.175,31.634,5.5,173.99
2024-02-05 14:00:00,8.28,14.218,10.211,6.233,38.942,5.947,5.947,32.995,5.5,181.47
2024-02-05 15:00:00,7.263,13.256,9.331,6.006,35.856,5.086,5.086,30.77,5.5,169.24
2024-02-05 16:00:00,6.538,15.224,9.326,5.9,36.987,4.12,4.12,32.868,5.5,180.77
2024-02-05 17:00:00,6.126,10.362,8.479,6.054,31.021,1.595,1.595,29.427,5.5,161.85
2024-02-05 18:00:00,4.938,8.956,7.164,6.063,27.121,0.021,0.021,27.101,9.5,257.46
2024-02-05 19:00:00,4.412,7.705,6.008,6.012,24.137,0.316,0.316,23.821,9.5,226.3
2024-02-05 20:00:00,3.463,6.127,4.892,6.027,20.509,0.285,0.285,20.224,9.5,192.13
2024-02-05 21:00:00,2.232,5.008,4.436,5.974,17.65,0.0,0.0,17.65,9.5,167.68
2024-02-05 22:00:00,2.561,4.64,3.956,6.149,17.306,0.0,0.0,17.306,5.5,95.18
2024-02-05 23:00:00,2.175,2.876,2.998,6.11,14.159,0.0,0.0,14.159,5.5,77.87
2024-02-06 00:00:00,0.707,0.631,1.141,5.853,8.332,0.434,0.434,7.897,5.5,43.44
2024-02-06 01:00:00,0.937,1.308,2.794,5.848,10.888,0.0,0.0,10.888,5.5,59.88
2024-02-06 02:00:00,1.38,1.839,2.726,5.962,11.907,0.023,0.023,11.884,5.5,65.36
2024-02-06 03:00:00,1.736,3.399,2.976,6.111,14.222,0.0,0.0,14.222,5.5,78.22
2024-02-06 04:00:00,2.294,0.902,4.071,6.022,13.289,0.212,0.212,13.077,5.5,71.93
2024-02-06 05:00:00,3.289,3.446,5.061,5.904,17.7,0.047,0.047,17.653,5.5,97.09
2024-02-06 06:00:00,3.349,3.355,4.161,6.039,16.904,0.0,0.0,16.904,9.5,160.59
2024-02-06 07:00:00,3.983,4.935,6.362,5.95,21.23,2.191,2.191,19.039,9.5,180.87
2024-02-06 08:00:00,4.69,5.596,6.552,6.132,22.97,4.195,4.195,18.775,9.5,178.36
2024-02-06 09:00:00,5.765,6.738,8.224,6.05,26.778,6.531,6.531,20.247,9.5,192.34
2024-02-06 10:00:00,6.778,9.95,8.876,5.953,31.557,8.543,8.543,23.014,5.5,126.58
2024-02-06 11:00:00,7.973,11.805,9.71,6.035,35.523,9.66,9.66,25.863,5.5,142.25
2024-02-06 12:00:00,7.699,13.722,9.661,6.197,37.28,9.795,9.795,27.485,5.5,151.17
2024-02-06 13:00:00,8.067,14.064,9.251,5.915,37.296,9.429,9.429,27.867,5.5,153.27
2024-02-06 14:00:00,7.849,13.996,9.681,6.06,37.586,8.267,8.267,29.319,5.5,161.26
2024-02-06 15:00:00,7.791,12.828,9.619,5.989,36.227,7.013,7.013,29.214,5.5,160.67
2024-02-06 16:00:00,7.546,13.6,9.231,6.064,36.441,4.881,4.881,31.561,5.5,173.58
2024-02-06 17:00:00,5.825,11.621,7.556,5.902,30.904,3.023,3.023,27.88,5.5,153.34
2024-02-06 18:00:00,4.957,8.577,7.534,6.017,27.084,0.0,0.0,27.084,9.5,257.3
2024-02-06 19:00:00,4.536,6.981,5.929,6.166,23.612,0.403,0.403,23.209,9.5,220.49
2024-02-06 20:00:00,3.607,5.304,5.427,5.859,20.197,0.262,0.262,19.934,9.5,189.38
2024-02-06 21:00:00,3.24,3.079,4.247,5.801,16.367,0.221,0.221,16.146,9.5,153.39
2024-02-06 22:00:00,2.272,2.557,3.801,5.806,14.436,0.0,0.0,14.436,5.5,79.4
2024-02-06 23:00:00,1.528,1.577,3.484,5.824,12.414,0.279,0.279,12.135,5.5,66.74
2024-02-07 00:00:00,1.068,1.154,1.53,6.089,9.841,0.0,0.0,9.841,5.5,54.12
2024-02-07 01:00:00,1.386,0.931,2.015,5.789,10.121,0.0,0.0,10.121,5.5,55.66
2024-02-07 02:00:00,1.541,0.5,2.724,5.955,10.72,0.0,0.0,10.72,5.5,58.96
2024-02-07 03:00:00,1.788,3.372,4.088,6.093,15.341,0.0,0.0,15.341,5.5,84.38
2024-02-07 04:00:00,2.417,3.033,3.383,6.062,14.895,0.01,0.01,14.885,5.5,81.87
2024-02-07 05:00:00,3.037,1.874,5.267,5.942,16.121,0.0,0.0,16.121,5.5,88.67
2024-02-07 06:00:00,3.817,3.446,6.083,6.029,19.375,0.0,0.0,19.375,9.5,184.06
2024-02-07 07:00:00,4.417,4.622,6.149,6.016,21.205,2.427,2.427,18.778,9.5,178.39
2024-02-07 08:00:00,5.054,6.661,7.004,5.966,24.685,4.668,4.668,20.017,9.5,190.17
2024-02-07 09:00:00,6.028,6.798,7.748,5.968,26.543,6.288,6.288,20.254,9.5,192.42
2024-02-07 10:00:00,7.15,10.274,8.798,6.335,32.557,7.977,7.977,24.58,5.5,135.19
2024-02-07 11:00:00,7.189,10.905,8.894,6.121,33.109,8.486,8.486,24.623,5.5,135.43
2024-02-07 12:00:00,7.965,11.947,9.83,6.372,36.114,8.796,8.796,27.318,5.5,150.25
2024-02-07 13:00:00,7.882,14.731,10.599,5.925,39.137,8.237,8.237,30.9,5.5,169.95
2024-02-07 14:00:00,7.863,15.587,9.616,5.987,39.054,7.163,7.163,31.89,5.5,175.4
2024-02-07 15:00:00,7.818,16.222,9.36,5.8,39.2,6.787,6.787,32.412,5.5,178.27
2024-02-07 16:00:00,6.845,12.056,8.145,5.879,32.924,4.745,4.745,28.178,5.5,154.98
2024-02-07 17:00:00,5.998,11.902,8.174,6.285,32.36,1.863,1.863,30.497,5.5,167.74
2024-02-07 18:00:00,4.696,9.073,7.229,5.922,26.919,0.047,0.047,26.872,9.5,255.29
2024-02-07 19:00:00,4.446,8.079,6.214,6.288,25.027,0.0,0.0,25.027,9.5,237.76
2024-02-07 20:00:00,3.596,4.532,5.195,5.813,19.136,0.0,0.0,19.136,9.5,181.79
2024-02-07 21:00:00,3.335,3.278,4.334,5.842,16.79,0.0,0.0,16.79,9.5,159.5
2024-02-07 22:00:00,2.004,2.608,3.929,5.949,14.49,0.114,0.114,14.375,5.5,79.06
2024-02-07 23:00:00,1.702,2.561,3.116,5.99,13.369,0.245,0.245,13.124,5.5,72.18
2024-02-08 00:00:00,0.965,0.979,2.146,6.138,10.23,0.121,0.121,10.109,5.5,55.6
2024-02-08 01:00:00,1.526,2.058,2.373,6.068,12.024,0.0,0.0,12.024,5.5,66.13
2024-02-08 02:00:00,1.266,2.431,3.1,5.938,12.734,0.0,0.0,12.734,5.5,70.04
2024-02-08 03:00:00,1.72,2.243,3.399,5.98,13.342,0.281,0.281,13.061,5.5,71.83
2024-02-08 04:00:00,2.279,3.337,3.805,5.952,15.374,0.139,0.139,15.235,5.5,83.79
2024-02-08 05:00:00,2.742,2.844,5.059,5.863,16.508,0.022,0.022,16.486,5.5,90.67
2024-02-08 06:00:00,3.268,2.273,5.45,5.867,16.857,0.0,0.0,16.857,9.5,160.15
2024-02-08 07:00:00,4.281,5.403,6.71,6.154,22.548,2.481,2.481,20.067,9.5,190.63
2024-02-08 08:00:00,5.426,5.256,7.366,5.726,23.773,4.453,4.453,19.32,9.5,183.54
2024-02-08 09:00:00,5.677,8.222,7.288,6.243,27.429,6.742,6.742,20.687,9.5,196.53
2024-02-08 10:00:00,6.827,10.711,9.347,5.949,32.834,7.633,7.633,25.202,5.5,138.61
2024-02-08 11:00:00,7.224,11.771,9.51,5.884,34.39,8.75,8.75,25.64,5.5,141.02
2024-02-08 12:00:00,8.213,11.89,9.84,6.111,36.054,9.37,9.37,26.684,5.5,146.76
2024-02-08 13:00:00,7.543,13.495,10.113,6.223,37.374,8.534,8.534,28.84,5.5,158.62
2024-02-08 14:00:00,7.687,15.693,9.723,6.168,39.27,7.484,7.484,31.786,5.5,174.82
2024-02-08 15:00:00,7.547,14.094,9.547,6.075,37.264,6.515,6.515,30.749,5.5,169.12
2024-02-08 16:00:00,7.257,13.151,8.588,6.163,35.16,4.084,4.084,31.075,5.5,170.91
2024-02-08 17:00:00,5.965,12.013,8.534,5.743,32.255,1.988,1.988,30.267,5.5,166.47
2024-02-08 18:00:00,4.938,10.009,7.077,5.922,27.946,0.227,0.227,27.719,9.5,263.33
2024-02-08 19:00:00,4.787,7.717,6.035,5.863,24.402,0.0,0.0,24.402,9.5,231.82
2024-02-08 20:00:00,2.968,5.573,4.912,6.184,19.636,0.386,0.386,19.25,9.5,182.88
2024-02-08 21:00:00,2.027,4.062,4.559,5.942,16.59,0.0,0.0,16.59,9.5,157.6
2024-02-08 22:00:00,2.229,3.932,3.803,6.127,16.091,0.0,0.0,16.091,5.5,88.5
2024-02-08 23:00:00,1.485,2.954,3.283,6.08,13.803,0.12,0.12,13.683,5.5,75.26
2024-02-09 00:00:00,0.584,1.295,1.609,5.871,9.359,0.0,0.0,9.359,5.5,51.47
2024-02-09 01:00:00,1.266,2.405,1.646,5.912,11.228,0.31,0.31,10.919,5.5,60.05
2024-02-09 02:00:00,1.368,1.516,2.901,6.194,11.978,0.153,0.153,11.825,5.5,65.04
2024-02-09 03:00:00,1.467,1.092,3.722,5.884,12.164,0.0,0.0,12.164,5.5,66.9
2024-02-09 04:00:00,1.712,1.446,3.318,6.019,12.495,0.0,0.0,12.495,5.5,68.72
2024-02-09 05:00:00,2.948,1.742,5.087,5.883,15.66,0.116,0.116,15.544,5.5,85.49
2024-02-09 06:00:00,3.597,3.046,5.395,5.953,17.992,0.0,0.0,17.992,9.5,170.92
2024-02-09 07:00:00,4.193,5.323,6.185,5.993,21.694,1.218,1.218,20.476,9.5,194.52
2024-02-09 08:00:00,5.658,5.128,6.964,5.883,23.632,3.294,3.294,20.338,9.5,193.21
2024-02-09 09:00:00,5.663,7.686,7.471,5.856,26.677,5.204,5.204,21.473,9.5,203.99
2024-02-09 10:00:00,6.33,8.98,9.22,6.043,30.573,5.445,5.445,25.128,5.5,138.2
2024-02-09 11:00:00,7.227,11.261,9.146,5.873,33.507,6.673,6.673,26.834,5.5,147.59
2024-02-09 12:00:00,7.841,11.952,9.549,5.878,35.22,6.196,6.196,29.024,5.5,159.63
2024-02-09 13:00:00,8.073,14.133,10.397,5.859,38.462,6.267,6.267,32.194,5.5,177.07
2024-02-09 14:00:00,7.782,14.562,9.107,5.988,37.439,5.792,5.792,31.647,5.5,174.06
2024-02-09 15:00:00,7.54,14.741,8.847,6.142,37.269,4.538,4.538,32.731,5.5,180.02
2024-02-09 16:00:00,6.412,13.339,8.818,6.226,34.795,3.121,3.121,31.674,5.5,174.2
2024-02-09 17:00:00,6.418,10.511,8.142,5.891,30.961,1.88,1.88,29.082,5.5,159.95
2024-02-09 18:00:00,5.079,10.372,7.317,6.323,29.091,0.567,0.567,28.524,9.5,270.98
2024-02-09 19:00:00,4.558,7.704,6.067,5.849,24.178,0.09,0.09,24.088,9.5,228.84
2024-02-09 20:00:00,3.505,5.93,6.294,6.163,21.892,0.0,0.0,21.892,9.5,207.97
2024-02-09 21:00:00,2.823,4.329,4.36,5.892,17.404,0.0,0.0,17.404,9.5,165.34
2024-02-09 22:00:00,2.267,2.85,3.636,5.869,14.623,0.756,0.756,13.867,5.5,76.27
2024-02-09 23:00:00,1.77,2.7,2.809,5.888,13.167,0.04,0.04,13.127,5.5,72.2
2024-02-10 00:00:00,0.505,0.984,1.06,5.992,8.54,0.0,0.0,8.54,5.5,46.97
2024-02-10 01:00:00,0.767,0.5,1.389,6.087,8.744,0.0,0.0,8.744,5.5,48.09
2024-02-10 02:00:00,0.512,0.5,1.807,6.1,8.919,0.0,0.0,8.919,5.5,49.06
2024-02-10 03:00:00,0.785,0.509,0.968,5.858,8.121,0.109,0.109,8.012,5.5,44.07
2024-02-10 04:00:00,0.707,1.031,1.766,5.852,9.355,0.196,0.196,9.159,5.5,50.37
2024-02-10 05:00:00,1.372,1.97,2.404,5.863,11.61,0.0,0.0,11.61,5.5,63.85
2024-02-10 06:00:00,0.988,0.696,2.876,5.983,10.542,0.0,0.0,10.542,9.5,100.15
2024-02-10 07:00:00,2.018,1.346,3.097,5.968,12.429,1.85,1.85,10.579,9.5,100.5
2024-02-10 08:00:00,1.774,1.912,3.778,5.857,13.322,4.292,4.292,9.03,9.5,85.79
2024-02-10 09:00:00,1.665,2.39,3.689,6.04,13.785,6.158,6.158,7.627,9.5,72.46
2024-02-10 10:00:00,2.414,3.546,5.036,6.339,17.335,7.204,7.204,10.131,5.5,55.72
2024-02-10 11:00:00,2.398,5.23,5.125,5.924,18.677,8.721,8.721,9.956,5.5,54.76
2024-02-10 12:00:00,3.001,4.451,4.392,5.935,17.779,8.253,8.253,9.526,5.5,52.4
2024-02-10 13:00:00,2.604,6.098,4.57,6.084,19.356,8.299,8.299,11.057,5.5,60.81
2024-02-10 14:00:00,2.615,4.558,4.512,5.916,17.601,7.619,7.619,9.982,5.5,54.9
2024-02-10 15:00:00,2.035,5.307,4.999,6.1,18.441,5.99,5.99,12.452,5.5,68.48
2024-02-10 16:00:00,2.24,5.03,3.899,5.892,17.061,4.195,4.195,12.866,5.5,70.76
2024-02-10 17:00:00,1.367,5.953,3.88,6.275,17.476,1.772,1.772,15.703,5.5,86.37
2024-02-10 18:00:00,1.311,3.604,3.743,6.052,14.71,0.407,0.407,14.303,9.5,135.88
2024-02-10 19:00:00,1.706,1.27,3.068,5.907,11.951,0.0,0.0,11.951,9.5,113.53
2024-02-10 20:00:00,1.427,0.723,2.744,5.912,10.805,0.161,0.161,10.644,9.5,101.12
2024-02-10 21:00:00,1.068,1.771,1.799,5.923,10.561,0.202,0.202,10.36,9.5,98.42
2024-02-10 22:00:00,0.444,1.804,2.102,6.206,10.556,0.0,0.0,10.556,5.5,58.06
2024-02-10 23:00:00,0.558,1.316,1.319,5.81,9.003,0.0,0.0,9.003,5.5,49.52
2024-02-11 00:00:00,0.311,0.741,0.88,5.9,7.832,0.4,0.4,7.432,5.5,40.87
2024-02-11 01:00:00,0.2,1.552,1.238,5.916,8.907,0.0,0.0,8.907,5.5,48.99
2024-02-11 02:00:00,0.904,0.5,1.366,5.998,8.768,0.638,0.638,8.13,5.5,44.71
2024-02-11 03:00:00,0.836,1.433,1.573,5.959,9.802,0.0,0.0,9.802,5.5,53.91
2024-02-11 04:00:00,0.667,0.5,1.564,5.776,8.508,0.0,0.0,8.508,5.5,46.79
2024-02-11 05:00:00,0.948,0.5,2.106,5.94,9.494,0.04,0.04,9.454,5.5,52.0
2024-02-11 06:00:00,1.253,0.5,2.642,5.985,10.38,0.663,0.663,9.718,9.5,92.32
2024-02-11 07:00:00,0.865,1.534,2.544,5.906,10.849,1.899,1.899,8.95,9.5,85.03
2024-02-11 08:00:00,1.712,2.298,3.376,6.103,13.49,4.734,4.734,8.756,9.5,83.18
2024-02-11 09:00:00,1.89,3.14,4.167,6.138,15.335,6.897,6.897,8.438,9.5,80.16
2024-02-11 10:00:00,2.075,3.895,3.902,5.988,15.86,8.282,8.282,7.577,5.5,41.68
2024-02-11 11:00:00,2.518,3.898,5.191,6.035,17.641,9.341,9.341,8.3,5.5,45.65
2024-02-11 12:00:00,3.288,5.172,5.438,5.676,19.574,9.337,9.337,10.237,5.5,56.31
2024-02-11 13:00:00,2.992,4.591,4.502,5.937,18.022,9.047,9.047,8.975,5.5,49.36
2024-02-11 14:00:00,2.578,7.044,5.473,6.151,21.246,8.228,8.228,13.018,5.5,71.6
2024-02-11 15:00:00,2.774,5.546,4.671,5.936,18.926,6.415,6.415,12.511,5.5,68.81
2024-02-11 16:00:00,2.795,4.933,4.58,5.889,18.197,4.763,4.763,13.435,5.5,73.89
2024-02-11 17:00:00,2.372,5.911,3.814,6.342,18.438,2.356,2.356,16.083,5.5,88.45
2024-02-11 18:00:00,1.804,2.851,3.931,6.273,14.859,0.0,0.0,14.859,9.5,141.16
2024-02-11 19:00:00,1.284,2.148,3.256,6.07,12.758,0.096,0.096,12.662,9.5,120.29
2024-02-11 20:00:00,1.4,1.458,2.315,6.171,11.344,0.0,0.0,11.344,9.5,107.77
2024-02-11 21:00:00,1.058,1.7,1.76,5.666,10.184,0.0,0.0,10.184,9.5,96.75
2024-02-11 22:00:00,1.002,1.666,1.28,5.882,9.83,0.695,0.695,9.135,5.5,50.24
2024-02-11 23:00:00,0.763,1.613,1.639,5.93,9.945,0.0,0.0,9.945,5.5,54.7
2024-02-12 00:00:00,1.205,3.584,2.249,5.965,13.003,0.386,0.386,12.618,5.5,69.4
2024-02-12 01:00:00,0.893,0.5,2.547,5.927,9.866,0.016,0.016,9.85,5.5,54.17
2024-02-12 02:00:00,1.69,2.133,2.603,5.617,12.044,0.0,0.0,12.044,5.5,66.24
2024-02-12 03:00:00,1.695,1.358,2.665,6.058,11.776,0.0,0.0,11.776,5.5,64.77
2024-02-12 04:00:00,2.719,1.62,3.455,6.082,13.876,0.042,0.042,13.834,5.5,76.09
2024-02-12 05:00:00,2.48,2.073,4.912,6.24,15.705,0.436,0.436,15.269,5.5,83.98
2024-02-12 06:00:00,3.923,2.593,5.088,5.882,17.486,0.0,0.0,17.486,9.5,166.11
2024-02-12 07:00:00,4.282,5.758,6.245,5.869,22.155,2.511,2.511,19.644,9.5,186.62
2024-02-12 08:00:00,4.909,6.544,6.693,5.598,23.744,5.201,5.201,18.543,9.5,176.15
2024-02-12 09:00:00,5.839,7.683,8.159,5.956,27.638,7.029,7.029,20.609,9.5,195.79
2024-02-12 10:00:00,6.691,10.749,8.642,6.135,32.217,8.012,8.012,24.206,5.5,133.13
2024-02-12 11:00:00,7.561,10.456,9.875,5.908,33.8,9.491,9.491,24.309,5.5,133.7
2024-02-12 12:00:00,8.011,12.321,10.17,6.322,36.824,10.249,10.249,26.574,5.5,146.16
2024-02-12 13:00:00,7.828,12.812,9.802,5.962,36.403,9.451,9.451,26.952,5.5,148.24
2024-02-12 14:00:00,7.847,14.409,9.81,6.022,38.088,7.661,7.661,30.427,5.5,167.35
2024-02-12 15:00:00,8.077,14.683,9.236,5.796,37.791,7.043,7.043,30.748,5.5,169.12
2024-02-12 16:00:00,7.306,13.468,8.257,6.043,35.074,4.838,4.838,30.236,5.5,166.3
2024-02-12 17:00:00,6.115,11.785,7.682,5.703,31.285,1.987,1.987,29.299,5.5,161.14
2024-02-12 18:00:00,5.115,8.539,7.202,6.104,26.961,0.0,0.0,26.961,9.5,256.13
2024-02-12 19:00:00,4.259,8.307,6.318,6.109,24.992,0.293,0.293,24.7,9.5,234.65
2024-02-12 20:00:00,3.586,6.062,5.341,6.204,21.193,0.0,0.0,21.193,9.5,201.34
2024-02-12 21:00:00,2.38,4.997,4.331,5.847,17.554,0.0,0.0,17.554,9.5,166.76
2024-02-12 22:00:00,2.019,1.806,4.101,6.024,13.951,0.0,0.0,13.951,5.5,76.73
2024-02-12 23:00:00,1.135,2.818,3.153,6.085,13.191,0.0,0.0,13.191,5.5,72.55
2024-02-13 00:00:00,1.01,0.585,2.302,6.066,9.963,0.03,0.03,9.933,5.5,54.63
2024-02-13 01:00:00,1.247,1.257,1.577,5.87,9.951,0.0,0.0,9.951,5.5,54.73
2024-02-13 02:00:00,1.15,2.083,1.081,5.641,9.956,0.0,0.0,9.956,5.5,54.76
2024-02-13 03:00:00,2.108,1.887,3.241,6.052,13.289,0.0,0.0,13.289,5.5,73.09
2024-02-13 04:00:00,1.729,1.42,3.158,5.977,12.284,0.133,0.133,12.151,5.5,66.83
2024-02-13 05:00:00,2.247,2.588,4.366,5.915,15.117,0.013,0.013,15.104,5.5,83.07
2024-02-13 06:00:00,3.47,2.114,5.161,6.115,16.859,0.0,0.0,16.859,9.5,160.16
2024-02-13 07:00:00,4.537,5.356,6.823,5.993,22.709,2.235,2.235,20.473,9.5,194.5
2024-02-13 08:00:00,5.609,5.74,7.283,5.802,24.434,3.415,3.415,21.019,9.5,199.68
2024-02-13 09:00:00,5.847,8.604,8.091,5.71,28.252,4.775,4.775,23.477,9.5,223.03
2024-02-13 10:00:00,7.111,9.302,9.16,5.831,31.404,5.485,5.485,25.919,5.5,142.55
2024-02-13 11:00:00,7.423,11.314,9.604,6.359,34.699,6.239,6.239,28.46,5.5,156.53
2024-02-13 12:00:00,7.802,12.851,9.678,6.108,36.44,6.262,6.262,30.178,5.5,165.98
2024-02-13 13:00:00,8.265,15.339,10.429,6.028,40.061,6.407,6.407,33.654,5.5,185.1
2024-02-13 14:00:00,8.05,14.487,9.417,5.973,37.927,5.502,5.502,32.425,5.5,178.34
2024-02-13 15:00:00,6.961,15.153,9.585,5.963,37.663,4.586,4.586,33.077,5.5,181.92
2024-02-13 16:00:00,7.231,13.157,8.206,6.175,34.768,3.244,3.244,31.525,5.5,173.38
2024-02-13 17:00:00,6.398,10.152,8.106,5.926,30.583,1.649,1.649,28.935,5.5,159.14
2024-02-13 18:00:00,4.916,9.267,7.2,6.087,27.47,0.881,0.881,26.589,9.5,252.59
2024-02-13 19:00:00,4.341,6.765,6.859,5.948,23.913,0.0,0.0,23.913,9.5,227.17
2024-02-13 20:00:00,3.55,5.931,4.656,6.291,20.428,0.0,0.0,20.428,9.5,194.07
2024-02-13 21:00:00,2.765,3.483,4.211,6.111,16.57,0.208,0.208,16.362,9.5,155.44
2024-02-13 22:00:00,1.931,4.08,4.057,6.187,16.256,0.0,0.0,16.256,5.5,89.41
2024-02-13 23:00:00,1.435,2.511,3.262,5.912,13.119,0.0,0.0,13.119,5.5,72.16
2024-02-14 00:00:00,0.883,1.402,2.092,6.159,10.536,0.0,0.0,10.536,5.5,57.95
2024-02-14 01:00:00,1.405,2.108,1.904,5.953,11.37,0.147,0.147,11.223,5.5,61.73
2024-02-14 02:00:00,1.458,2.437,2.414,6.017,12.325,0.151,0.151,12.174,5.5,66.95
2024-02-14 03:00:00,1.525,1.809,3.626,6.245,13.205,0.0,0.0,13.205,5.5,72.63
2024-02-14 04:00:00,2.328,1.496,3.708,5.844,13.375,0.214,0.214,13.161,5.5,72.38
2024-02-14 05:00:00,1.832,1.179,4.601,6.03,13.643,0.0,0.0,13.643,5.5,75.04
2024-02-14 06:00:00,3.747,2.81,5.236,6.066,17.858,0.0,0.0,17.858,9.5,169.65
2024-02-14 07:00:00,3.701,3.968,5.715,6.078,19.461,2.61,2.61,16.851,9.5,160.09
2024-02-14 08:00:00,4.995,6.024,7.496,5.932,24.448,4.788,4.788,19.66,9.5,186.77
2024-02-14 09:00:00,5.649,7.477,8.226,6.313,27.665,6.744,6.744,20.921,9.5,198.74
2024-02-14 10:00:00,6.399,10.33,9.747,5.806,32.282,8.81,8.81,23.472,5.5,129.1
2024-02-14 11:00:00,7.782,11.311,9.05,6.219,34.362,10.138,10.138,24.224,5.5,133.23
2024-02-14 12:00:00,7.714,13.495,10.19,6.182,37.581,10.664,10.664,26.916,5.5,148.04
2024-02-14 13:00:00,8.104,15.67,9.475,6.285,39.534,9.765,9.765,29.769,5.5,163.73
2024-02-14 14:00:00,7.84,15.415,9.924,5.762,38.941,9.123,9.123,29.818,5.5,164.0
2024-02-14 15:00:00,7.577,14.675,9.847,5.87,37.968,7.46,7.46,30.508,5.5,167.8
2024-02-14 16:00:00,6.811,13.059,7.996,6.224,34.09,5.506,5.506,28.584,5.5,157.21
2024-02-14 17:00:00,5.6,11.294,7.943,5.718,30.555,2.556,2.556,28.0,5.5,154.0
2024-02-14 18:00:00,5.403,9.099,6.898,5.759,27.159,0.0,0.0,27.159,9.5,258.01
2024-02-14 19:00:00,4.074,7.321,5.907,5.927,23.229,0.021,0.021,23.208,9.5,220.48
2024-02-14 20:00:00,2.935,6.543,5.436,6.029,20.943,0.0,0.0,20.943,9.5,198.96
2024-02-14 21:00:00,2.558,4.284,4.899,6.239,17.98,0.0,0.0,17.98,9.5,170.81
2024-02-14 22:00:00,2.547,2.279,3.675,5.972,14.473,0.0,0.0,14.473,5.5,79.6
2024-02-14 23:00:00,1.891,4.013,3.21,5.909,15.023,0.0,0.0,15.023,5.5,82.63
2024-02-15 00:00:00,0.786,1.809,2.066,6.047,10.708,0.042,0.042,10.665,5.5,58.66
2024-02-15 01:00:00,0.948,0.5,2.287,6.07,9.806,0.211,0.211,9.595,5.5,52.77
2024-02-15 02:00:00,1.198,1.322,2.215,6.066,10.801,0.0,0.0,10.801,5.5,59.4
2024-02-15 03:00:00,2.259,1.924,3.571,5.973,13.728,0.119,0.119,13.609,5.5,74.85
2024-02-15 04:00:00,2.211,3.489,3.846,5.707,15.253,0.004,0.004,15.249,5.5,83.87
2024-02-15 05:00:00,2.815,1.727,4.609,5.862,15.014,0.281,0.281,14.733,5.5,81.03
2024-02-15 06:00:00,3.711,4.159,4.959,6.213,19.042,0.0,0.0,19.042,9.5,180.9
2024-02-15 07:00:00,4.294,5.607,6.004,6.028,21.934,1.673,1.673,20.26,9.5,192.47
2024-02-15 08:00:00,5.026,5.47,7.052,5.952,23.501,3.166,3.166,20.335,9.5,193.18
2024-02-15 09:00:00,5.926,7.577,7.411,6.168,27.081,4.588,4.588,22.493,9.5,213.69
2024-02-15 10:00:00,6.766,9.008,8.15,5.83,29.754,5.443,5.443,24.311,5.5,133.71
2024-02-15 11:00:00,7.423,11.707,9.216,5.966,34.312,6.069,6.069,28.244,5.5,155.34
2024-02-15 12:00:00,8.073,13.59,10.07,6.021,37.753,6.79,6.79,30.964,5.5,170.3
2024-02-15 13:00:00,8.016,15.336,9.739,5.934,39.024,6.008,6.008,33.016,5.5,181.59
2024-02-15 14:00:00,8.074,16.102,9.453,6.015,39.645,5.583,5.583,34.062,5.5,187.34
2024-02-15 15:00:00,7.41,14.21,9.13,5.972,36.722,4.941,4.941,31.781,5.5,174.8
2024-02-15 16:00:00,6.811,12.046,8.643,5.79,33.29,3.173,3.173,30.117,5.5,165.65
2024-02-15 17:00:00,5.385,11.853,7.883,6.027,31.148,1.946,1.946,29.203,5.5,160.61
2024-02-15 18:00:00,5.379,10.072,7.989,5.801,29.241,0.0,0.0,29.241,9.5,277.79
2024-02-15 19:00:00,4.326,7.998,6.61,6.025,24.959,0.0,0.0,24.959,9.5,237.11
2024-02-15 20:00:00,3.702,5.712,5.692,6.206,21.311,0.0,0.0,21.311,9.5,202.46
2024-02-15 21:00:00,1.817,4.587,4.919,5.958,17.281,0.394,0.394,16.887,9.5,160.43
2024-02-15 22:00:00,2.723,4.59,3.329,5.824,16.467,0.0,0.0,16.467,5.5,90.57
2024-02-15 23:00:00,1.594,2.919,2.639,5.981,13.133,0.224,0.224,12.909,5.5,71.0
2024-02-16 00:00:00,1.223,1.263,1.578,5.875,9.939,0.0,0.0,9.939,5.5,54.67
2024-02-16 01:00:00,0.741,1.202,2.82,6.089,10.853,0.395,0.395,10.457,5.5,57.52
2024-02-16 02:00:00,1.478,1.549,2.431,5.978,11.437,0.662,0.662,10.775,5.5,59.26
2024-02-16 03:00:00,1.32,3.156,2.627,6.256,13.359,0.0,0.0,13.359,5.5,73.48
2024-02-16 04:00:00,1.909,1.991,3.556,6.174,13.631,0.0,0.0,13.631,5.5,74.97
2024-02-16 05:00:00,3.261,2.613,4.356,5.977,16.206,0.232,0.232,15.975,5.5,87.86
2024-02-16 06:00:00,3.345,3.012,5.389,6.107,17.853,0.154,0.154,17.7,9.5,168.15
2024-02-16 07:00:00,4.288,5.393,6.288,5.941,21.91,2.577,2.577,19.333,9.5,183.67
2024-02-16 08:00:00,5.365,7.576,6.792,6.005,25.738,4.356,4.356,21.382,9.5,203.13
2024-02-16 09:00:00,6.133,8.205,8.299,5.946,28.583,7.0,7.0,21.583,9.5,205.04
2024-02-16 10:00:00,6.833,9.961,8.569,6.115,31.478,7.878,7.878,23.6,5.5,129.8
2024-02-16 11:00:00,7.544,11.969,9.394,6.215,35.121,8.382,8.382,26.739,5.5,147.06
2024-02-16 12:00:00,8.575,11.792,10.135,6.12,36.623,8.98,8.98,27.643,5.5,152.03
2024-02-16 13:00:00,7.983,15.492,9.743,6.138,39.356,8.386,8.386,30.97,5.5,170.33
2024-02-16 14:00:00,7.915,15.427,9.633,6.138,39.113,8.32,8.32,30.793,5.5,169.36
2024-02-16 15:00:00,7.749,15.238,9.693,6.083,38.763,6.205,6.205,32.558,5.5,179.07
2024-02-16 16:00:00,7.119,13.13,8.482,5.829,34.561,4.676,4.676,29.885,5.5,164.37
2024-02-16 17:00:00,6.341,11.632,7.871,6.255,32.099,2.203,2.203,29.896,5.5,164.43
2024-02-16 18:00:00,5.296,9.566,7.345,6.271,28.477,0.0,0.0,28.477,9.5,270.54
2024-02-16 19:00:00,3.88,8.662,7.01,5.965,25.516,0.0,0.0,25.516,9.5,242.4
2024-02-16 20:00:00,3.892,5.705,5.524,5.944,21.066,0.179,0.179,20.886,9.5,198.42
2024-02-16 21:00:00,2.342,6.18,4.64,6.092,19.254,0.39,0.39,18.865,9.5,179.21
2024-02-16 22:00:00,2.187,3.743,3.941,6.083,15.953,0.0,0.0,15.953,5.5,87.74
2024-02-16 23:00:00,1.41,1.608,2.698,5.97,11.686,0.0,0.0,11.686,5.5,64.27
2024-02-17 00:00:00,0.292,0.526,1.056,5.812,7.687,0.241,0.241,7.446,5.5,40.95
2024-02-17 01:00:00,0.467,0.5,1.131,6.046,8.144,0.0,0.0,8.144,5.5,44.79
2024-02-17 02:00:00,0.549,0.5,1.454,6.083,8.586,0.366,0.366,8.22,5.5,45.21
2024-02-17 03:00:00,0.699,2.022,1.61,6.109,10.441,0.0,0.0,10.441,5.5,57.43
2024-02-17 04:00:00,1.218,1.423,2.016,6.052,10.709,0.0,0.0,10.709,5.5,58.9
2024-02-17 05:00:00,1.076,1.484,2.101,5.959,10.621,0.075,0.075,10.546,5.5,58.01
2024-02-17 06:00:00,1.118,1.5,2.664,6.149,11.43,0.0,0.0,11.43,9.5,108.59
2024-02-17 07:00:00,1.767,0.711,2.603,6.01,11.09,2.239,2.239,8.852,9.5,84.09
2024-02-17 08:00:00,2.143,2.031,3.433,5.93,13.538,4.841,4.841,8.696,9.5,82.62
2024-02-17 09:00:00,1.726,3.83,4.569,5.973,16.098,5.968,5.968,10.13,9.5,96.24
2024-02-17 10:00:00,2.555,3.14,4.54,5.738,15.973,8.694,8.694,7.279,5.5,40.04
2024-02-17 11:00:00,2.812,2.779,4.72,5.973,16.283,9.16,9.16,7.123,5.5,39.18
2024-02-17 12:00:00,2.66,5.331,5.689,6.103,19.782,9.082,9.082,10.7,5.5,58.85
2024-02-17 13:00:00,3.213,5.88,4.456,6.051,19.599,8.842,8.842,10.757,5.5,59.16
2024-02-17 14:00:00,2.704,6.273,4.487,6.228,19.691,8.499,8.499,11.192,5.5,61.56
2024-02-17 15:00:00,2.64,6.576,5.413,5.961,20.59,6.877,6.877,13.713,5.5,75.42
2024-02-17 16:00:00,2.324,6.022,4.431,6.073,18.85,5.151,5.151,13.699,5.5,75.34
2024-02-17 17:00:00,2.099,5.011,3.915,6.119,17.145,2.246,2.246,14.898,5.5,81.94
2024-02-17 18:00:00,1.458,4.938,3.082,6.351,15.828,0.089,0.089,15.739,9.5,149.52
2024-02-17 19:00:00,1.046,1.941,3.273,6.022,12.282,0.128,0.128,12.154,9.5,115.46
2024-02-17 20:00:00,1.669,2.821,2.859,5.843,13.192,0.209,0.209,12.984,9.5,123.34
2024-02-17 21:00:00,0.686,2.317,1.788,6.127,10.919,0.338,0.338,10.58,9.5,100.51
2024-02-17 22:00:00,0.436,0.5,1.808,6.28,9.024,0.0,0.0,9.024,5.5,49.63
2024-02-17 23:00:00,0.2,0.5,1.43,5.952,8.081,0.0,0.0,8.081,5.5,44.45
2024-02-18 00:00:00,0.2,0.5,1.113,6.126,7.939,0.0,0.0,7.939,5.5,43.66
2024-02-18 01:00:00,0.2,0.5,0.696,6.184,7.58,0.0,0.0,7.58,5.5,41.69
2024-02-18 02:00:00,0.946,1.285,1.826,6.153,10.209,0.21,0.21,9.999,5.5,55.0
2024-02-18 03:00:00,0.876,0.5,1.93,6.019,9.325,0.0,0.0,9.325,5.5,51.29
2024-02-18 04:00:00,0.527,0.5,1.719,5.895,8.641,0.333,0.333,8.309,5.5,45.7
2024-02-18 05:00:00,1.616,0.575,2.139,5.988,10.318,0.0,0.0,10.318,5.5,56.75
2024-02-18 06:00:00,1.485,2.27,2.586,6.069,12.411,0.0,0.0,12.411,9.5,117.9
2024-02-18 07:00:00,1.38,1.837,2.783,6.136,12.137,2.184,2.184,9.953,9.5,94.55
2024-02-18 08:00:00,1.037,2.288,3.384,6.05,12.759,3.596,3.596,9.163,9.5,87.05
2024-02-18 09:00:00,2.782,3.087,3.904,5.943,15.716,5.049,5.049,10.667,9.5,101.34
2024-02-18 10:00:00,1.959,5.039,5.058,6.083,18.138,5.705,5.705,12.434,5.5,68.38
2024-02-18 11:00:00,2.108,4.233,5.107,6.129,17.577,6.445,6.445,11.133,5.5,61.23
2024-02-18 12:00:00,3.056,6.597,5.304,6.057,21.014,7.279,7.279,13.736,5.5,75.55
2024-02-18 13:00:00,3.532,6.197,5.148,5.875,20.752,6.581,6.581,14.171,5.5,77.94
2024-02-18 14:00:00,3.164,6.072,4.483,5.973,19.693,5.91,5.91,13.782,5.5,75.8
2024-02-18 15:00:00,2.771,8.03,4.711,6.142,21.654,5.236,5.236,16.418,5.5,90.3
2024-02-18 16:00:00,2.554,4.7,4.801,5.793,17.848,3.183,3.183,14.665,5.5,80.66
2024-02-18 17:00:00,2.351,4.55,3.509,5.686,16.095,1.892,1.892,14.204,5.5,78.12
2024-02-18 18:00:00,2.014,3.019,3.816,6.226,15.075,0.013,0.013,15.062,9.5,143.09
2024-02-18 19:00:00,1.562,3.937,4.023,6.077,15.599,0.0,0.0,15.599,9.5,148.19
2024-02-18 20:00:00,1.222,3.783,3.066,6.091,14.162,0.0,0.0,14.162,9.5,134.54
2024-02-18 21:00:00,0.921,3.163,2.791,5.838,12.714,0.0,0.0,12.714,9.5,120.78
2024-02-18 22:00:00,0.508,2.354,1.951,6.111,10.924,0.0,0.0,10.924,5.5,60.08
2024-02-18 23:00:00,0.488,0.906,1.951,6.041,9.387,0.145,0.145,9.242,5.5,50.83
2024-02-19 00:00:00,0.383,1.298,1.733,5.762,9.176,0.0,0.0,9.176,5.5,50.47
2024-02-19 01:00:00,1.024,0.5,2.605,6.214,10.342,0.291,0.291,10.052,5.5,55.28
2024-02-19 02:00:00,0.998,3.344,2.912,6.024,13.278,0.0,0.0,13.278,5.5,73.03
2024-02-19 03:00:00,1.305,2.254,3.244,5.941,12.744,0.0,0.0,12.744,5.5,70.09
2024-02-19 04:00:00,2.151,1.782,4.255,5.943,14.131,0.0,0.0,14.131,5.5,77.72
2024-02-19 05:00:00,3.104,3.738,4.236,5.698,16.776,0.0,0.0,16.776,5.5,92.27
2024-02-19 06:00:00,3.678,2.681,5.207,6.089,17.654,0.303,0.303,17.351,9.5,164.84
2024-02-19 07:00:00,3.751,4.92,6.226,6.039,20.937,1.647,1.647,19.289,9.5,183.25
2024-02-19 08:00:00,4.807,5.978,6.711,5.971,23.467,3.314,3.314,20.153,9.5,191.46
2024-02-19 09:00:00,6.267,8.496,8.116,6.192,29.07,5.227,5.227,23.843,9.5,226.51
2024-02-19 10:00:00,6.493,10.021,8.138,5.792,30.444,6.035,6.035,24.409,5.5,134.25
2024-02-19 11:00:00,7.367,10.993,9.875,5.91,34.145,7.06,7.06,27.085,5.5,148.97
2024-02-19 12:00:00,8.019,14.005,9.879,5.872,37.776,7.171,7.171,30.606,5.5,168.33
2024-02-19 13:00:00,7.709,16.001,9.792,5.958,39.461,6.295,6.295,33.165,5.5,182.41
2024-02-19 14:00:00,7.886,15.571,9.527,6.01,38.994,6.18,6.18,32.814,5.5,180.48
2024-02-19 15:00:00,7.034,15.782,9.362,6.065,38.243,5.261,5.261,32.982,5.5,181.4
2024-02-19 16:00:00,6.607,13.108,9.1,5.948,34.764,3.856,3.856,30.908,5.5,169.99
2024-02-19 17:00:00,6.08,12.132,8.244,5.868,32.325,2.055,2.055,30.27,5.5,166.49
2024-02-19 18:00:00,4.626,9.572,6.841,6.253,27.292,0.29,0.29,27.002,9.5,256.52
2024-02-19 19:00:00,4.355,8.582,5.85,6.362,25.149,0.0,0.0,25.149,9.5,238.91
2024-02-19 20:00:00,3.396,6.141,5.544,6.021,21.103,0.0,0.0,21.103,9.5,200.48
2024-02-19 21:00:00,2.852,5.147,4.162,5.886,18.048,0.0,0.0,18.048,9.5,171.45
2024-02-19 22:00:00,2.164,4.329,3.752,6.221,16.466,0.0,0.0,16.466,5.5,90.56
2024-02-19 23:00:00,2.045,3.229,3.177,5.783,14.235,0.403,0.403,13.832,5.5,76.08
2024-02-20 00:00:00,0.928,1.818,2.145,5.95,10.841,0.0,0.0,10.841,5.5,59.63
2024-02-20 01:00:00,0.924,0.842,2.63,5.896,10.292,0.387,0.387,9.904,5.5,54.47
2024-02-20 02:00:00,1.331,1.723,2.145,5.826,11.026,0.0,0.0,11.026,5.5,60.64
2024-02-20 03:00:00,1.799,1.464,2.363,5.958,11.584,0.325,0.325,11.26,5.5,61.93
2024-02-20 04:00:00,2.111,1.914,3.501,5.87,13.397,0.0,0.0,13.397,5.5,73.68
2024-02-20 05:00:00,2.699,2.392,5.172,6.002,16.265,0.0,0.0,16.265,5.5,89.46
2024-02-20 06:00:00,3.192,2.696,6.09,6.004,17.982,0.488,0.488,17.494,9.5,166.19
2024-02-20 07:00:00,4.024,3.056,6.921,5.907,19.907,2.948,2.948,16.959,9.5,161.11
2024-02-20 08:00:00,4.683,5.618,7.046,5.944,23.291,5.118,5.118,18.174,9.5,172.65
2024-02-20 09:00:00,6.509,8.187,7.312,5.965,27.974,7.158,7.158,20.816,9.5,197.75
2024-02-20 10:00:00,6.414,9.054,7.888,6.121,29.477,8.886,8.886,20.591,5.5,113.25
2024-02-20 11:00:00,7.226,12.239,9.211,5.978,34.653,9.822,9.822,24.831,5.5,136.57
2024-02-20 12:00:00,7.639,15.549,9.781,6.124,39.092,9.871,9.871,29.222,5.5,160.72
2024-02-20 13:00:00,8.268,16.071,10.52,6.088,40.948,9.64,9.64,31.308,5.5,172.19
2024-02-20 14:00:00,7.766,17.002,10.208,6.086,41.061,9.342,9.342,31.719,5.5,174.46
2024-02-20 15:00:00,7.808,15.566,9.547,6.208,39.13,7.949,7.949,31.18,5.5,171.49
2024-02-20 16:00:00,6.586,14.962,8.469,5.832,35.849,5.523,5.523,30.326,5.5,166.79
2024-02-20 17:00:00,6.068,11.647,7.64,5.929,31.284,2.76,2.76,28.525,5.5,156.89
2024-02-20 18:00:00,4.853,9.617,7.225,6.264,27.959,0.0,0.0,27.959,9.5,265.61
2024-02-20 19:00:00,4.866,5.841,6.467,5.961,23.136,0.0,0.0,23.136,9.5,219.79
2024-02-20 20:00:00,3.046,7.101,5.438,5.578,21.163,0.0,0.0,21.163,9.5,201.05
2024-02-20 21:00:00,2.779,5.854,4.037,5.97,18.641,0.0,0.0,18.641,9.5,177.09
2024-02-20 22:00:00,2.287,3.037,3.989,6.02,15.332,0.645,0.645,14.687,5.5,80.78
2024-02-20 23:00:00,1.76,2.489,3.298,5.607,13.155,0.542,0.542,12.613,5.5,69.37
2024-02-21 00:00:00,0.835,1.006,1.592,6.2,9.633,0.224,0.224,9.409,5.5,51.75
2024-02-21 01:00:00,1.014,1.957,1.973,5.893,10.836,0.0,0.0,10.836,5.5,59.6
2024-02-21 02:00:00,1.308,2.636,2.926,6.049,12.919,0.268,0.268,12.651,5.5,69.58
2024-02-21 03:00:00,1.592,0.508,3.034,5.966,11.1,0.0,0.0,11.1,5.5,61.05
2024-02-21 04:00:00,2.386,2.53,4.364,5.807,15.086,0.0,0.0,15.086,5.5,82.97
2024-02-21 05:00:00,3.35,2.487,4.652,5.839,16.327,0.086,0.086,16.241,5.5,89.33
2024-02-21 06:00:00,3.235,3.591,5.087,5.86,17.773,0.0,0.0,17.773,9.5,168.84
2024-02-21 07:00:00,3.812,5.017,6.184,6.163,21.175,1.933,1.933,19.242,9.5,182.8
2024-02-21 08:00:00,5.078,6.039,7.148,5.978,24.242,4.128,4.128,20.115,9.5,191.09
2024-02-21 09:00:00,6.758,7.998,7.733,5.922,28.412,5.794,5.794,22.617,9.5,214.86
2024-02-21 10:00:00,6.546,10.022,8.46,5.86,30.888,7.269,7.269,23.619,5.5,129.9
2024-02-21 11:00:00,7.926,13.076,9.737,6.179,36.918,8.095,8.095,28.823,5.5,158.53
2024-02-21 12:00:00,8.358,14.448,10.199,6.22,39.224,7.843,7.843,31.38,5.5,172.59
2024-02-21 13:00:00,7.834,15.521,10.242,6.178,39.774,8.576,8.576,31.199,5.5,171.59
2024-02-21 14:00:00,8.025,14.765,10.467,6.074,39.33,6.985,6.985,32.346,5.5,177.9
2024-02-21 15:00:00,7.923,15.042,9.239,6.043,38.247,5.658,5.658,32.589,5.5,179.24
2024-02-21 16:00:00,6.674,14.832,9.495,5.818,36.818,4.104,4.104,32.713,5.5,179.92
2024-02-21 17:00:00,5.923,12.33,7.664,5.963,31.88,2.143,2.143,29.737,5.5,163.56
2024-02-21 18:00:00,4.93,10.721,6.718,5.897,28.265,0.438,0.438,27.828,9.5,264.36
2024-02-21 19:00:00,3.918,9.494,5.484,5.726,24.623,0.081,0.081,24.542,9.5,233.15
2024-02-21 20:00:00,3.208,7.02,5.103,6.159,21.49,0.17,0.17,21.32,9.5,202.54
2024-02-21 21:00:00,2.319,4.724,4.25,5.896,17.189,0.082,0.082,17.107,9.5,162.51
2024-02-21 22:00:00,2.107,3.092,3.939,6.179,15.316,0.069,0.069,15.247,5.5,83.86
2024-02-21 23:00:00,1.405,0.665,3.225,6.132,11.428,0.093,0.093,11.335,5.5,62.34
2024-02-22 00:00:00,0.961,1.484,1.543,6.084,10.072,0.0,0.0,10.072,5.5,55.39
2024-02-22 01:00:00,0.586,1.4,2.129,6.092,10.207,0.0,0.0,10.207,5.5,56.14
2024-02-22 02:00:00,1.394,2.059,2.502,5.908,11.862,0.349,0.349,11.513,5.5,63.32
2024-02-22 03:00:00,1.886,1.79,2.417,6.279,12.372,1.183,1.183,11.19,5.5,61.54
2024-02-22 04:00:00,1.498,1.959,3.336,6.006,12.8,0.0,0.0,12.8,5.5,70.4
2024-02-22 05:00:00,2.799,1.301,4.143,6.045,14.288,0.127,0.127,14.161,5.5,77.88
2024-02-22 06:00:00,3.771,2.769,5.855,5.903,18.298,0.0,0.0,18.298,9.5,173.83
2024-02-22 07:00:00,3.86,5.059,6.265,5.86,21.044,2.485,2.485,18.559,9.5,176.31
2024-02-22 08:00:00,5.606,7.599,7.388,6.072,26.665,3.207,3.207,23.457,9.5,222.84
2024-02-22 09:00:00,6.11,8.052,7.425,6.033,27.62,5.297,5.297,22.322,9.5,212.06
2024-02-22 10:00:00,6.576,10.517,9.303,5.882,32.277,5.836,5.836,26.441,5.5,145.42
2024-02-22 11:00:00,7.417,13.136,9.977,5.784,36.314,6.885,6.885,29.429,5.5,161.86
2024-02-22 12:00:00,8.022,13.549,9.061,5.81,36.442,7.216,7.216,29.225,5.5,160.74
2024-02-22 13:00:00,8.023,15.73,9.718,6.179,39.651,7.301,7.301,32.349,5.5,177.92
2024-02-22 14:00:00,8.016,15.284,10.059,5.908,39.267,5.935,5.935,33.332,5.5,183.33
2024-02-22 15:00:00,7.158,16.129,9.714,5.949,38.95,5.309,5.309,33.641,5.5,185.03
2024-02-22 16:00:00,6.838,14.319,8.554,6.218,35.928,3.619,3.619,32.309,5.5,177.7
2024-02-22 17:00:00,5.56,12.612,7.903,5.832,31.907,1.952,1.952,29.955,5.5,164.75
2024-02-22 18:00:00,5.071,9.628,6.884,5.891,27.474,0.287,0.287,27.186,9.5,258.27
2024-02-22 19:00:00,3.951,8.695,6.232,5.885,24.764,0.0,0.0,24.764,9.5,235.25
2024-02-22 20:00:00,3.182,7.894,5.76,6.243,23.079,0.243,0.243,22.836,9.5,216.94
2024-02-22 21:00:00,3.057,3.872,4.143,6.299,17.371,0.0,0.0,17.371,9.5,165.02
2024-02-22 22:00:00,2.424,3.25,4.129,6.113,15.915,0.329,0.329,15.586,5.5,85.72
2024-02-22 23:00:00,1.819,2.91,2.815,6.118,13.661,0.1,0.1,13.561,5.5,74.58
2024-02-23 00:00:00,0.563,2.258,1.681,5.913,10.415,0.0,0.0,10.415,5.5,57.28
2024-02-23 01:00:00,0.958,1.223,2.614,6.292,11.087,0.0,0.0,11.087,5.5,60.98
2024-02-23 02:00:00,1.658,0.5,3.019,6.04,11.218,0.247,0.247,10.971,5.5,60.34
2024-02-23 03:00:00,1.679,3.012,3.468,6.128,14.287,0.378,0.378,13.909,5.5,76.5
2024-02-23 04:00:00,2.792,2.837,3.202,5.984,14.816,0.0,0.0,14.816,5.5,81.49
2024-02-23 05:00:00,2.804,1.347,4.265,5.96,14.376,0.0,0.0,14.376,5.5,79.07
2024-02-23 06:00:00,3.46,3.057,5.611,6.249,18.377,0.208,0.208,18.169,9.5,172.6
2024-02-23 07:00:00,4.13,5.961,6.205,6.081,22.376,2.22,2.22,20.156,9.5,191.48
2024-02-23 08:00:00,5.144,7.423,6.693,6.218,25.478,4.737,4.737,20.74,9.5,197.03
2024-02-23 09:00:00,5.939,8.93,8.208,6.038,29.115,6.935,6.935,22.18,9.5,210.71
2024-02-23 10:00:00,7.0,10.175,8.539,5.873,31.587,8.759,8.759,22.829,5.5,125.56
2024-02-23 11:00:00,7.721,12.515,10.174,5.912,36.322,9.507,9.507,26.815,5.5,147.48
2024-02-23 12:00:00,7.618,14.179,10.479,6.015,38.291,9.676,9.676,28.615,5.5,157.38
2024-02-23 13:00:00,7.601,16.433,10.242,5.906,40.181,9.568,9.568,30.614,5.5,168.37
2024-02-23 14:00:00,7.303,15.272,10.405,5.834,38.814,9.076,9.076,29.738,5.5,163.56
2024-02-23 15:00:00,7.587,14.886,9.482,6.18,38.135,6.872,6.872,31.263,5.5,171.94
2024-02-23 16:00:00,6.457,15.092,9.131,5.918,36.598,5.027,5.027,31.571,5.5,173.64
2024-02-23 17:00:00,5.339,12.413,8.616,6.021,32.388,3.239,3.239,29.149,5.5,160.32
2024-02-23 18:00:00,5.221,11.419,7.221,6.044,29.905,0.0,0.0,29.905,9.5,284.1
2024-02-23 19:00:00,4.97,7.642,6.086,5.912,24.61,0.103,0.103,24.507,9.5,232.82
2024-02-23 20:00:00,3.4,6.22,4.6,6.218,20.438,0.0,0.0,20.438,9.5,194.16
2024-02-23 21:00:00,2.938,3.968,4.418,5.832,17.157,0.649,0.649,16.507,9.5,156.82
2024-02-23 22:00:00,2.121,3.549,4.058,6.039,15.767,0.0,0.0,15.767,5.5,86.72
2024-02-23 23:00:00,1.606,1.558,3.506,6.037,12.707,0.0,0.0,12.707,5.5,69.89
2024-02-24 00:00:00,0.587,0.5,1.212,5.992,8.291,0.395,0.395,7.896,5.5,43.43
2024-02-24 01:00:00,0.282,0.5,0.927,5.805,7.514,0.0,0.0,7.514,5.5,41.33
2024-02-24 02:00:00,0.533,1.262,0.534,6.131,8.461,0.014,0.014,8.446,5.5,46.45
2024-02-24 03:00:00,0.669,1.348,1.366,6.112,9.494,0.0,0.0,9.494,5.5,52.22
2024-02-24 04:00:00,0.533,0.5,1.742,5.899,8.674,0.0,0.0,8.674,5.5,47.71
2024-02-24 05:00:00,1.238,2.17,2.1,6.106,11.615,0.111,0.111,11.503,5.5,63.27
2024-02-24 06:00:00,1.138,3.424,2.888,6.056,13.506,0.166,0.166,13.341,9.5,126.73
2024-02-24 07:00:00,1.251,1.931,3.888,5.808,12.878,2.586,2.586,10.292,9.5,97.77
2024-02-24 08:00:00,1.947,2.008,3.611,5.872,13.438,5.139,5.139,8.299,9.5,78.84
2024-02-24 09:00:00,1.825,5.551,3.926,6.171,17.472,7.41,7.41,10.063,9.5,95.59
2024-02-24 10:00:00,2.384,3.096,4.309,6.046,15.836,8.878,8.878,6.957,5.5,38.27
2024-02-24 11:00:00,2.599,5.026,4.778,5.915,18.318,9.894,9.894,8.424,5.5,46.33
2024-02-24 12:00:00,3.075,5.892,4.599,5.871,19.437,10.826,10.826,8.61,5.5,47.36
2024-02-24 13:00:00,2.942,7.326,5.048,5.923,21.239,10.653,10.653,10.586,5.5,58.22
2024-02-24 14:00:00,2.741,6.716,5.111,5.933,20.501,9.56,9.56,10.941,5.5,60.18
2024-02-24 15:00:00,2.847,5.851,4.812,5.873,19.383,6.878,6.878,12.505,5.5,68.78
2024-02-24 16:00:00,2.793,4.987,4.596,5.739,18.114,5.295,5.295,12.819,5.5,70.5
2024-02-24 17:00:00,2.262,4.736,4.186,6.171,17.355,2.448,2.448,14.906,5.5,81.99
2024-02-24 18:00:00,1.79,3.346,2.853,6.146,14.134,0.043,0.043,14.091,9.5,133.86
2024-02-24 19:00:00,1.084,3.33,3.349,5.809,13.572,0.0,0.0,13.572,9.5,128.93
2024-02-24 20:00:00,0.871,2.07,2.372,6.02,11.334,0.178,0.178,11.156,9.5,105.98
2024-02-24 21:00:00,0.849,0.699,1.787,5.865,9.199,0.0,0.0,9.199,9.5,87.39
2024-02-24 22:00:00,0.551,2.43,1.422,5.961,10.364,0.0,0.0,10.364,5.5,57.0
2024-02-24 23:00:00,0.517,0.705,1.737,5.948,8.907,0.0,0.0,8.907,5.5,48.99
2024-02-25 00:00:00,0.329,0.5,0.921,5.936,7.686,0.002,0.002,7.684,5.5,42.26
2024-02-25 01:00:00,0.528,0.542,0.47,6.3,7.84,0.027,0.027,7.813,5.5,42.97
2024-02-25 02:00:00,0.432,0.766,1.516,5.934,8.648,0.0,0.0,8.648,5.5,47.57
2024-02-25 03:00:00,0.719,0.5,0.988,5.879,8.085,0.0,0.0,8.085,5.5,44.47
2024-02-25 04:00:00,0.753,1.168,1.92,5.886,9.727,0.017,0.017,9.71,5.5,53.4
2024-02-25 05:00:00,0.348,0.5,2.321,6.157,9.325,0.0,0.0,9.325,5.5,51.29
2024-02-25 06:00:00,0.909,2.803,2.995,5.752,12.459,0.0,0.0,12.459,9.5,118.36
2024-02-25 07:00:00,1.435,2.325,3.807,5.886,13.452,2.356,2.356,11.095,9.5,105.41
2024-02-25 08:00:00,1.424,2.216,3.016,6.217,12.872,4.663,4.663,8.209,9.5,77.99
2024-02-25 09:00:00,2.275,2.715,3.991,6.037,15.018,6.538,6.538,8.48,9.5,80.56
2024-02-25 10:00:00,2.835,4.093,4.302,6.029,17.258,8.119,8.119,9.139,5.5,50.27
2024-02-25 11:00:00,2.968,5.53,4.902,6.32,19.719,9.295,9.295,10.424,5.5,57.33
2024-02-25 12:00:00,2.685,5.763,5.017,6.037,19.501,9.403,9.403,10.098,5.5,55.54
2024-02-25 13:00:00,3.247,6.114,4.859,5.894,20.114,9.312,9.312,10.802,5.5,59.41
2024-02-25 14:00:00,2.794,6.513,4.754,5.958,20.019,8.216,8.216,11.803,5.5,64.91
2024-02-25 15:00:00,2.501,5.805,4.282,5.83,18.417,6.852,6.852,11.565,5.5,63.61
2024-02-25 16:00:00,2.192,5.508,4.808,6.188,18.696,5.073,5.073,13.623,5.5,74.93
2024-02-25 17:00:00,2.004,3.371,4.196,6.086,15.657,2.741,2.741,12.916,5.5,71.04
2024-02-25 18:00:00,1.67,4.956,3.929,6.169,16.723,0.386,0.386,16.336,9.5,155.2
2024-02-25 19:00:00,1.529,3.55,2.97,6.182,14.231,0.251,0.251,13.98,9.5,132.81
2024-02-25 20:00:00,1.239,1.917,2.378,5.938,11.472,0.072,0.072,11.401,9.5,108.31
2024-02-25 21:00:00,0.941,3.424,1.794,5.858,12.018,0.0,0.0,12.018,9.5,114.17
2024-02-25 22:00:00,0.865,1.504,2.008,5.992,10.369,0.0,0.0,10.369,5.5,57.03
2024-02-25 23:00:00,0.93,0.5,1.148,5.869,8.447,0.0,0.0,8.447,5.5,46.46
2024-02-26 00:00:00,1.175,2.344,2.76,6.025,12.304,0.001,0.001,12.303,5.5,67.66
2024-02-26 01:00:00,0.608,2.019,1.763,6.17,10.56,0.209,0.209,10.351,5.5,56.93
2024-02-26 02:00:00,0.528,2.105,2.76,5.975,11.368,0.0,0.0,11.368,5.5,62.52
2024-02-26 03:00:00,1.916,1.62,3.754,6.022,13.313,0.0,0.0,13.313,5.5,73.22
2024-02-26 04:00:00,1.686,2.63,3.968,5.986,14.27,0.0,0.0,14.27,5.5,78.49
2024-02-26 05:00:00,2.619,2.582,4.521,6.12,15.843,0.063,0.063,15.78,5.5,86.79
2024-02-26 06:00:00,3.051,4.052,4.894,5.9,17.898,0.0,0.0,17.898,9.5,170.03
2024-02-26 07:00:00,3.682,3.268,5.635,5.671,18.256,1.776,1.776,16.481,9.5,156.57
2024-02-26 08:00:00,5.267,6.032,7.431,6.071,24.8,3.655,3.655,21.145,9.5,200.88
2024-02-26 09:00:00,6.212,9.706,8.627,6.148,30.694,5.608,5.608,25.086,9.5,238.31
2024-02-26 10:00:00,6.615,9.892,8.65,6.067,31.223,6.655,6.655,24.568,5.5,135.12
2024-02-26 11:00:00,6.657,12.193,9.001,5.904,33.755,7.326,7.326,26.428,5.5,145.36
2024-02-26 12:00:00,7.69,14.187,8.877,5.83,36.584,7.796,7.796,28.788,5.5,158.33
2024-02-26 13:00:00,8.118,14.843,9.608,6.074,38.643,7.331,7.331,31.312,5.5,172.22
2024-02-26 14:00:00,7.411,14.499,9.815,6.021,37.746,7.022,7.022,30.724,5.5,168.98
2024-02-26 15:00:00,7.489,15.63,10.096,5.981,39.197,5.165,5.165,34.031,5.5,187.17
2024-02-26 16:00:00,6.783,14.654,9.094,6.273,36.805,3.803,3.803,33.002,5.5,181.51
2024-02-26 17:00:00,6.158,12.634,8.147,5.858,32.798,1.576,1.576,31.221,5.5,171.72
2024-02-26 18:00:00,5.14,10.39,6.963,6.266,28.759,0.0,0.0,28.759,9.5,273.21
2024-02-26 19:00:00,3.931,8.363,5.955,6.005,24.253,0.0,0.0,24.253,9.5,230.41
2024-02-26 20:00:00,3.761,7.197,5.844,5.725,22.527,0.224,0.224,22.303,9.5,211.88
2024-02-26 21:00:00,2.639,4.64,4.532,5.973,17.783,0.23,0.23,17.554,9.5,166.76
2024-02-26 22:00:00,2.088,3.148,2.887,6.144,14.268,0.235,0.235,14.033,5.5,77.18
2024-02-26 23:00:00,1.356,2.566,2.858,5.945,12.726,0.009,0.009,12.717,5.5,69.94
2024-02-27 00:00:00,0.758,2.132,1.677,5.779,10.346,0.0,0.0,10.346,5.5,56.9
2024-02-27 01:00:00,0.788,2.841,2.068,5.975,11.672,0.0,0.0,11.672,5.5,64.2
2024-02-27 02:00:00,1.243,1.298,2.876,5.871,11.287,0.459,0.459,10.828,5.5,59.55
2024-02-27 03:00:00,2.15,2.051,3.085,6.074,13.359,0.431,0.431,12.929,5.5,71.11
2024-02-27 04:00:00,1.685,2.554,3.698,6.116,14.053,0.037,0.037,14.016,5.5,77.09
2024-02-27 05:00:00,2.202,2.014,4.977,5.842,15.035,0.0,0.0,15.035,5.5,82.69
2024-02-27 06:00:00,3.844,3.646,5.003,5.894,18.387,0.411,0.411,17.976,9.5,170.77
2024-02-27 07:00:00,4.16,3.649,6.934,6.113,20.856,1.629,1.629,19.227,9.5,182.66
2024-02-27 08:00:00,4.903,5.003,6.854,5.871,22.632,3.617,3.617,19.014,9.5,180.64
2024-02-27 09:00:00,6.296,8.673,8.06,5.838,28.867,5.424,5.424,23.443,9.5,222.71
2024-02-27 10:00:00,6.606,10.262,8.713,5.823,31.404,5.895,5.895,25.509,5.5,140.3
2024-02-27 11:00:00,7.982,12.916,9.506,6.053,36.456,7.104,7.104,29.352,5.5,161.43
2024-02-27 12:00:00,8.058,14.62,10.038,6.046,38.762,7.253,7.253,31.509,5.5,173.3
2024-02-27 13:00:00,7.854,15.13,10.174,5.897,39.055,6.844,6.844,32.211,5.5,177.16
2024-02-27 14:00:00,8.501,16.328,9.559,6.001,40.39,5.848,5.848,34.542,5.5,189.98
2024-02-27 15:00:00,7.252,14.925,9.007,6.229,37.413,4.801,4.801,32.612,5.5,179.37
2024-02-27 16:00:00,7.01,15.747,9.826,5.854,38.437,3.635,3.635,34.802,5.5,191.41
2024-02-27 17:00:00,6.074,11.669,7.831,5.707,31.282,1.41,1.41,29.872,5.5,164.29
2024-02-27 18:00:00,5.495,10.413,7.403,6.068,29.378,0.039,0.039,29.339,9.5,278.72
2024-02-27 19:00:00,4.691,7.546,5.545,5.983,23.765,0.162,0.162,23.603,9.5,224.23
2024-02-27 20:00:00,3.412,6.874,5.17,5.893,21.349,0.296,0.296,21.054,9.5,200.01
2024-02-27 21:00:00,2.46,4.556,4.4,6.098,17.515,0.0,0.0,17.515,9.5,166.39
2024-02-27 22:00:00,2.235,3.215,3.917,6.126,15.493,0.395,0.395,15.098,5.5,83.04
2024-02-27 23:00:00,1.433,3.491,2.039,5.669,12.631,0.509,0.509,12.122,5.5,66.67
2024-02-28 00:00:00,1.495,1.702,2.087,5.902,11.186,0.123,0.123,11.063,5.5,60.85
2024-02-28 01:00:00,1.094,2.135,1.827,6.348,11.403,0.0,0.0,11.403,5.5,62.72
2024-02-28 02:00:00,1.185,1.026,2.78,6.088,11.078,0.0,0.0,11.078,5.5,60.93
2024-02-28 03:00:00,1.691,0.86,2.713,6.101,11.366,0.0,0.0,11.366,5.5,62.52
2024-02-28 04:00:00,1.692,2.383,3.386,6.176,13.638,0.081,0.081,13.557,5.5,74.56
2024-02-28 05:00:00,2.395,2.57,4.342,6.003,15.309,0.007,0.007,15.303,5.5,84.17
2024-02-28 06:00:00,3.762,4.153,4.861,6.12,18.896,0.084,0.084,18.811,9.5,178.71
2024-02-28 07:00:00,4.025,4.787,5.998,6.108,20.918,2.663,2.663,18.255,9.5,173.43
2024-02-28 08:00:00,4.79,6.621,6.646,6.081,24.137,5.276,5.276,18.862,9.5,179.18
2024-02-28 09:00:00,6.145,7.132,7.291,5.952,26.52,7.211,7.211,19.31,9.5,183.44
2024-02-28 10:00:00,7.143,12.145,9.232,6.026,34.546,8.899,8.899,25.647,5.5,141.06
2024-02-28 11:00:00,7.65,12.7,8.938,5.912,35.199,9.866,9.866,25.334,5.5,139.33
2024-02-28 12:00:00,8.153,15.281,9.789,6.002,39.225,10.968,10.968,28.257,5.5,155.42
2024-02-28 13:00:00,7.773,15.339,10.301,5.825,39.238,10.478,10.478,28.76,5.5,158.18
2024-02-28 14:00:00,7.428,16.711,9.615,5.881,39.634,9.167,9.167,30.467,5.5,167.57
2024-02-28 15:00:00,7.885,14.966,9.126,5.958,37.934,7.746,7.746,30.188,5.5,166.03
2024-02-28 16:00:00,6.691,15.085,8.916,5.858,36.55,5.436,5.436,31.114,5.5,171.13
2024-02-28 17:00:00,5.909,12.547,8.472,5.924,32.852,2.744,2.744,30.108,5.5,165.59
2024-02-28 18:00:00,5.503,10.657,6.655,5.975,28.79,0.0,0.0,28.79,9.5,273.51
2024-02-28 19:00:00,4.389,8.989,6.128,6.06,25.567,0.0,0.0,25.567,9.5,242.88
2024-02-28 20:00:00,3.539,5.471,4.589,6.142,19.741,0.0,0.0,19.741,9.5,187.54
2024-02-28 21:00:00,3.336,4.303,4.294,5.93,17.864,0.0,0.0,17.864,9.5,169.7
2024-02-28 22:00:00,1.903,4.018,3.742,6.2,15.863,0.0,0.0,15.863,5.5,87.25
2024-02-28 23:00:00,1.914,4.504,2.786,6.141,15.345,0.148,0.148,15.197,5.5,83.58
2024-02-29 00:00:00,0.908,1.579,1.838,6.076,10.399,0.097,0.097,10.302,5.5,56.66
2024-02-29 01:00:00,1.134,2.205,1.723,6.023,11.085,0.0,0.0,11.085,5.5,60.97
2024-02-29 02:00:00,1.753,1.737,2.681,6.048,12.219,0.0,0.0,12.219,5.5,67.2
2024-02-29 03:00:00,1.788,3.55,3.55,6.178,15.067,0.348,0.348,14.718,5.5,80.95
2024-02-29 04:00:00,2.258,0.914,3.289,6.184,12.645,0.0,0.0,12.645,5.5,69.55
2024-02-29 05:00:00,3.008,2.918,4.202,6.2,16.329,0.051,0.051,16.278,5.5,89.53
2024-02-29 06:00:00,3.293,2.374,5.483,6.006,17.155,0.0,0.0,17.155,9.5,162.98
2024-02-29 07:00:00,3.971,2.875,6.673,6.083,19.602,2.678,2.678,16.924,9.5,160.78
2024-02-29 08:00:00,4.791,6.734,6.526,6.202,24.252,4.623,4.623,19.629,9.5,186.47
2024-02-29 09:00:00,5.395,8.594,7.957,5.906,27.852,6.929,6.929,20.923,9.5,198.77
2024-02-29 10:00:00,7.404,10.471,8.938,5.952,32.766,8.503,8.503,24.263,5.5,133.44
2024-02-29 11:00:00,7.103,12.825,9.415,6.002,35.346,9.497,9.497,25.849,5.5,142.17
2024-02-29 12:00:00,7.788,17.292,8.87,6.135,40.084,9.784,9.784,30.3,5.5,166.65
2024-02-29 13:00:00,7.917,15.899,10.2,6.137,40.154,9.531,9.531,30.623,5.5,168.43
2024-02-29 14:00:00,7.946,16.973,10.468,5.965,41.353,9.11,9.11,32.243,5.5,177.34
2024-02-29 15:00:00,7.679,15.587,9.503,5.774,38.542,7.67,7.67,30.872,5.5,169.8
2024-02-29 16:00:00,7.046,15.049,8.413,6.037,36.544,4.688,4.688,31.856,5.5,175.21
2024-02-29 17:00:00,5.81,12.719,7.82,5.862,32.21,1.831,1.831,30.38,5.5,167.09
2024-02-29 18:00:00,5.054,10.37,7.831,5.777,29.032,0.179,0.179,28.853,9.5,274.1
2024-02-29 19:00:00,4.307,9.937,6.552,5.81,26.607,0.056,0.056,26.551,9.5,252.23
2024-02-29 20:00:00,3.328,7.438,5.538,6.049,22.352,0.318,0.318,22.034,9.5,209.32
2024-02-29 21:00:00,3.169,4.99,4.594,6.204,18.956,0.085,0.085,18.871,9.5,179.27
2024-02-29 22:00:00,2.244,1.831,3.464,6.006,13.544,0.018,0.018,13.527,5.5,74.4
2024-02-29 23:00:00,1.857,2.554,3.047,6.032,13.489,0.339,0.339,13.151,5.5,72.33
2024-03-01 00:00:00,1.089,3.862,1.989,6.177,13.118,0.381,0.381,12.737,5.5,70.05
2024-03-01 01:00:00,1.405,1.558,2.506,5.768,11.238,0.0,0.0,11.238,5.5,61.81
2024-03-01 02:00:00,1.349,2.716,3.254,6.078,13.396,0.0,0.0,13.396,5.5,73.68
2024-03-01 03:00:00,1.247,3.162,3.575,5.998,13.982,0.0,0.0,13.982,5.5,76.9
2024-03-01 04:00:00,2.216,2.501,3.161,6.085,13.963,0.03,0.03,13.933,5.5,76.63
2024-03-01 05:00:00,2.491,2.186,4.541,5.927,15.146,0.0,0.0,15.146,5.5,83.3
2024-03-01 06:00:00,3.244,1.748,5.576,5.877,16.446,0.13,0.13,16.315,9.5,155.0
2024-03-01 07:00:00,4.398,5.458,6.436,6.021,22.313,2.971,2.971,19.342,9.5,183.75
2024-03-01 08:00:00,5.476,5.884,6.871,6.247,24.478,5.678,5.678,18.8,9.5,178.6
2024-03-01 09:00:00,5.991,8.675,9.19,6.129,29.985,7.473,7.473,22.512,9.5,213.86
2024-03-01 10:00:00,6.88,9.764,8.314,5.924,30.883,8.684,8.684,22.198,5.5,122.09
2024-03-01 11:00:00,7.945,12.776,9.023,5.799,35.543,9.927,9.927,25.616,5.5,140.89
2024-03-01 12:00:00,7.926,14.93,9.954,5.748,38.559,10.301,10.301,28.258,5.5,155.42
2024-03-01 13:00:00,8.781,16.419,10.847,6.197,42.244,10.126,10.126,32.118,5.5,176.65
2024-03-01 14:00:00,8.024,15.774,9.526,5.857,39.181,9.057,9.057,30.124,5.5,165.68
2024-03-01 15:00:00,6.906,17.162,9.35,5.951,39.369,7.915,7.915,31.454,5.5,173.0
2024-03-01 16:00:00,7.014,14.426,9.256,6.198,36.894,5.023,5.023,31.871,5.5,175.29
2024-03-01 17:00:00,6.099,11.649,8.018,5.758,31.523,2.787,2.787,28.736,5.5,158.05
2024-03-01 18:00:00,5.491,10.677,6.989,6.224,29.381,0.706,0.706,28.674,9.5,272.41
2024-03-01 19:00:00,4.424,8.561,6.414,5.962,25.362,0.0,0.0,25.362,9.5,240.94
2024-03-01 20:00:00,3.361,6.665,5.391,5.828,21.244,0.044,0.044,21.2,9.5,201.4
2024-03-01 21:00:00,2.319,6.0,4.863,5.963,19.145,0.0,0.0,19.145,9.5,181.88
2024-03-01 22:00:00,2.034,3.507,4.245,5.892,15.678,0.025,0.025,15.653,5.5,86.09
2024-03-01 23:00:00,1.381,2.764,3.251,6.066,13.462,0.0,0.0,13.462,5.5,74.04
2024-03-02 00:00:00,0.2,0.5,1.127,5.903,7.73,0.314,0.314,7.416,5.5,40.79
2024-03-02 01:00:00,0.545,1.358,1.229,5.713,8.845,0.044,0.044,8.801,5.5,48.41
2024-03-02 02:00:00,0.954,0.885,1.521,5.967,9.327,0.0,0.0,9.327,5.5,51.3
2024-03-02 03:00:00,0.691,0.5,1.586,5.797,8.573,0.252,0.252,8.321,5.5,45.77
2024-03-02 04:00:00,0.375,0.5,1.864,6.031,8.77,0.054,0.054,8.716,5.5,47.94
2024-03-02 05:00:00,1.074,2.306,2.704,5.822,11.906,0.286,0.286,11.62,5.5,63.91
2024-03-02 06:00:00,1.55,0.505,3.247,5.927,11.229,0.0,0.0,11.229,9.5,106.68
2024-03-02 07:00:00,1.295,1.503,2.491,6.027,11.316,3.008,3.008,8.309,9.5,78.93
2024-03-02 08:00:00,1.746,2.917,3.565,5.968,14.197,5.828,5.828,8.368,9.5,79.5
2024-03-02 09:00:00,2.099,2.477,3.737,6.038,14.351,7.788,7.788,6.563,9.5,62.35
2024-03-02 10:00:00,2.14,3.137,4.288,6.102,15.667,9.316,9.316,6.352,5.5,34.94
2024-03-02 11:00:00,2.796,3.528,4.889,5.826,17.04,10.799,10.799,6.241,5.5,34.32
2024-03-02 12:00:00,2.713,6.575,5.198,5.99,20.476,11.561,11.561,8.914,5.5,49.03
2024-03-02 13:00:00,2.926,6.085,4.955,5.501,19.467,11.149,11.149,8.317,5.5,45.75
2024-03-02 14:00:00,2.483,9.049,4.165,6.037,21.734,9.565,9.565,12.169,5.5,66.93
2024-03-02 15:00:00,2.471,5.726,4.342,5.955,18.493,7.53,7.53,10.964,5.5,60.3
2024-03-02 16:00:00,2.592,5.261,4.771,5.852,18.477,5.467,5.467,13.009,5.5,71.55
2024-03-02 17:00:00,1.983,4.775,2.916,6.047,15.721,2.756,2.756,12.965,5.5,71.31
2024-03-02 18:00:00,2.305,4.526,4.036,6.176,17.043,0.134,0.134,16.909,9.5,160.64
2024-03-02 19:00:00,1.358,3.058,3.303,5.929,13.647,0.0,0.0,13.647,9.5,129.65
2024-03-02 20:00:00,1.258,3.12,3.167,5.858,13.404,0.0,0.0,13.404,9.5,127.34
2024-03-02 21:00:00,1.22,1.193,2.146,6.025,10.584,0.331,0.331,10.253,9.5,97.4
2024-03-02 22:00:00,0.308,0.5,1.04,5.8,7.648,0.042,0.042,7.605,5.5,41.83
2024-03-02 23:00:00,0.2,0.5,1.736,5.901,8.337,0.131,0.131,8.206,5.5,45.13
2024-03-03 00:00:00,0.2,0.5,1.52,6.183,8.403,0.0,0.0,8.403,5.5,46.22
2024-03-03 01:00:00,0.747,0.5,1.513,6.009,8.77,0.0,0.0,8.77,5.5,48.23
2024-03-03 02:00:00,0.288,0.501,1.06,5.718,7.567,0.0,0.0,7.567,5.5,41.62
2024-03-03 03:00:00,1.34,0.5,1.599,5.73,9.169,0.0,0.0,9.169,5.5,50.43
2024-03-03 04:00:00,0.565,1.936,1.651,6.024,10.176,0.173,0.173,10.003,5.5,55.02
2024-03-03 05:00:00,0.996,2.14,1.898,6.129,11.163,0.0,0.0,11.163,5.5,61.4
2024-03-03 06:00:00,1.653,1.229,3.023,5.757,11.663,0.478,0.478,11.185,9.5,106.26
2024-03-03 07:00:00,2.08,0.553,2.615,6.067,11.315,2.493,2.493,8.822,9.5,83.81
2024-03-03 08:00:00,2.405,2.193,3.204,6.2,14.001,5.126,5.126,8.876,9.5,84.32
2024-03-03 09:00:00,2.457,2.975,3.571,6.283,15.286,6.406,6.406,8.881,9.5,84.36
2024-03-03 10:00:00,2.683,3.833,3.816,6.05,16.382,8.322,8.322,8.059,5.5,44.33
2024-03-03 11:00:00,2.78,4.701,4.787,6.076,18.343,9.139,9.139,9.204,5.5,50.62
2024-03-03 12:00:00,2.983,5.512,5.395,5.68,19.569,9.681,9.681,9.888,5.5,54.39
2024-03-03 13:00:00,2.635,6.252,4.926,6.315,20.128,9.044,9.044,11.084,5.5,60.96
2024-03-03 14:00:00,2.504,6.24,4.328,5.914,18.985,8.313,8.313,10.672,5.5,58.69
2024-03-03 15:00:00,2.601,6.728,5.064,5.86,20.253,7.002,7.002,13.25,5.5,72.88
2024-03-03 16:00:00,2.325,6.323,5.087,5.962,19.696,4.522,4.522,15.174,5.5,83.45
2024-03-03 17:00:00,1.959,4.531,3.754,6.227,16.47,2.515,2.515,13.955,5.5,76.75
2024-03-03 18:00:00,1.995,5.375,3.37,6.331,17.072,0.0,0.0,17.072,9.5,162.18
2024-03-03 19:00:00,1.764,2.671,3.3,6.019,13.755,0.211,0.211,13.544,9.5,128.67
2024-03-03 20:00:00,1.217,1.352,3.29,6.15,12.009,0.586,0.586,11.422,9.5,108.51
2024-03-03 21:00:00,1.383,2.293,2.018,6.006,11.7,0.0,0.0,11.7,9.5,111.15
2024-03-03 22:00:00,0.391,0.843,1.331,5.844,8.41,0.0,0.0,8.41,5.5,46.25
2024-03-03 23:00:00,0.515,1.415,1.816,6.222,9.967,0.264,0.264,9.703,5.5,53.37
2024-03-04 00:00:00,0.676,0.5,2.34,5.907,9.422,0.009,0.009,9.413,5.5,51.77
2024-03-04 01:00:00,0.493,2.889,2.289,6.23,11.901,0.05,0.05,11.852,5.5,65.19
2024-03-04 02:00:00,1.27,2.405,2.427,6.195,12.296,0.0,0.0,12.296,5.5,67.63
2024-03-04 03:00:00,1.6,0.845,3.525,6.092,12.062,0.0,0.0,12.062,5.5,66.34
2024-03-04 04:00:00,2.551,1.185,3.939,6.274,13.95,0.0,0.0,13.95,5.5,76.72
2024-03-04 05:00:00,2.876,4.25,4.144,6.335,17.605,0.013,0.013,17.592,5.5,96.76
2024-03-04 06:00:00,3.095,3.175,5.301,5.974,17.545,0.0,0.0,17.545,9.5,166.67
2024-03-04 07:00:00,4.779,4.333,5.647,5.879,20.638,2.048,2.048,18.59,9.5,176.61
2024-03-04 08:00:00,5.47,4.844,7.397,5.72,23.432,4.465,4.465,18.967,9.5,180.18
2024-03-04 09:00:00,6.159,8.41,7.92,6.337,28.826,5.523,5.523,23.303,9.5,221.38
2024-03-04 10:00:00,6.72,10.78,8.651,5.934,32.085,6.547,6.547,25.537,5.5,140.46
2024-03-04 11:00:00,7.146,13.8,9.443,6.17,36.56,7.671,7.671,28.889,5.5,158.89
2024-03-04 12:00:00,7.743,14.059,9.877,5.889,37.567,7.774,7.774,29.793,5.5,163.86
2024-03-04 13:00:00,8.327,15.287,10.358,6.231,40.202,7.315,7.315,32.887,5.5,180.88
2024-03-04 14:00:00,8.42,17.334,10.097,5.895,41.745,6.96,6.96,34.785,5.5,191.32
2024-03-04 15:00:00,7.897,17.308,9.394,5.821,40.42,5.436,5.436,34.984,5.5,192.41
2024-03-04 16:00:00,6.641,13.921,9.131,5.969,35.661,3.807,3.807,31.854,5.5,175.2
2024-03-04 17:00:00,5.649,14.093,8.185,5.92,33.847,2.114,2.114,31.733,5.5,174.53
2024-03-04 18:00:00,5.146,10.992,6.952,6.089,29.18,0.0,0.0,29.18,9.5,277.21
2024-03-04 19:00:00,3.692,9.564,6.138,5.992,25.387,0.0,0.0,25.387,9.5,241.17
2024-03-04 20:00:00,3.499,6.6,5.222,6.094,21.416,0.201,0.201,21.215,9.5,201.54
2024-03-04 21:00:00,2.642,2.983,4.653,5.956,16.235,0.0,0.0,16.235,9.5,154.23
2024-03-04 22:00:00,1.957,3.643,3.581,5.9,15.081,0.0,0.0,15.081,5.5,82.95
2024-03-04 23:00:00,1.158,3.761,2.972,5.912,13.802,0.0,0.0,13.802,5.5,75.91
2024-03-05 00:00:00,1.045,1.026,2.808,6.307,11.185,0.0,0.0,11.185,5.5,61.52
2024-03-05 01:00:00,0.893,1.475,2.662,6.034,11.065,0.128,0.128,10.937,5.5,60.15
2024-03-05 02:00:00,0.943,1.737,2.346,5.702,10.729,0.034,0.034,10.696,5.5,58.83
2024-03-05 03:00:00,0.774,0.5,3.356,5.922,10.552,0.718,0.718,9.835,5.5,54.09
2024-03-05 04:00:00,2.088,3.72,3.776,6.015,15.598,0.326,0.326,15.272,5.5,84.0
2024-03-05 05:00:00,3.218,2.209,4.608,6.277,16.312,0.0,0.0,16.312,5.5,89.72
2024-03-05 06:00:00,3.901,4.192,5.337,6.154,19.584,0.0,0.0,19.584,9.5,186.04
2024-03-05 07:00:00,4.085,4.962,6.664,5.862,21.573,3.943,3.943,17.63,9.5,167.49
2024-03-05 08:00:00,4.923,7.703,7.261,6.363,26.25,6.367,6.367,19.884,9.5,188.9
2024-03-05 09:00:00,6.125,9.069,8.0,5.995,29.189,8.73,8.73,20.459,9.5,194.36
2024-03-05 10:00:00,6.488,10.841,9.242,6.187,32.758,10.498,10.498,22.261,5.5,122.43
2024-03-05 11:00:00,7.525,12.594,9.55,5.827,35.495,11.766,11.766,23.729,5.5,130.51
2024-03-05 12:00:00,8.084,15.909,9.909,5.64,39.542,11.651,11.651,27.891,5.5,153.4
2024-03-05 13:00:00,8.368,15.105,10.126,5.789,39.387,11.731,11.731,27.656,5.5,152.11
2024-03-05 14:00:00,7.824,17.593,9.823,5.512,40.753,10.496,10.496,30.256,5.5,166.41
2024-03-05 15:00:00,7.373,15.724,9.46,6.317,38.874,8.282,8.282,30.592,5.5,168.26
2024-03-05 16:00:00,6.524,16.272,8.59,6.032,37.419,5.886,5.886,31.533,5.5,173.43
2024-03-05 17:00:00,5.736,13.437,7.724,5.861,32.759,3.585,3.585,29.174,5.5,160.46
2024-03-05 18:00:00,5.036,11.544,6.723,6.068,29.372,0.0,0.0,29.372,9.5,279.03
2024-03-05 19:00:00,4.333,8.809,5.631,6.028,24.802,0.621,0.621,24.18,9.5,229.71
2024-03-05 20:00:00,3.676,5.295,4.93,6.093,19.994,0.0,0.0,19.994,9.5,189.95
2024-03-05 21:00:00,2.445,4.343,4.382,6.181,17.351,0.0,0.0,17.351,9.5,164.83
2024-03-05 22:00:00,2.544,4.325,3.77,5.957,16.596,0.0,0.0,16.596,5.5,91.28
2024-03-05 23:00:00,1.555,3.064,3.019,5.868,13.506,0.0,0.0,13.506,5.5,74.28
2024-03-06 00:00:00,0.884,2.697,1.078,6.124,10.783,0.0,0.0,10.783,5.5,59.31
2024-03-06 01:00:00,0.829,2.119,2.916,6.12,11.985,0.095,0.095,11.89,5.5,65.4
2024-03-06 02:00:00,0.567,1.116,3.085,6.015,10.784,0.08,0.08,10.704,5.5,58.87
2024-03-06 03:00:00,1.901,1.434,3.306,6.327,12.968,0.0,0.0,12.968,5.5,71.32
2024-03-06 04:00:00,2.318,2.48,4.491,5.934,15.223,0.0,0.0,15.223,5.5,83.73
2024-03-06 05:00:00,2.602,1.097,4.06,5.865,13.624,0.443,0.443,13.181,5.5,72.49
2024-03-06 06:00:00,3.422,5.149,6.037,6.063,20.671,0.0,0.0,20.671,9.5,196.38
2024-03-06 07:00:00,4.377,5.415,5.802,5.899,21.493,2.31,2.31,19.183,9.5,182.24
2024-03-06 08:00:00,4.635,7.719,7.218,6.074,25.647,5.193,5.193,20.455,9.5,194.32
2024-03-06 09:00:00,5.826,7.533,7.515,5.875,26.749,7.288,7.288,19.46,9.5,184.87
2024-03-06 10:00:00,7.026,12.092,8.831,5.94,33.889,8.754,8.754,25.134,5.5,138.24
2024-03-06 11:00:00,7.058,15.175,9.611,6.284,38.127,9.917,9.917,28.21,5.5,155.15
2024-03-06 12:00:00,7.942,14.307,9.799,5.939,37.987,9.874,9.874,28.113,5.5,154.62
2024-03-06 13:00:00,7.593,17.321,10.286,5.88,41.08,10.1,10.1,30.98,5.5,170.39
2024-03-06 14:00:00,7.994,17.181,9.9,6.176,41.251,8.552,8.552,32.699,5.5,179.84
2024-03-06 15:00:00,7.423,15.469,9.247,5.842,37.982,7.045,7.045,30.937,5.5,170.15
2024-03-06 16:00:00,6.303,15.758,8.598,5.896,36.555,5.305,5.305,31.25,5.5,171.88
2024-03-06 17:00:00,6.334,14.056,8.349,6.086,34.826,3.006,3.006,31.819,5.5,175.01
2024-03-06 18:00:00,4.884,10.615,6.861,6.141,28.501,0.476,0.476,28.025,9.5,266.24
2024-03-06 19:00:00,3.979,9.73,6.554,6.183,26.447,0.317,0.317,26.13,9.5,248.23
2024-03-06 20:00:00,3.462,5.404,5.771,5.888,20.525,0.0,0.0,20.525,9.5,194.99
2024-03-06 21:00:00,3.031,3.866,3.784,6.089,16.77,0.0,0.0,16.77,9.5,159.32
2024-03-06 22:00:00,1.792,3.92,4.181,5.93,15.823,0.422,0.422,15.402,5.5,84.71
2024-03-06 23:00:00,1.655,2.968,3.952,5.909,14.484,0.411,0.411,14.073,5.5,77.4
2024-03-07 00:00:00,1.019,1.189,2.121,6.18,10.51,0.0,0.0,10.51,5.5,57.81
2024-03-07 01:00:00,1.261,2.455,2.526,5.918,12.16,0.276,0.276,11.884,5.5,65.36
2024-03-07 02:00:00,1.347,2.326,3.065,6.042,12.78,0.0,0.0,12.78,5.5,70.29
2024-03-07 03:00:00,1.526,2.77,3.018,6.023,13.336,0.45,0.45,12.886,5.5,70.87
2024-03-07 04:00:00,1.848,2.313,3.801,5.839,13.802,0.0,0.0,13.802,5.5,75.91
2024-03-07 05:00:00,2.712,3.448,3.926,6.145,16.231,0.594,0.594,15.637,5.5,86.0
2024-03-07 06:00:00,3.081,3.477,5.337,6.084,17.979,0.236,0.236,17.743,9.5,168.56
2024-03-07 07:00:00,3.346,6.736,6.387,5.702,22.171,3.297,3.297,18.874,9.5,179.3
2024-03-07 08:00:00,5.235,6.129,7.329,6.042,24.735,5.188,5.188,19.546,9.5,185.69
2024-03-07 09:00:00,6.256,10.535,8.451,5.884,31.125,7.656,7.656,23.469,9.5,222.96
2024-03-07 10:00:00,6.079,11.192,8.515,6.165,31.95,8.937,8.937,23.013,5.5,126.57
2024-03-07 11:00:00,7.131,12.37,9.243,5.783,34.528,10.545,10.545,23.983,5.5,131.9
2024-03-07 12:00:00,8.04,16.551,10.619,5.947,41.156,10.925,10.925,30.231,5.5,166.27
2024-03-07 13:00:00,8.617,16.907,9.94,6.054,41.518,11.011,11.011,30.507,5.5,167.79
2024-03-07 14:00:00,7.861,17.965,9.941,6.008,41.775,9.372,9.372,32.402,5.5,178.21
2024-03-07 15:00:00,7.216,17.785,9.429,6.114,40.544,7.752,7.752,32.793,5.5,180.36
2024-03-07 16:00:00,6.733,15.727,8.496,5.772,36.728,5.186,5.186,31.542,5.5,173.48
2024-03-07 17:00:00,6.397,12.997,8.674,6.248,34.316,2.92,2.92,31.396,5.5,172.68
2024-03-07 18:00:00,4.91,11.944,6.912,6.079,29.845,0.0,0.0,29.845,9.5,283.53
2024-03-07 19:00:00,3.983,8.851,5.737,6.204,24.775,0.035,0.035,24.74,9.5,235.03
2024-03-07 20:00:00,3.257,7.327,5.101,6.131,21.817,0.052,0.052,21.765,9.5,206.77
2024-03-07 21:00:00,2.4,3.37,3.651,5.998,15.419,0.0,0.0,15.419,9.5,146.48
2024-03-07 22:00:00,2.133,4.191,3.468,5.807,15.6,0.019,0.019,15.581,5.5,85.69
2024-03-07 23:00:00,2.123,2.455,2.74,5.915,13.235,0.0,0.0,13.235,5.5,72.79
2024-03-08 00:00:00,0.988,3.096,2.267,6.238,12.589,0.0,0.0,12.589,5.5,69.24
2024-03-08 01:00:00,0.977,2.317,2.017,6.208,11.519,0.323,0.323,11.196,5.5,61.58
2024-03-08 02:00:00,1.207,2.105,3.005,5.907,12.224,0.053,0.053,12.171,5.5,66.94
2024-03-08 03:00:00,1.167,2.485,3.687,5.577,12.916,0.104,0.104,12.812,5.5,70.47
2024-03-08 04:00:00,2.361,1.628,4.041,5.968,13.998,0.0,0.0,13.998,5.5,76.99
2024-03-08 05:00:00,2.663,4.283,4.365,5.957,17.268,0.127,0.127,17.141,5.5,94.27
2024-03-08 06:00:00,3.348,5.45,5.338,5.963,20.099,0.159,0.159,19.94,9.5,189.43
2024-03-08 07:00:00,5.18,5.438,5.578,6.079,22.276,3.078,3.078,19.197,9.5,182.37
2024-03-08 08:00:00,5.194,8.092,7.069,6.131,26.487,6.803,6.803,19.683,9.5,186.99
2024-03-08 09:00:00,5.759,8.449,7.681,6.149,28.037,8.05,8.05,19.987,9.5,189.88
2024-03-08 10:00:00,6.66,10.594,9.103,6.067,32.423,10.936,10.936,21.487,5.5,118.18
2024-03-08 11:00:00,7.779,13.585,10.485,5.73,37.579,12.148,12.148,25.431,5.5,139.87
2024-03-08 12:00:00,7.888,15.898,10.061,5.949,39.796,12.518,12.518,27.278,5.5,150.03
2024-03-08 13:00:00,7.569,16.593,9.204,6.346,39.71,11.987,11.987,27.723,5.5,152.48
2024-03-08 14:00:00,8.13,17.819,9.716,6.056,41.722,10.865,10.865,30.856,5.5,169.71
2024-03-08 15:00:00,7.234,17.153,9.505,6.055,39.947,8.997,8.997,30.95,5.5,170.22
2024-03-08 16:00:00,7.35,14.752,8.86,6.054,37.015,5.96,5.96,31.055,5.5,170.8
2024-03-08 17:00:00,6.308,13.967,7.732,6.062,34.071,3.288,3.288,30.783,5.5,169.31
2024-03-08 18:00:00,4.97,11.922,7.221,5.643,29.756,0.0,0.0,29.756,9.5,282.68
2024-03-08 19:00:00,4.607,9.041,5.691,5.964,25.303,0.0,0.0,25.303,9.5,240.38
2024-03-08 20:00:00,3.423,7.742,4.904,5.994,22.063,0.215,0.215,21.847,9.5,207.55
2024-03-08 21:00:00,2.942,4.15,4.71,6.192,17.994,0.0,0.0,17.994,9.5,170.94
2024-03-08 22:00:00,2.242,4.231,3.322,6.007,15.802,0.0,0.0,15.802,5.5,86.91
2024-03-08 23:00:00,1.382,2.048,3.343,5.753,12.526,0.0,0.0,12.526,5.5,68.89
2024-03-09 00:00:00,0.2,0.5,0.462,6.065,7.227,0.0,0.0,7.227,5.5,39.75
2024-03-09 01:00:00,0.678,0.5,1.849,5.879,8.906,0.309,0.309,8.598,5.5,47.29
2024-03-09 02:00:00,0.353,0.5,1.015,5.817,7.686,0.046,0.046,7.64,5.5,42.02
2024-03-09 03:00:00,0.452,0.5,1.474,5.875,8.301,0.415,0.415,7.886,5.5,43.37
2024-03-09 04:00:00,0.447,0.805,1.996,6.081,9.33,0.0,0.0,9.33,5.5,51.32
2024-03-09 05:00:00,1.067,1.871,1.999,6.189,11.126,0.262,0.262,10.864,5.5,59.75
2024-03-09 06:00:00,1.81,1.295,2.698,6.072,11.875,0.852,0.852,11.023,9.5,104.72
2024-03-09 07:00:00,1.158,0.793,3.324,6.095,11.37,3.328,3.328,8.042,9.5,76.4
2024-03-09 08:00:00,1.794,3.656,3.946,6.071,15.467,6.481,6.481,8.986,9.5,85.37
2024-03-09 09:00:00,2.518,2.914,4.329,6.015,15.776,9.008,9.008,6.768,9.5,64.3
2024-03-09 10:00:00,2.352,4.473,4.344,6.105,17.273,10.351,10.351,6.922,5.5,38.07
2024-03-09 11:00:00,2.738,5.811,4.669,5.637,18.855,12.196,12.196,6.659,5.5,36.62
2024-03-09 12:00:00,2.43,6.417,5.87,6.017,20.734,12.536,12.536,8.198,5.5,45.09
2024-03-09 13:00:00,2.928,7.679,5.38,5.843,21.831,11.943,11.943,9.889,5.5,54.39
2024-03-09 14:00:00,2.693,7.381,4.562,6.174,20.81,10.512,10.512,10.298,5.5,56.64
2024-03-09 15:00:00,2.898,6.115,4.768,5.978,19.759,9.008,9.008,10.751,5.5,59.13
2024-03-09 16:00:00,2.732,8.001,4.278,6.005,21.016,5.931,5.931,15.085,5.5,82.97
2024-03-09 17:00:00,2.871,5.609,3.958,5.774,18.213,3.861,3.861,14.352,5.5,78.94
2024-03-09 18:00:00,1.96,4.402,3.07,6.153,15.584,0.034,0.034,15.55,9.5,147.73
2024-03-09 19:00:00,1.576,4.354,2.929,6.094,14.953,0.0,0.0,14.953,9.5,142.06
2024-03-09 20:00:00,1.249,2.944,3.365,6.084,13.642,0.0,0.0,13.642,9.5,129.6
2024-03-09 21:00:00,0.834,2.381,2.457,5.878,11.551,0.0,0.0,11.551,9.5,109.73
2024-03-09 22:00:00,0.835,3.546,0.868,5.884,11.133,0.724,0.724,10.409,5.5,57.25
2024-03-09 23:00:00,0.484,0.981,2.051,6.034,9.549,0.0,0.0,9.549,5.5,52.52
2024-03-10 00:00:00,0.362,0.5,1.446,5.896,8.204,0.0,0.0,8.204,5.5,45.12
2024-03-10 01:00:00,0.764,0.829,1.0,6.065,8.658,0.0,0.0,8.658,5.5,47.62
2024-03-10 02:00:00,0.2,1.632,1.612,5.676,9.12,0.15,0.15,8.97,5.5,49.33
2024-03-10 03:00:00,0.915,0.5,1.22,5.927,8.562,0.0,0.0,8.562,5.5,47.09
2024-03-10 04:00:00,1.129,0.5,1.676,6.27,9.574,0.0,0.0,9.574,5.5,52.66
2024-03-10 05:00:00,0.905,0.738,2.825,6.066,10.534,0.0,0.0,10.534,5.5,57.94
2024-03-10 06:00:00,0.554,0.5,2.532,6.025,9.611,0.0,0.0,9.611,9.5,91.31
2024-03-10 07:00:00,1.296,1.734,2.346,6.298,11.674,2.589,2.589,9.085,9.5,86.31
2024-03-10 08:00:00,2.176,3.163,3.536,5.65,14.524,5.183,5.183,9.342,9.5,88.74
2024-03-10 09:00:00,2.088,2.892,3.981,5.878,14.839,7.913,7.913,6.925,9.5,65.79
2024-03-10 10:00:00,2.076,3.406,4.892,5.94,16.313,9.161,9.161,7.152,5.5,39.34
2024-03-10 11:00:00,2.451,5.542,4.734,6.129,18.855,9.984,9.984,8.871,5.5,48.79
2024-03-10 12:00:00,3.001,6.986,4.762,6.131,20.88,10.55,10.55,10.33,5.5,56.81
2024-03-10 13:00:00,2.964,5.489,5.418,5.87,19.741,10.341,10.341,9.4,5.5,51.7
2024-03-10 14:00:00,2.677,7.696,4.979,6.15,21.502,8.856,8.856,12.646,5.5,69.55
2024-03-10 15:00:00,2.492,7.499,4.428,5.94,20.358,8.046,8.046,12.313,5.5,67.72
2024-03-10 16:00:00,2.258,7.059,4.875,6.182,20.373,5.605,5.605,14.769,5.5,81.23
2024-03-10 17:00:00,1.818,6.461,4.09,5.845,18.214,3.195,3.195,15.019,5.5,82.6
2024-03-10 18:00:00,2.271,6.309,3.563,5.982,18.124,0.118,0.118,18.006,9.5,171.06
2024-03-10 19:00:00,1.381,3.32,3.165,5.926,13.793,0.0,0.0,13.793,9.5,131.03
2024-03-10 20:00:00,1.556,2.849,2.213,6.158,12.776,0.461,0.461,12.315,9.5,116.99
2024-03-10 21:00:00,1.397,1.741,2.015,5.922,11.074,0.0,0.0,11.074,9.5,105.2
2024-03-10 22:00:00,1.033,1.563,1.866,5.994,10.456,0.0,0.0,10.456,5.5,57.51
2024-03-10 23:00:00,0.443,2.434,1.486,6.076,10.44,0.047,0.047,10.393,5.5,57.16
2024-03-11 00:00:00,1.012,0.729,2.529,6.082,10.352,0.413,0.413,9.939,5.5,54.66
2024-03-11 01:00:00,1.046,1.163,2.374,6.133,10.715,0.316,0.316,10.399,5.5,57.2
2024-03-11 02:00:00,1.023,3.049,2.992,6.032,13.097,0.272,0.272,12.825,5.5,70.54
2024-03-11 03:00:00,1.733,2.95,3.131,5.937,13.752,0.0,0.0,13.752,5.5,75.64
2024-03-11 04:00:00,1.743,2.18,4.151,5.948,14.021,0.0,0.0,14.021,5.5,77.12
2024-03-11 05:00:00,3.043,3.722,4.61,6.004,17.379,0.104,0.104,17.275,5.5,95.01
2024-03-11 06:00:00,3.263,4.2,5.287,6.037,18.787,0.0,0.0,18.787,9.5,178.48
2024-03-11 07:00:00,4.283,6.417,6.183,5.978,22.861,2.686,2.686,20.175,9.5,191.66
2024-03-11 08:00:00,5.189,7.004,6.741,6.003,24.937,4.922,4.922,20.015,9.5,190.14
2024-03-11 09:00:00,5.907,9.887,8.228,5.772,29.794,6.786,6.786,23.008,9.5,218.57
2024-03-11 10:00:00,6.964,13.549,8.809,6.1,35.422,7.336,7.336,28.086,5.5,154.47
2024-03-11 11:00:00,7.292,14.278,9.255,6.027,36.852,9.066,9.066,27.786,5.5,152.82
2024-03-11 12:00:00,8.116,15.873,10.303,6.15,40.442,9.313,9.313,31.129,5.5,171.21
2024-03-11 13:00:00,7.596,17.794,9.5,6.0,40.89,9.078,9.078,31.812,5.5,174.97
2024-03-11 14:00:00,7.892,17.414,9.692,5.739,40.737,7.868,7.868,32.869,5.5,180.78
2024-03-11 15:00:00,8.016,19.126,9.867,5.946,42.955,6.211,6.211,36.744,5.5,202.09
2024-03-11 16:00:00,6.487,15.978,8.951,5.97,37.386,4.812,4.812,32.574,5.5,179.16
2024-03-11 17:00:00,5.781,13.581,8.006,6.111,33.479,2.312,2.312,31.167,5.5,171.42
2024-03-11 18:00:00,5.258,10.767,7.223,5.689,28.938,0.172,0.172,28.766,9.5,273.28
2024-03-11 19:00:00,4.276,9.944,6.26,6.006,26.486,0.0,0.0,26.486,9.5,251.62
2024-03-11 20:00:00,3.507,7.638,4.675,6.077,21.897,0.425,0.425,21.472,9.5,203.99
2024-03-11 21:00:00,2.833,4.819,4.312,5.901,17.864,0.3,0.3,17.564,9.5,166.86
2024-03-11 22:00:00,2.287,4.388,4.375,6.011,17.061,0.089,0.089,16.972,5.5,93.35
2024-03-11 23:00:00,1.969,1.832,2.864,5.906,12.57,0.0,0.0,12.57,5.5,69.14
2024-03-12 00:00:00,1.014,1.964,1.893,5.891,10.761,0.256,0.256,10.506,5.5,57.78
2024-03-12 01:00:00,0.981,2.225,2.07,5.939,11.214,0.118,0.118,11.097,5.5,61.03
2024-03-12 02:00:00,1.496,3.325,2.616,5.893,13.33,0.072,0.072,13.259,5.5,72.92
2024-03-12 03:00:00,2.206,1.53,2.894,6.103,12.733,0.313,0.313,12.42,5.5,68.31
2024-03-12 04:00:00,2.057,1.463,3.923,5.89,13.332,0.428,0.428,12.904,5.5,70.97
2024-03-12 05:00:00,2.394,2.34,4.53,5.865,15.129,0.0,0.0,15.129,5.5,83.21
2024-03-12 06:00:00,3.734,2.882,5.591,6.265,18.472,0.0,0.0,18.472,9.5,175.49
2024-03-12 07:00:00,4.186,6.317,5.768,6.144,22.416,3.152,3.152,19.263,9.5,183.0
2024-03-12 08:00:00,4.452,8.225,6.987,5.721,25.384,6.092,6.092,19.293,9.5,183.28
2024-03-12 09:00:00,6.239,9.377,7.934,5.885,29.435,9.233,9.233,20.202,9.5,191.92
2024-03-12 10:00:00,6.627,12.482,9.007,6.036,34.152,11.512,11.512,22.641,5.5,124.52
2024-03-12 11:00:00,7.407,13.989,9.139,6.049,36.584,12.632,12.632,23.951,5.5,131.73
2024-03-12 12:00:00,7.954,15.852,10.227,5.776,39.81,12.924,12.924,26.885,5.5,147.87
2024-03-12 13:00:00,8.057,17.053,10.475,6.174,41.758,12.977,12.977,28.781,5.5,158.3
2024-03-12 14:00:00,8.067,17.564,9.465,6.124,41.22,11.374,11.374,29.846,5.5,164.15
2024-03-12 15:00:00,7.303,16.081,9.26,6.072,38.716,9.355,9.355,29.361,5.5,161.49
2024-03-12 16:00:00,6.942,16.14,8.612,6.204,37.897,6.889,6.889,31.009,5.5,170.55
2024-03-12 17:00:00,5.907,13.85,9.078,6.068,34.902,3.35,3.35,31.552,5.5,173.54
2024-03-12 18:00:00,5.326,12.101,6.951,6.067,30.445,0.618,0.618,29.827,9.5,283.35
2024-03-12 19:00:00,4.407,9.196,6.859,6.234,26.695,0.0,0.0,26.695,9.5,253.61
2024-03-12 20:00:00,3.122,6.856,4.775,6.165,20.917,0.599,0.599,20.318,9.5,193.02
2024-03-12 21:00:00,3.012,4.551,4.055,5.874,17.492,0.0,0.0,17.492,9.5,166.18
2024-03-12 22:00:00,1.936,4.008,3.454,6.095,15.493,0.155,0.155,15.338,5.5,84.36
2024-03-12 23:00:00,1.878,3.647,2.789,5.9,14.215,0.0,0.0,14.215,5.5,78.19
2024-03-13 00:00:00,1.001,0.912,1.913,6.076,9.902,0.336,0.336,9.566,5.5,52.61
2024-03-13 01:00:00,1.605,1.944,2.003,6.071,11.623,0.0,0.0,11.623,5.5,63.93
2024-03-13 02:00:00,1.227,2.157,2.323,5.792,11.5,0.087,0.087,11.413,5.5,62.77
2024-03-13 03:00:00,1.531,1.585,3.591,5.982,12.689,0.0,0.0,12.689,5.5,69.79
2024-03-13 04:00:00,2.091,2.03,4.218,6.04,14.378,0.281,0.281,14.097,5.5,77.53
2024-03-13 05:00:00,2.595,3.259,4.831,5.935,16.62,0.0,0.0,16.62,5.5,91.41
2024-03-13 06:00:00,3.642,3.068,5.491,6.047,18.248,0.505,0.505,17.743,9.5,168.56
2024-03-13 07:00:00,3.738,5.559,6.225,6.121,21.643,2.682,2.682,18.961,9.5,180.13
2024-03-13 08:00:00,4.788,6.311,6.924,5.995,24.019,5.355,5.355,18.664,9.5,177.31
2024-03-13 09:00:00,5.664,10.026,7.643,6.034,29.367,8.429,8.429,20.938,9.5,198.91
2024-03-13 10:00:00,7.073,13.444,8.97,6.208,35.694,9.796,9.796,25.898,5.5,142.44
2024-03-13 11:00:00,7.947,13.276,8.987,6.071,36.281,11.122,11.122,25.16,5.5,138.38
2024-03-13 12:00:00,7.823,16.451,9.463,6.03,39.767,11.42,11.42,28.348,5.5,155.91
2024-03-13 13:00:00,7.949,16.841,10.461,5.856,41.108,10.73,10.73,30.378,5.5,167.08
2024-03-13 14:00:00,7.875,18.751,10.621,6.101,43.348,9.95,9.95,33.398,5.5,183.69
2024-03-13 15:00:00,7.783,16.41,9.614,6.05,39.856,8.523,8.523,31.333,5.5,172.33
2024-03-13 16:00:00,6.509,16.408,9.268,6.193,38.378,6.059,6.059,32.319,5.5,177.75
2024-03-13 17:00:00,6.056,13.267,7.926,6.007,33.256,3.05,3.05,30.206,5.5,166.13
2024-03-13 18:00:00,5.397,11.408,6.588,5.728,29.12,0.334,0.334,28.786,9.5,273.47
2024-03-13 19:00:00,4.373,8.35,6.433,5.745,24.901,0.0,0.0,24.901,9.5,236.56
2024-03-13 20:00:00,3.459,7.685,5.509,6.11,22.764,0.0,0.0,22.764,9.5,216.26
2024-03-13 21:00:00,2.987,4.61,4.48,5.914,17.991,0.119,0.119,17.872,9.5,169.79
2024-03-13 22:00:00,1.286,4.416,3.631,6.066,15.398,0.0,0.0,15.398,5.5,84.69
2024-03-13 23:00:00,1.839,2.8,3.513,6.017,14.169,0.0,0.0,14.169,5.5,77.93
2024-03-14 00:00:00,0.694,1.746,1.626,5.975,10.042,0.0,0.0,10.042,5.5,55.23
2024-03-14 01:00:00,0.504,2.003,1.977,5.986,10.47,0.0,0.0,10.47,5.5,57.58
2024-03-14 02:00:00,1.448,1.373,2.247,5.87,10.938,0.245,0.245,10.693,5.5,58.81
2024-03-14 03:00:00,2.048,2.341,3.162,5.998,13.548,0.073,0.073,13.475,5.5,74.11
2024-03-14 04:00:00,2.055,3.74,3.293,5.912,15.0,0.271,0.271,14.73,5.5,81.01
2024-03-14 05:00:00,2.972,2.471,4.178,5.944,15.565,0.0,0.0,15.565,5.5,85.61
2024-03-14 06:00:00,3.886,4.936,4.999,5.951,19.772,0.0,0.0,19.772,9.5,187.84
2024-03-14 07:00:00,4.617,6.509,6.084,5.966,23.176,2.631,2.631,20.546,9.5,195.18
2024-03-14 08:00:00,5.596,6.416,6.528,6.138,24.679,5.334,5.334,19.344,9.5,183.77
2024-03-14 09:00:00,6.207,8.066,8.06,5.981,28.313,7.112,7.112,21.201,9.5,201.41
2024-03-14 10:00:00,6.81,11.884,9.324,6.154,34.172,9.036,9.036,25.135,5.5,138.25
2024-03-14 11:00:00,6.954,13.61,9.51,6.231,36.305,9.508,9.508,26.797,5.5,147.38
2024-03-14 12:00:00,7.78,17.614,10.477,6.128,42.0,10.108,10.108,31.892,5.5,175.41
2024-03-14 13:00:00,7.747,17.554,10.534,6.08,41.915,9.789,9.789,32.126,5.5,176.69
2024-03-14 14:00:00,8.506,17.384,10.172,6.049,42.11,9.163,9.163,32.946,5.5,181.21
2024-03-14 15:00:00,7.381,16.609,9.486,6.13,39.606,7.244,7.244,32.362,5.5,177.99
2024-03-14 16:00:00,6.825,16.991,8.834,6.013,38.663,5.602,5.602,33.061,5.5,181.84
2024-03-14 17:00:00,6.15,13.591,8.33,6.148,34.219,2.224,2.224,31.995,5.5,175.97
2024-03-14 18:00:00,5.117,11.677,6.966,6.092,29.853,0.039,0.039,29.814,9.5,283.23
2024-03-14 19:00:00,4.731,9.995,5.435,5.946,26.107,0.054,0.054,26.053,9.5,247.5
2024-03-14 20:00:00,3.215,6.682,5.478,6.134,21.51,0.186,0.186,21.324,9.5,202.58
2024-03-14 21:00:00,2.745,5.274,3.999,6.014,18.031,0.0,0.0,18.031,9.5,171.3
2024-03-14 22:00:00,1.874,3.985,3.343,5.984,15.186,0.505,0.505,14.681,5.5,80.74
2024-03-14 23:00:00,1.24,3.64,3.128,5.929,13.936,0.004,0.004,13.932,5.5,76.63
2024-03-15 00:00:00,0.707,2.322,1.982,6.025,11.036,0.0,0.0,11.036,5.5,60.7
2024-03-15 01:00:00,1.042,1.72,1.722,6.149,10.633,0.0,0.0,10.633,5.5,58.48
2024-03-15 02:00:00,1.166,2.045,2.717,6.133,12.061,0.0,0.0,12.061,5.5,66.34
2024-03-15 03:00:00,1.428,1.888,3.514,6.053,12.883,0.835,0.835,12.048,5.5,66.27
2024-03-15 04:00:00,1.675,1.348,3.277,6.09,12.39,0.315,0.315,12.075,5.5,66.41
2024-03-15 05:00:00,2.661,3.318,4.96,6.191,17.13,0.015,0.015,17.115,5.5,94.13
2024-03-15 06:00:00,2.951,5.536,4.658,5.978,19.121,0.0,0.0,19.121,9.5,181.65
2024-03-15 07:00:00,4.451,4.636,7.035,5.833,21.954,3.144,3.144,18.809,9.5,178.69
2024-03-15 08:00:00,5.129,6.493,6.958,6.195,24.775,5.823,5.823,18.952,9.5,180.05
2024-03-15 09:00:00,5.547,8.588,8.083,5.921,28.139,6.938,6.938,21.201,9.5,201.41
2024-03-15 10:00:00,6.695,12.291,8.068,5.896,32.951,9.759,9.759,23.191,5.5,127.55
2024-03-15 11:00:00,7.208,14.49,9.431,5.731,36.861,10.679,10.679,26.182,5.5,144.0
2024-03-15 12:00:00,7.95,16.088,9.952,6.086,40.076,10.653,10.653,29.423,5.5,161.82
2024-03-15 13:00:00,8.402,16.896,9.966,5.757,41.02,10.934,10.934,30.086,5.5,165.47
2024-03-15 14:00:00,7.292,18.206,9.635,5.887,41.021,10.24,10.24,30.78,5.5,169.29
2024-03-15 15:00:00,7.469,16.379,9.078,6.088,39.013,7.978,7.978,31.035,5.5,170.69
2024-03-15 16:00:00,6.74,16.33,9.277,6.108,38.455,5.853,5.853,32.601,5.5,179.31
2024-03-15 17:00:00,6.186,14.829,8.037,5.902,34.954,3.4,3.4,31.554,5.5,173.55
2024-03-15 18:00:00,5.168,10.71,7.739,5.98,29.597,0.0,0.0,29.597,9.5,281.18
2024-03-15 19:00:00,3.997,8.059,5.977,5.869,23.902,0.0,0.0,23.902,9.5,227.07
2024-03-15 20:00:00,3.307,8.375,5.108,5.918,22.707,0.197,0.197,22.51,9.5,213.84
2024-03-15 21:00:00,2.448,4.853,4.777,6.04,18.118,0.0,0.0,18.118,9.5,172.12
2024-03-15 22:00:00,2.419,4.931,3.079,5.925,16.354,0.0,0.0,16.354,5.5,89.95
2024-03-15 23:00:00,1.642,2.988,2.642,5.963,13.237,0.0,0.0,13.237,5.5,72.8
2024-03-16 00:00:00,0.882,0.614,1.449,5.78,8.726,0.218,0.218,8.508,5.5,46.79
2024-03-16 01:00:00,0.35,1.114,0.675,6.17,8.309,0.0,0.0,8.309,5.5,45.7
2024-03-16 02:00:00,0.241,0.5,0.598,6.077,7.415,0.0,0.0,7.415,5.5,40.78
2024-03-16 03:00:00,0.2,0.985,2.311,6.119,9.615,0.0,0.0,9.615,5.5,52.88
2024-03-16 04:00:00,0.2,0.713,1.307,6.194,8.413,0.0,0.0,8.413,5.5,46.27
2024-03-16 05:00:00,0.465,0.5,2.299,5.876,9.14,0.0,0.0,9.14,5.5,50.27
2024-03-16 06:00:00,1.271,1.888,2.668,5.946,11.774,0.0,0.0,11.774,9.5,111.85
2024-03-16 07:00:00,1.63,1.939,1.97,5.716,11.255,2.276,2.276,8.979,9.5,85.3
2024-03-16 08:00:00,1.312,2.736,3.455,6.471,13.973,5.374,5.374,8.599,9.5,81.69
2024-03-16 09:00:00,2.363,2.768,4.192,5.978,15.3,6.852,6.852,8.448,9.5,80.25
2024-03-16 10:00:00,2.231,5.985,4.554,6.156,18.926,9.27,9.27,9.656,5.5,53.11
2024-03-16 11:00:00,2.646,6.387,5.09,5.814,19.937,9.878,9.878,10.06,5.5,55.33
2024-03-16 12:00:00,3.233,7.296,4.775,6.149,21.453,10.19,10.19,11.263,5.5,61.95
2024-03-16 13:00:00,3.069,6.849,5.285,6.279,21.482,10.089,10.089,11.393,5.5,62.66
2024-03-16 14:00:00,2.668,5.912,4.655,5.991,19.226,8.706,8.706,10.52,5.5,57.86
2024-03-16 15:00:00,2.335,8.656,4.164,5.848,21.003,7.404,7.404,13.599,5.5,74.79
2024-03-16 16:00:00,1.73,6.475,3.893,5.979,18.078,4.957,4.957,13.121,5.5,72.17
2024-03-16 17:00:00,1.879,5.087,3.428,5.666,16.059,2.513,2.513,13.547,5.5,74.51
2024-03-16 18:00:00,1.723,5.046,3.965,5.994,16.728,0.122,0.122,16.607,9.5,157.76
2024-03-16 19:00:00,1.182,4.67,2.488,6.123,14.463,0.0,0.0,14.463,9.5,137.39
2024-03-16 20:00:00,1.151,2.843,2.75,5.995,12.739,0.0,0.0,12.739,9.5,121.02
2024-03-16 21:00:00,0.963,3.172,2.119,5.957,12.212,0.074,0.074,12.138,9.5,115.31
2024-03-16 22:00:00,0.666,2.485,1.823,6.079,11.053,0.0,0.0,11.053,5.5,60.79
2024-03-16 23:00:00,0.378,0.5,2.109,6.091,9.078,0.051,0.051,9.027,5.5,49.65
2024-03-17 00:00:00,0.362,0.5,0.835,5.751,7.448,0.098,0.098,7.35,5.5,40.42
2024-03-17 01:00:00,0.501,1.533,1.388,6.013,9.436,0.017,0.017,9.419,5.5,51.8
2024-03-17 02:00:00,0.2,0.5,1.34,6.365,8.406,0.182,0.182,8.223,5.5,45.23
2024-03-17 03:00:00,0.996,0.765,1.503,5.8,9.064,0.029,0.029,9.034,5.5,49.69
2024-03-17 04:00:00,0.704,0.5,2.784,5.987,9.976,0.0,0.0,9.976,5.5,54.87
2024-03-17 05:00:00,0.946,0.878,1.649,6.291,9.764,0.0,0.0,9.764,5.5,53.7
2024-03-17 06:00:00,1.403,1.389,3.156,6.166,12.114,0.578,0.578,11.536,9.5,109.59
2024-03-17 07:00:00,1.548,1.876,3.357,5.923,12.703,3.366,3.366,9.337,9.5,88.7
2024-03-17 08:00:00,2.072,2.436,3.37,6.031,13.909,6.787,6.787,7.122,9.5,67.66
2024-03-17 09:00:00,2.181,2.88,4.664,6.0,15.725,9.092,9.092,6.633,9.5,63.01
2024-03-17 10:00:00,2.192,6.573,3.673,5.888,18.326,11.245,11.245,7.081,5.5,38.95
2024-03-17 11:00:00,2.71,7.213,4.519,5.989,20.432,12.426,12.426,8.006,5.5,44.04
2024-03-17 12:00:00,2.406,5.633,4.447,5.958,18.444,13.745,13.745,4.699,5.5,25.85
2024-03-17 13:00:00,2.833,8.401,5.165,6.017,22.416,12.638,12.638,9.778,5.5,53.78
2024-03-17 14:00:00,2.739,7.019,4.485,5.888,20.131,11.102,11.102,9.029,5.5,49.66
2024-03-17 15:00:00,2.54,7.239,4.901,5.809,20.488,8.7,8.7,11.788,5.5,64.83
2024-03-17 16:00:00,2.337,6.512,4.338,5.994,19.181,7.094,7.094,12.086,5.5,66.48
2024-03-17 17:00:00,1.53,5.192,3.821,6.257,16.8,3.317,3.317,13.483,5.5,74.15
2024-03-17 18:00:00,1.622,5.527,3.717,6.012,16.878,0.223,0.223,16.655,9.5,158.22
2024-03-17 19:00:00,1.506,3.859,2.987,5.95,14.301,0.257,0.257,14.044,9.5,133.42
2024-03-17 20:00:00,1.239,2.497,2.205,6.113,12.054,0.0,0.0,12.054,9.5,114.51
2024-03-17 21:00:00,0.632,1.119,3.346,5.976,11.073,0.202,0.202,10.871,9.5,103.28
2024-03-17 22:00:00,1.113,0.913,1.669,6.28,9.976,0.0,0.0,9.976,5.5,54.87
2024-03-17 23:00:00,0.313,0.5,0.677,5.999,7.489,0.0,0.0,7.489,5.5,41.19
2024-03-18 00:00:00,1.181,1.892,1.683,6.105,10.862,0.349,0.349,10.512,5.5,57.82
2024-03-18 01:00:00,1.181,0.973,1.78,5.887,9.82,0.0,0.0,9.82,5.5,54.01
2024-03-18 02:00:00,1.101,1.817,2.981,6.075,11.974,0.156,0.156,11.819,5.5,65.0
2024-03-18 03:00:00,2.169,3.32,3.256,6.041,14.786,0.123,0.123,14.663,5.5,80.65
2024-03-18 04:00:00,1.738,3.535,3.888,5.992,15.152,0.191,0.191,14.961,5.5,82.29
2024-03-18 05:00:00,2.962,3.141,4.303,5.925,16.331,0.0,0.0,16.331,5.5,89.82
2024-03-18 06:00:00,3.702,4.024,5.17,5.904,18.8,0.0,0.0,18.8,9.5,178.6
2024-03-18 07:00:00,4.021,6.941,6.04,6.042,23.045,2.718,2.718,20.327,9.5,193.1
2024-03-18 08:00:00,5.522,7.654,7.09,6.094,26.361,5.189,5.189,21.172,9.5,201.13
2024-03-18 09:00:00,5.909,9.187,8.359,5.981,29.437,7.82,7.82,21.617,9.5,205.36
2024-03-18 10:00:00,6.874,10.778,8.96,6.043,32.655,9.776,9.776,22.879,5.5,125.84
2024-03-18 11:00:00,7.512,14.698,9.656,5.994,37.86,10.91,10.91,26.951,5.5,148.23
2024-03-18 12:00:00,7.814,17.166,10.06,6.015,41.055,10.775,10.775,30.28,5.5,166.54
2024-03-18 13:00:00,8.243,17.438,10.354,5.97,42.005,10.594,10.594,31.411,5.5,172.76
2024-03-18 14:00:00,8.092,18.687,9.976,6.003,42.758,9.553,9.553,33.205,5.5,182.63
2024-03-18 15:00:00,6.91,17.652,9.6,6.405,40.566,7.877,7.877,32.689,5.5,179.79
2024-03-18 16:00:00,7.179,16.355,9.301,6.047,38.882,5.175,5.175,33.707,5.5,185.39
2024-03-18 17:00:00,5.486,12.392,7.759,6.097,31.733,3.361,3.361,28.372,5.5,156.05
2024-03-18 18:00:00,5.414,11.742,6.781,6.066,30.002,0.278,0.278,29.724,9.5,282.38
2024-03-18 19:00:00,4.561,10.225,5.714,5.961,26.46,0.286,0.286,26.174,9.5,248.65
2024-03-18 20:00:00,3.075,6.732,5.355,6.194,21.356,0.361,0.361,20.995,9.5,199.45
2024-03-18 21:00:00,2.563,5.479,3.71,5.956,17.709,0.16,0.16,17.548,9.5,166.71
2024-03-18 22:00:00,1.765,3.488,3.913,6.158,15.325,0.0,0.0,15.325,5.5,84.29
2024-03-18 23:00:00,1.572,3.455,3.084,5.95,14.061,0.0,0.0,14.061,5.5,77.33
2024-03-19 00:00:00,0.798,1.719,2.474,5.856,10.848,0.0,0.0,10.848,5.5,59.66
2024-03-19 01:00:00,1.287,1.19,2.018,6.055,10.549,0.125,0.125,10.425,5.5,57.34
2024-03-19 02:00:00,1.688,3.108,2.569,5.834,13.199,0.0,0.0,13.199,5.5,72.59
2024-03-19 03:00:00,2.055,2.98,3.577,6.08,14.692,0.0,0.0,14.692,5.5,80.81
2024-03-19 04:00:00,1.928,2.106,4.282,5.821,14.137,0.361,0.361,13.775,5.5,75.76
2024-03-19 05:00:00,2.624,3.583,4.179,5.952,16.338,0.0,0.0,16.338,5.5,89.86
2024-03-19 06:00:00,2.897,4.547,5.354,5.785,18.584,0.0,0.0,18.584,9.5,176.55
2024-03-19 07:00:00,3.981,5.983,6.306,6.424,22.693,3.331,3.331,19.362,9.5,183.94
2024-03-19 08:00:00,5.394,5.924,7.272,5.752,24.342,5.87,5.87,18.472,9.5,175.49
2024-03-19 09:00:00,6.469,10.31,7.92,6.001,30.7,9.002,9.002,21.698,9.5,206.13
2024-03-19 10:00:00,6.417,11.533,9.338,6.171,33.459,10.377,10.377,23.082,5.5,126.95
2024-03-19 11:00:00,7.256,14.18,8.7,6.155,36.292,12.23,12.23,24.062,5.5,132.34
2024-03-19 12:00:00,7.846,18.709,9.692,6.128,42.375,13.1,13.1,29.275,5.5,161.01
2024-03-19 13:00:00,8.084,18.289,10.179,5.952,42.505,12.54,12.54,29.965,5.5,164.81
2024-03-19 14:00:00,7.611,18.253,10.044,6.203,42.11,10.945,10.945,31.166,5.5,171.41
2024-03-19 15:00:00,7.561,16.284,9.997,6.137,39.979,9.094,9.094,30.885,5.5,169.87
2024-03-19 16:00:00,6.645,17.711,9.304,6.032,39.692,6.099,6.099,33.593,5.5,184.76
2024-03-19 17:00:00,5.98,13.39,7.911,6.036,33.317,3.324,3.324,29.993,5.5,164.96
2024-03-19 18:00:00,5.268,11.186,7.643,5.954,30.051,0.879,0.879,29.172,9.5,277.13
2024-03-19 19:00:00,4.224,9.239,5.902,5.864,25.23,0.554,0.554,24.676,9.5,234.42
2024-03-19 20:00:00,3.271,8.413,5.654,6.186,23.524,0.016,0.016,23.508,9.5,223.33
2024-03-19 21:00:00,2.653,6.088,5.175,6.197,20.113,0.048,0.048,20.065,9.5,190.62
2024-03-19 22:00:00,2.07,3.991,4.214,5.867,16.142,0.0,0.0,16.142,5.5,88.78
2024-03-19 23:00:00,1.525,3.432,3.17,5.977,14.104,0.0,0.0,14.104,5.5,77.57
2024-03-20 00:00:00,0.813,1.423,1.888,5.978,10.102,0.109,0.109,9.994,5.5,54.97
2024-03-20 01:00:00,1.533,2.064,1.675,5.995,11.267,0.0,0.0,11.267,5.5,61.97
2024-03-20 02:00:00,1.463,2.112,2.775,6.01,12.359,0.271,0.271,12.088,5.5,66.48
2024-03-20 03:00:00,1.547,3.025,2.682,6.142,13.396,0.471,0.471,12.925,5.5,71.09
2024-03-20 04:00:00,2.306,3.379,3.411,5.888,14.983,0.1,0.1,14.884,5.5,81.86
2024-03-20 05:00:00,2.586,3.599,3.975,5.873,16.033,0.031,0.031,16.003,5.5,88.01
2024-03-20 06:00:00,3.754,3.851,5.097,6.185,18.888,0.0,0.0,18.888,9.5,179.44
2024-03-20 07:00:00,4.333,6.094,6.177,5.931,22.535,3.597,3.597,18.938,9.5,179.91
2024-03-20 08:00:00,5.072,7.248,7.232,5.811,25.363,6.173,6.173,19.19,9.5,182.3
2024-03-20 09:00:00,6.119,8.694,7.785,5.927,28.525,9.09,9.09,19.435,9.5,184.63
2024-03-20 10:00:00,6.316,11.735,9.253,5.95,33.255,11.574,11.574,21.681,5.5,119.24
2024-03-20 11:00:00,7.096,14.618,9.373,6.233,37.32,12.897,12.897,24.423,5.5,134.32
2024-03-20 12:00:00,7.496,17.423,9.546,6.139,40.604,12.893,12.893,27.711,5.5,152.41
2024-03-20 13:00:00,8.043,18.006,10.091,6.172,42.311,12.466,12.466,29.845,5.5,164.15
2024-03-20 14:00:00,8.374,17.702,10.646,6.123,42.845,11.077,11.077,31.768,5.5,174.73
2024-03-20 15:00:00,8.104,18.198,9.59,6.142,42.033,8.856,8.856,33.177,5.5,182.48
2024-03-20 16:00:00,6.979,16.786,8.68,5.897,38.341,6.326,6.326,32.016,5.5,176.09
2024-03-20 17:00:00,6.135,14.699,7.414,5.97,34.217,2.889,2.889,31.328,5.5,172.31
2024-03-20 18:00:00,4.564,12.794,7.035,5.852,30.244,0.205,0.205,30.039,9.5,285.37
2024-03-20 19:00:00,4.06,10.375,6.282,5.968,26.685,0.118,0.118,26.567,9.5,252.38
2024-03-20 20:00:00,3.166,6.846,5.127,6.103,21.242,0.168,0.168,21.073,9.5,200.2
2024-03-20 21:00:00,2.5,5.008,3.785,6.02,17.313,0.0,0.0,17.313,9.5,164.47
2024-03-20 22:00:00,2.046,3.309,3.388,6.197,14.94,0.0,0.0,14.94,5.5,82.17
2024-03-20 23:00:00,1.494,3.763,3.71,5.829,14.796,0.016,0.016,14.779,5.5,81.29
2024-03-21 00:00:00,0.297,3.074,2.594,6.075,12.039,0.019,0.019,12.02,5.5,66.11
2024-03-21 01:00:00,1.278,1.712,1.932,5.813,10.734,0.0,0.0,10.734,5.5,59.04
2024-03-21 02:00:00,0.973,1.872,2.919,6.014,11.778,0.0,0.0,11.778,5.5,64.78
2024-03-21 03:00:00,1.708,3.436,2.656,6.111,13.911,0.513,0.513,13.398,5.5,73.69
2024-03-21 04:00:00,2.719,3.025,4.29,5.968,16.001,0.128,0.128,15.873,5.5,87.3
2024-03-21 05:00:00,2.411,3.571,4.549,6.083,16.614,0.591,0.591,16.022,5.5,88.12
2024-03-21 06:00:00,2.643,3.212,5.661,5.856,17.373,0.381,0.381,16.992,9.5,161.42
2024-03-21 07:00:00,4.137,6.075,5.502,5.75,21.465,3.886,3.886,17.579,9.5,167.0
2024-03-21 08:00:00,5.434,6.621,7.394,6.084,25.533,6.198,6.198,19.335,9.5,183.68
2024-03-21 09:00:00,6.572,8.707,8.022,6.262,29.563,9.399,9.399,20.164,9.5,191.56
2024-03-21 10:00:00,6.419,11.85,9.166,5.851,33.285,11.164,11.164,22.122,5.5,121.67
2024-03-21 11:00:00,7.583,14.165,9.822,6.183,37.754,12.097,12.097,25.657,5.5,141.11
2024-03-21 12:00:00,7.715,16.614,9.887,6.007,40.222,13.489,13.489,26.733,5.5,147.03
2024-03-21 13:00:00,7.968,17.104,9.76,5.8,40.632,12.508,12.508,28.124,5.5,154.68
2024-03-21 14:00:00,8.648,19.544,10.173,5.83,44.194,10.977,10.977,33.218,5.5,182.7
2024-03-21 15:00:00,6.983,19.159,9.432,6.002,41.577,9.096,9.096,32.48,5.5,178.64
2024-03-21 16:00:00,6.864,15.233,8.476,5.939,36.512,6.281,6.281,30.231,5.5,166.27
2024-03-21 17:00:00,6.125,15.417,7.657,5.803,35.001,3.167,3.167,31.834,5.5,175.09
2024-03-21 18:00:00,5.43,11.479,6.532,5.746,29.187,0.0,0.0,29.187,9.5,277.28
2024-03-21 19:00:00,4.252,10.3,5.984,5.873,26.409,0.519,0.519,25.89,9.5,245.95
2024-03-21 20:00:00,3.495,7.309,5.723,6.029,22.556,0.0,0.0,22.556,9.5,214.28
2024-03-21 21:00:00,2.569,5.555,4.522,5.999,18.646,0.498,0.498,18.148,9.5,172.4
2024-03-21 22:00:00,2.177,4.017,3.516,5.925,15.635,0.255,0.255,15.38,5.5,84.59
2024-03-21 23:00:00,1.533,4.192,3.45,6.03,15.205,0.119,0.119,15.086,5.5,82.97
2024-03-22 00:00:00,1.077,0.934,1.687,6.156,9.854,0.224,0.224,9.63,5.5,52.96
2024-03-22 01:00:00,0.942,2.461,2.325,6.059,11.787,0.004,0.004,11.783,5.5,64.81
2024-03-22 02:00:00,1.408,2.958,2.578,5.982,12.926,0.386,0.386,12.54,5.5,68.97
2024-03-22 03:00:00,1.627,2.849,3.439,6.139,14.055,0.17,0.17,13.885,5.5,76.37
2024-03-22 04:00:00,2.434,4.495,3.097,5.856,15.883,0.0,0.0,15.883,5.5,87.35
2024-03-22 05:00:00,2.671,2.817,4.111,5.966,15.566,0.089,0.089,15.477,5.5,85.12
2024-03-22 06:00:00,2.87,4.954,4.626,5.97,18.421,0.235,0.235,18.186,9.5,172.76
2024-03-22 07:00:00,4.601,5.479,6.084,5.814,21.979,3.164,3.164,18.815,9.5,178.74
2024-03-22 08:00:00,4.832,8.393,7.607,5.937,26.77,6.317,6.317,20.452,9.5,194.3
2024-03-22 09:00:00,5.788,9.664,7.823,5.689,28.963,8.697,8.697,20.267,9.5,192.53
2024-03-22 10:00:00,6.609,11.887,8.621,6.287,33.403,10.463,10.463,22.94,5.5,126.17
2024-03-22 11:00:00,7.846,15.763,9.805,5.859,39.273,11.666,11.666,27.607,5.5,151.84
2024-03-22 12:00:00,7.214,16.494,10.288,6.238,40.234,12.098,12.098,28.136,5.5,154.75
2024-03-22 13:00:00,8.941,17.231,9.965,6.006,42.143,12.332,12.332,29.811,5.5,163.96
2024-03-22 14:00:00,8.171,18.471,10.135,6.085,42.861,10.129,10.129,32.732,5.5,180.03
2024-03-22 15:00:00,7.501,18.857,9.025,5.927,41.31,8.681,8.681,32.629,5.5,179.46
2024-03-22 16:00:00,6.771,18.001,9.376,6.031,40.18,6.05,6.05,34.13,5.5,187.71
2024-03-22 17:00:00,6.07,14.807,8.884,6.098,35.859,3.166,3.166,32.693,5.5,179.81
2024-03-22 18:00:00,5.26,13.252,7.331,6.1,31.943,0.0,0.0,31.943,9.5,303.46
2024-03-22 19:00:00,4.416,8.583,5.354,6.116,24.47,0.121,0.121,24.349,9.5,231.31
2024-03-22 20:00:00,3.569,7.052,5.058,5.945,21.624,0.0,0.0,21.624,9.5,205.42
2024-03-22 21:00:00,2.713,5.333,4.696,5.928,18.671,0.34,0.34,18.331,9.5,174.14
2024-03-22 22:00:00,2.037,4.097,3.56,5.761,15.455,0.0,0.0,15.455,5.5,85.0
2024-03-22 23:00:00,1.591,3.308,3.637,6.078,14.614,0.0,0.0,14.614,5.5,80.38
2024-03-23 00:00:00,0.253,1.327,1.245,6.162,8.988,0.001,0.001,8.987,5.5,49.43
2024-03-23 01:00:00,0.709,0.5,0.861,6.242,8.312,0.073,0.073,8.239,5.5,45.31
2024-03-23 02:00:00,0.631,0.947,1.338,6.046,8.962,0.011,0.011,8.951,5.5,49.23
2024-03-23 03:00:00,0.2,0.879,1.206,5.885,8.171,0.0,0.0,8.171,5.5,44.94
2024-03-23 04:00:00,0.931,0.5,1.791,5.745,8.967,0.103,0.103,8.864,5.5,48.75
2024-03-23 05:00:00,0.999,1.213,2.004,6.156,10.371,0.14,0.14,10.232,5.5,56.27
2024-03-23 06:00:00,1.185,1.57,3.111,5.731,11.597,0.0,0.0,11.597,9.5,110.17
2024-03-23 07:00:00,1.361,2.106,3.94,5.949,13.357,3.598,3.598,9.759,9.5,92.71
2024-03-23 08:00:00,2.124,3.005,2.989,5.966,14.084,7.061,7.061,7.023,9.5,66.72
2024-03-23 09:00:00,2.379,3.95,3.243,5.99,15.562,9.691,9.691,5.871,9.5,55.77
2024-03-23 10:00:00,2.144,4.561,4.314,6.005,17.024,11.89,11.89,5.135,5.5,28.24
2024-03-23 11:00:00,2.724,6.939,4.121,6.021,19.804,13.001,13.001,6.803,5.5,37.42
2024-03-23 12:00:00,2.457,5.858,4.949,5.638,18.902,13.125,13.125,5.777,5.5,31.77
2024-03-23 13:00:00,2.386,6.81,5.3,6.002,20.498,12.706,12.706,7.791,5.5,42.85
2024-03-23 14:00:00,2.561,9.821,5.528,5.666,23.575,11.706,11.706,11.869,5.5,65.28
2024-03-23 15:00:00,2.861,6.556,4.809,6.11,20.335,9.762,9.762,10.573,5.5,58.15
2024-03-23 16:00:00,2.662,5.71,4.335,5.917,18.624,7.539,7.539,11.085,5.5,60.97
2024-03-23 17:00:00,2.248,6.508,3.221,5.676,17.654,3.764,3.764,13.89,5.5,76.39
2024-03-23 18:00:00,2.004,3.245,3.572,5.878,14.699,0.0,0.0,14.699,9.5,139.64
2024-03-23 19:00:00,1.633,3.702,3.123,5.914,14.372,0.0,0.0,14.372,9.5,136.53
2024-03-23 20:00:00,0.998,4.696,2.896,6.179,14.769,0.684,0.684,14.086,9.5,133.82
2024-03-23 21:00:00,1.07,1.002,1.942,6.029,10.044,0.0,0.0,10.044,9.5,95.42
2024-03-23 22:00:00,0.974,0.5,1.69,6.052,9.216,0.014,0.014,9.201,5.5,50.61
2024-03-23 23:00:00,0.799,0.5,0.973,6.177,8.449,0.0,0.0,8.449,5.5,46.47
2024-03-24 00:00:00,0.668,1.498,0.3,5.986,8.452,0.47,0.47,7.982,5.5,43.9
2024-03-24 01:00:00,0.581,1.699,0.7,6.113,9.093,0.15,0.15,8.943,5.5,49.19
2024-03-24 02:00:00,0.558,0.5,0.697,6.103,7.858,0.0,0.0,7.858,5.5,43.22
2024-03-24 03:00:00,0.894,1.467,1.699,5.807,9.867,0.0,0.0,9.867,5.5,54.27
2024-03-24 04:00:00,0.726,2.178,1.657,6.221,10.782,0.092,0.092,10.69,5.5,58.79
2024-03-24 05:00:00,0.676,2.741,2.01,5.787,11.214,0.013,0.013,11.201,5.5,61.6
2024-03-24 06:00:00,1.142,1.497,2.247,6.138,11.024,0.25,0.25,10.774,9.5,102.36
2024-03-24 07:00:00,1.254,0.5,1.801,5.772,9.328,2.965,2.965,6.363,9.5,60.45
2024-03-24 08:00:00,1.584,2.34,4.165,6.09,14.178,5.332,5.332,8.847,9.5,84.04
2024-03-24 09:00:00,2.051,3.571,3.612,6.279,15.513,7.489,7.489,8.024,9.5,76.23
2024-03-24 10:00:00,2.138,4.727,4.248,5.968,17.081,9.324,9.324,7.757,5.5,42.66
2024-03-24 11:00:00,2.51,5.804,4.146,5.962,18.421,10.288,10.288,8.133,5.5,44.73
2024-03-24 12:00:00,2.181,7.727,5.319,6.092,21.319,10.783,10.783,10.536,5.5,57.95
2024-03-24 13:00:00,2.864,8.448,5.057,5.951,22.32,10.458,10.458,11.862,5.5,65.24
2024-03-24 14:00:00,2.749,7.502,4.6,6.273,21.124,9.103,9.103,12.022,5.5,66.12
2024-03-24 15:00:00,2.357,8.307,4.571,6.029,21.264,7.841,7.841,13.423,5.5,73.82
2024-03-24 16:00:00,2.573,7.118,5.084,5.952,20.727,5.3,5.3,15.427,5.5,84.85
2024-03-24 17:00:00,2.376,6.006,3.983,5.919,18.284,2.548,2.548,15.735,5.5,86.54
2024-03-24 18:00:00,1.304,5.66,3.489,5.86,16.313,0.0,0.0,16.313,9.5,154.97
2024-03-24 19:00:00,1.249,3.97,2.717,5.906,13.842,0.073,0.073,13.769,9.5,130.81
2024-03-24 20:00:00,0.96,4.642,1.883,5.947,13.433,0.025,0.025,13.408,9.5,127.38
2024-03-24 21:00:00,0.658,1.1,2.162,5.927,9.847,0.127,0.127,9.72,9.5,92.34
2024-03-24 22:00:00,0.983,1.282,1.994,5.901,10.161,0.27,0.27,9.891,5.5,54.4
2024-03-24 23:00:00,0.514,1.21,2.004,6.315,10.043,0.391,0.391,9.651,5.5,53.08
2024-03-25 00:00:00,0.811,2.31,1.121,5.845,10.088,0.086,0.086,10.002,5.5,55.01
2024-03-25 01:00:00,0.452,3.023,1.837,6.022,11.333,0.0,0.0,11.333,5.5,62.33
2024-03-25 02:00:00,1.485,2.093,2.418,6.089,12.085,0.0,0.0,12.085,5.5,66.47
2024-03-25 03:00:00,1.264,1.177,3.126,6.095,11.662,0.0,0.0,11.662,5.5,64.14
2024-03-25 04:00:00,2.115,3.354,3.67,5.991,15.13,0.509,0.509,14.621,5.5,80.42
2024-03-25 05:00:00,2.77,3.9,4.403,5.964,17.036,0.596,0.596,16.44,5.5,90.42
2024-03-25 06:00:00,3.81,2.707,5.445,6.068,18.03,0.195,0.195,17.835,9.5,169.43
2024-03-25 07:00:00,3.83,5.656,5.827,6.04,21.353,2.671,2.671,18.682,9.5,177.47
2024-03-25 08:00:00,4.198,6.261,7.497,5.961,23.916,4.738,4.738,19.178,9.5,182.2
2024-03-25 09:00:00,6.04,9.303,8.198,5.766,29.307,6.704,6.704,22.603,9.5,214.73
2024-03-25 10:00:00,7.328,11.683,8.697,5.93,33.638,7.597,7.597,26.041,5.5,143.23
2024-03-25 11:00:00,7.806,15.616,10.097,5.828,39.347,8.985,8.985,30.361,5.5,166.99
2024-03-25 12:00:00,7.917,17.269,10.483,5.9,41.569,9.061,9.061,32.508,5.5,178.8
2024-03-25 13:00:00,7.853,17.647,10.373,6.005,41.877,9.092,9.092,32.785,5.5,180.32
2024-03-25 14:00:00,8.096,19.911,8.653,6.054,42.714,8.058,8.058,34.656,5.5,190.61
2024-03-25 15:00:00,7.142,17.528,10.088,6.267,41.025,7.178,7.178,33.847,5.5,186.16
2024-03-25 16:00:00,6.93,17.44,9.143,5.919,39.433,4.938,4.938,34.495,5.5,189.72
2024-03-25 17:00:00,6.136,14.318,8.827,6.116,35.397,2.499,2.499,32.898,5.5,180.94
2024-03-25 18:00:00,5.422,12.113,7.618,6.046,31.199,0.0,0.0,31.199,9.5,296.39
2024-03-25 19:00:00,5.05,10.238,6.819,6.194,28.303,0.503,0.503,27.8,9.5,264.1
2024-03-25 20:00:00,3.52,7.95,5.633,6.086,23.189,0.0,0.0,23.189,9.5,220.3
2024-03-25 21:00:00,2.534,6.729,4.991,5.849,20.102,0.1,0.1,20.002,9.5,190.02
2024-03-25 22:00:00,2.089,4.194,4.526,5.742,16.551,0.013,0.013,16.538,5.5,90.96
2024-03-25 23:00:00,1.105,3.541,3.214,6.047,13.907,0.0,0.0,13.907,5.5,76.49
2024-03-26 00:00:00,0.682,1.619,1.391,5.921,9.614,0.011,0.011,9.603,5.5,52.81
2024-03-26 01:00:00,0.93,2.165,2.164,5.853,11.112,0.0,0.0,11.112,5.5,61.12
2024-03-26 02:00:00,1.137,2.476,2.806,5.81,12.23,0.0,0.0,12.23,5.5,67.26
2024-03-26 03:00:00,1.682,2.249,3.158,6.024,13.113,0.105,0.105,13.008,5.5,71.54
2024-03-26 04:00:00,1.85,1.252,3.23,6.226,12.558,0.47,0.47,12.087,5.5,66.48
2024-03-26 05:00:00,3.023,3.58,3.799,5.939,16.34,0.104,0.104,16.235,5.5,89.29
2024-03-26 06:00:00,3.402,4.576,4.985,6.089,19.052,0.0,0.0,19.052,9.5,180.99
2024-03-26 07:00:00,4.22,5.147,6.511,5.985,21.862,3.094,3.094,18.768,9.5,178.3
2024-03-26 08:00:00,5.006,6.547,7.755,5.807,25.115,7.048,7.048,18.067,9.5,171.63
2024-03-26 09:00:00,6.031,11.07,8.391,6.11,31.603,9.464,9.464,22.139,9.5,210.32
2024-03-26 10:00:00,7.035,12.868,9.248,5.836,34.987,11.993,11.993,22.994,5.5,126.47
2024-03-26 11:00:00,7.174,14.869,9.424,6.003,37.47,13.278,13.278,24.193,5.5,133.06
2024-03-26 12:00:00,7.657,16.362,9.164,5.949,39.131,13.769,13.769,25.363,5.5,139.5
2024-03-26 13:00:00,7.909,18.122,9.818,6.134,41.983,13.171,13.171,28.812,5.5,158.46
2024-03-26 14:00:00,7.451,20.356,9.757,5.841,43.405,11.915,11.915,31.49,5.5,173.2
2024-03-26 15:00:00,7.188,18.889,9.257,6.059,41.394,9.599,9.599,31.795,5.5,174.87
2024-03-26 16:00:00,6.645,16.831,8.847,5.874,38.197,6.622,6.622,31.575,5.5,173.66
2024-03-26 17:00:00,6.247,15.46,8.201,5.923,35.832,3.237,3.237,32.594,5.5,179.27
2024-03-26 18:00:00,5.183,11.823,7.464,5.455,29.925,0.0,0.0,29.925,9.5,284.28
2024-03-26 19:00:00,4.281,11.09,6.077,6.314,27.762,0.0,0.0,27.762,9.5,263.74
2024-03-26 20:00:00,3.658,8.657,4.52,6.083,22.917,0.456,0.456,22.461,9.5,213.38
2024-03-26 21:00:00,2.645,5.317,4.258,5.885,18.106,0.219,0.219,17.886,9.5,169.92
2024-03-26 22:00:00,2.214,3.781,3.746,5.831,15.572,0.068,0.068,15.503,5.5,85.27
2024-03-26 23:00:00,1.605,1.22,3.617,5.926,12.367,0.0,0.0,12.367,5.5,68.02
2024-03-27 00:00:00,0.97,0.795,1.793,6.108,9.666,0.299,0.299,9.367,5.5,51.52
2024-03-27 01:00:00,0.878,0.959,2.492,5.716,10.046,0.0,0.0,10.046,5.5,55.25
2024-03-27 02:00:00,0.563,2.244,2.766,5.979,11.552,0.472,0.472,11.08,5.5,60.94
2024-03-27 03:00:00,1.596,2.08,3.145,6.266,13.086,0.0,0.0,13.086,5.5,71.97
2024-03-27 04:00:00,2.523,1.634,4.1,5.83,14.088,0.0,0.0,14.088,5.5,77.48
2024-03-27 05:00:00,2.964,3.108,4.187,6.012,16.271,0.0,0.0,16.271,5.5,89.49
2024-03-27 06:00:00,3.692,4.712,5.052,6.33,19.786,0.0,0.0,19.786,9.5,187.97
2024-03-27 07:00:00,4.593,6.144,6.183,6.095,23.016,2.748,2.748,20.268,9.5,192.54
2024-03-27 08:00:00,5.131,6.097,6.867,6.019,24.113,5.883,5.883,18.23,9.5,173.19
2024-03-27 09:00:00,6.044,9.842,8.228,6.076,30.19,8.063,8.063,22.127,9.5,210.2
2024-03-27 10:00:00,6.602,11.437,8.54,5.94,32.519,8.98,8.98,23.539,5.5,129.47
2024-03-27 11:00:00,7.339,15.857,9.547,6.195,38.938,11.628,11.628,27.31,5.5,150.21
2024-03-27 12:00:00,8.039,17.995,9.821,5.94,41.794,11.199,11.199,30.595,5.5,168.27
2024-03-27 13:00:00,8.361,18.165,10.086,5.706,42.318,11.483,11.483,30.836,5.5,169.6
2024-03-27 14:00:00,7.812,18.808,9.677,5.941,42.239,10.146,10.146,32.093,5.5,176.51
2024-03-27 15:00:00,7.299,18.514,9.321,5.855,40.989,8.912,8.912,32.077,5.5,176.43
2024-03-27 16:00:00,6.788,15.565,8.863,5.958,37.174,6.151,6.151,31.023,5.5,170.62
2024-03-27 17:00:00,6.165,15.405,8.106,5.961,35.636,2.878,2.878,32.758,5.5,180.17
2024-03-27 18:00:00,4.671,12.325,7.121,6.18,30.297,0.0,0.0,30.297,9.5,287.82
2024-03-27 19:00:00,3.534,10.721,6.87,6.104,27.229,0.451,0.451,26.778,9.5,254.39
2024-03-27 20:00:00,3.237,6.738,4.885,6.039,20.9,0.0,0.0,20.9,9.5,198.55
2024-03-27 21:00:00,2.32,5.227,4.426,6.0,17.972,0.057,0.057,17.915,9.5,170.19
2024-03-27 22:00:00,1.944,3.102,3.099,5.841,13.986,0.0,0.0,13.986,5.5,76.93
2024-03-27 23:00:00,1.592,2.529,3.277,5.673,13.07,0.0,0.0,13.07,5.5,71.89
2024-03-28 00:00:00,0.755,1.046,1.574,6.017,9.391,0.106,0.106,9.285,5.5,51.07
2024-03-28 01:00:00,1.489,2.839,2.175,6.119,12.622,0.057,0.057,12.565,5.5,69.11
2024-03-28 02:00:00,1.392,1.589,2.502,5.984,11.467,0.137,0.137,11.33,5.5,62.31
2024-03-28 03:00:00,1.726,2.453,3.24,5.92,13.339,0.042,0.042,13.297,5.5,73.13
2024-03-28 04:00:00,2.283,2.42,3.507,6.07,14.28,0.125,0.125,14.155,5.5,77.85
2024-03-28 05:00:00,2.345,2.336,4.213,5.988,14.881,0.028,0.028,14.853,5.5,81.69
2024-03-28 06:00:00,3.714,4.197,5.856,6.253,20.02,0.0,0.0,20.02,9.5,190.19
2024-03-28 07:00:00,4.2,6.233,6.302,6.185,22.92,2.486,2.486,20.434,9.5,194.12
2024-03-28 08:00:00,5.305,6.692,6.898,6.144,25.04,4.585,4.585,20.455,9.5,194.32
2024-03-28 09:00:00,5.663,10.647,7.924,6.114,30.348,6.554,6.554,23.794,9.5,226.04
2024-03-28 10:00:00,6.321,11.933,9.483,5.806,33.544,8.213,8.213,25.332,5.5,139.32
2024-03-28 11:00:00,7.68,14.833,9.362,6.099,37.974,9.237,9.237,28.737,5.5,158.06
2024-03-28 12:00:00,7.967,17.887,9.585,6.056,41.496,9.61,9.61,31.886,5.5,175.37
2024-03-28 13:00:00,7.729,18.457,9.726,6.091,42.003,9.547,9.547,32.456,5.5,178.51
2024-03-28 14:00:00,7.593,19.558,9.641,6.074,42.866,8.164,8.164,34.702,5.5,190.86
2024-03-28 15:00:00,7.772,18.736,9.218,6.068,41.794,6.847,6.847,34.947,5.5,192.21
2024-03-28 16:00:00,6.431,17.566,8.313,6.405,38.715,4.835,4.835,33.88,5.5,186.34
2024-03-28 17:00:00,6.477,13.315,7.575,5.989,33.356,2.302,2.302,31.054,5.5,170.79
2024-03-28 18:00:00,4.834,11.149,6.791,6.14,28.914,0.022,0.022,28.892,9.5,274.48
2024-03-28 19:00:00,4.414,10.492,6.425,5.929,27.26,0.301,0.301,26.959,9.5,256.11
2024-03-28 20:00:00,3.304,8.488,5.129,6.119,23.04,0.056,0.056,22.984,9.5,218.35
2024-03-28 21:00:00,2.867,5.025,4.368,6.141,18.402,0.068,0.068,18.334,9.5,174.17
2024-03-28 22:00:00,1.933,4.136,4.236,6.055,16.36,0.0,0.0,16.36,5.5,89.98
2024-03-28 23:00:00,1.587,3.587,3.646,6.25,15.07,0.591,0.591,14.48,5.5,79.64
2024-03-29 00:00:00,0.903,2.557,1.907,5.867,11.234,0.0,0.0,11.234,5.5,61.79
2024-03-29 01:00:00,0.752,0.5,2.034,5.927,9.214,0.0,0.0,9.214,5.5,50.67
2024-03-29 02:00:00,1.517,1.451,2.305,6.032,11.304,0.258,0.258,11.046,5.5,60.75
2024-03-29 03:00:00,1.482,2.1,3.405,6.132,13.119,0.0,0.0,13.119,5.5,72.16
2024-03-29 04:00:00,2.028,3.302,3.646,6.027,15.004,0.0,0.0,15.004,5.5,82.52
2024-03-29 05:00:00,2.388,5.368,4.297,6.193,18.246,0.0,0.0,18.246,5.5,100.35
2024-03-29 06:00:00,2.634,4.173,4.956,5.901,17.663,0.562,0.562,17.102,9.5,162.46
2024-03-29 07:00:00,4.165,4.66,5.88,5.829,20.534,2.59,2.59,17.944,9.5,170.47
2024-03-29 08:00:00,5.828,8.022,7.251,6.046,27.147,4.962,4.962,22.185,9.5,210.76
2024-03-29 09:00:00,6.22,11.111,7.499,5.988,30.818,6.833,6.833,23.984,9.5,227.85
2024-03-29 10:00:00,6.782,12.768,9.223,6.081,34.854,8.39,8.39,26.464,5.5,145.55
2024-03-29 11:00:00,7.355,14.577,9.243,5.996,37.171,9.687,9.687,27.484,5.5,151.16
2024-03-29 12:00:00,7.861,18.325,9.801,5.949,41.935,9.519,9.519,32.416,5.5,178.29
2024-03-29 13:00:00,8.164,19.622,9.465,5.989,43.24,8.83,8.83,34.409,5.5,189.25
2024-03-29 14:00:00,7.5,18.814,9.856,6.004,42.174,8.569,8.569,33.604,5.5,184.82
2024-03-29 15:00:00,7.768,19.396,9.325,5.954,42.444,6.933,6.933,35.51,5.5,195.31
2024-03-29 16:00:00,7.002,18.356,8.805,5.97,40.133,4.83,4.83,35.303,5.5,194.17
2024-03-29 17:00:00,6.2,16.248,8.613,5.939,37.001,2.624,2.624,34.376,5.5,189.07
2024-03-29 18:00:00,5.236,12.628,7.194,6.128,31.186,0.0,0.0,31.186,9.5,296.27
2024-03-29 19:00:00,4.228,9.767,5.87,6.029,25.895,0.006,0.006,25.889,9.5,245.95
2024-03-29 20:00:00,3.604,8.682,4.997,6.339,23.622,0.0,0.0,23.622,9.5,224.41
2024-03-29 21:00:00,2.864,4.817,4.689,6.024,18.394,0.0,0.0,18.394,9.5,174.75
2024-03-29 22:00:00,1.99,4.706,4.248,5.917,16.861,0.357,0.357,16.505,5.5,90.77
2024-03-29 23:00:00,1.464,2.273,3.24,6.401,13.378,0.0,0.0,13.378,5.5,73.58
2024-03-30 00:00:00,0.342,1.657,1.286,6.062,9.347,0.708,0.708,8.639,5.5,47.52
2024-03-30 01:00:00,0.833,0.619,1.387,6.149,8.988,0.263,0.263,8.725,5.5,47.99
2024-03-30 02:00:00,0.2,1.883,1.893,6.089,10.065,0.0,0.0,10.065,5.5,55.36
2024-03-30 03:00:00,0.2,1.345,0.784,6.093,8.422,0.0,0.0,8.422,5.5,46.32
2024-03-30 04:00:00,0.783,0.5,2.131,6.08,9.495,0.0,0.0,9.495,5.5,52.22
2024-03-30 05:00:00,0.955,2.495,2.619,5.835,11.904,0.118,0.118,11.786,5.5,64.83
2024-03-30 06:00:00,1.243,2.992,2.105,6.055,12.396,0.0,0.0,12.396,9.5,117.76
2024-03-30 07:00:00,1.551,3.032,2.74,5.801,13.125,2.578,2.578,10.547,9.5,100.19
2024-03-30 08:00:00,1.719,2.488,3.221,5.974,13.402,4.925,4.925,8.477,9.5,80.53
2024-03-30 09:00:00,2.542,3.799,3.721,5.891,15.952,6.795,6.795,9.157,9.5,86.99
2024-03-30 10:00:00,1.895,5.216,4.22,6.054,17.385,8.331,8.331,9.055,5.5,49.8
2024-03-30 11:00:00,2.353,5.591,4.825,6.05,18.82,9.861,9.861,8.959,5.5,49.28
2024-03-30 12:00:00,2.718,8.415,5.277,6.072,22.482,9.414,9.414,13.068,5.5,71.87
2024-03-30 13:00:00,2.307,7.793,5.433,6.043,21.576,9.728,9.728,11.847,5.5,65.16
2024-03-30 14:00:00,2.696,5.734,4.595,5.909,18.934,8.833,8.833,10.101,5.5,55.56
2024-03-30 15:00:00,3.1,7.949,4.39,5.961,21.401,6.951,6.951,14.45,5.5,79.47
2024-03-30 16:00:00,2.382,6.783,4.939,6.138,20.242,4.977,4.977,15.264,5.5,83.95
2024-03-30 17:00:00,2.164,6.094,4.271,6.16,18.689,2.917,2.917,15.772,5.5,86.75
2024-03-30 18:00:00,1.408,4.805,3.595,5.828,15.636,0.0,0.0,15.636,9.5,148.54
2024-03-30 19:00:00,1.293,4.689,3.283,5.77,15.036,0.0,0.0,15.036,9.5,142.84
2024-03-30 20:00:00,1.078,3.993,2.629,5.891,13.591,0.0,0.0,13.591,9.5,129.11
2024-03-30 21:00:00,0.845,2.553,2.435,6.157,11.99,0.35,0.35,11.641,9.5,110.59
2024-03-30 22:00:00,1.118,1.48,1.73,6.182,10.51,0.388,0.388,10.123,5.5,55.67
2024-03-30 23:00:00,0.74,1.322,1.671,5.861,9.595,0.0,0.0,9.595,5.5,52.77
2024-03-31 00:00:00,0.2,0.825,0.406,6.046,7.477,0.302,0.302,7.175,5.5,39.46
2024-03-31 01:00:00,0.443,0.5,0.868,6.275,8.086,0.246,0.246,7.84,5.5,43.12
2024-03-31 02:00:00,0.603,1.336,1.054,6.062,9.056,0.466,0.466,8.59,5.5,47.24
2024-03-31 03:00:00,0.915,1.325,1.414,6.213,9.867,0.116,0.116,9.751,5.5,53.63
2024-03-31 04:00:00,1.208,2.34,1.494,6.15,11.191,0.0,0.0,11.191,5.5,61.55
2024-03-31 05:00:00,0.636,2.367,2.012,5.863,10.878,0.344,0.344,10.534,5.5,57.94
2024-03-31 06:00:00,0.948,1.212,2.035,5.972,10.166,0.21,0.21,9.957,9.5,94.59
2024-03-31 07:00:00,1.101,2.995,3.314,6.005,13.415,4.181,4.181,9.233,9.5,87.72
2024-03-31 08:00:00,1.716,2.353,3.528,6.016,13.613,7.064,7.064,6.549,9.5,62.21
2024-03-31 09:00:00,2.234,4.622,3.33,6.137,16.324,9.63,9.63,6.694,9.5,63.59
2024-03-31 10:00:00,2.672,4.714,4.079,6.061,17.526,11.386,11.386,6.14,5.5,33.77
2024-03-31 11:00:00,2.579,5.369,4.863,5.56,18.37,12.918,12.918,5.452,5.5,29.99
2024-03-31 12:00:00,2.653,7.323,4.713,5.803,20.493,13.123,13.123,7.37,5.5,40.53
2024-03-31 13:00:00,2.846,5.579,4.721,5.672,18.818,13.027,13.027,5.791,5.5,31.85
2024-03-31 14:00:00,2.498,6.538,4.9,6.026,19.963,12.016,12.016,7.948,5.5,43.71
2024-03-31 15:00:00,3.229,7.577,4.866,6.036,21.707,9.583,9.583,12.125,5.5,66.69
2024-03-31 16:00:00,1.893,7.165,3.838,6.042,18.939,7.083,7.083,11.856,5.5,65.21
2024-03-31 17:00:00,2.15,5.892,4.232,5.856,18.13,3.609,3.609,14.521,5.5,79.87
2024-03-31 18:00:00,2.394,3.864,3.241,6.101,15.6,0.0,0.0,15.6,9.5,148.2
2024-03-31 19:00:00,1.48,3.411,3.087,6.107,14.085,0.026,0.026,14.059,9.5,133.56
2024-03-31 20:00:00,1.134,3.426,2.627,5.812,12.999,0.142,0.142,12.857,9.5,122.14
2024-03-31 21:00:00,0.833,2.805,2.015,5.78,11.432,0.042,0.042,11.391,9.5,108.21
2024-03-31 22:00:00,0.68,1.748,1.455,6.0,9.882,0.045,0.045,9.837,5.5,54.1
2024-03-31 23:00:00,0.984,2.288,1.45,6.269,10.991,0.0,0.0,10.991,5.5,60.45
2024-04-01 00:00:00,0.227,2.352,2.67,6.255,11.505,0.0,0.0,11.505,5.5,63.28
2024-04-01 01:00:00,1.513,1.489,1.742,6.085,10.828,0.678,0.678,10.151,5.5,55.83
2024-04-01 02:00:00,0.867,1.97,3.327,5.891,12.055,0.369,0.369,11.687,5.5,64.28
2024-04-01 03:00:00,1.556,1.282,3.024,6.133,11.995,0.0,0.0,11.995,5.5,65.97
2024-04-01 04:00:00,1.968,2.698,3.742,5.932,14.34,0.0,0.0,14.34,5.5,78.87
2024-04-01 05:00:00,2.863,4.314,4.017,5.885,17.078,0.023,0.023,17.055,5.5,93.8
2024-04-01 06:00:00,2.923,4.974,4.973,5.678,18.548,0.268,0.268,18.28,9.5,173.66
2024-04-01 07:00:00,4.361,7.0,5.987,6.015,23.364,3.313,3.313,20.051,9.5,190.49
2024-04-01 08:00:00,5.711,7.583,6.705,5.906,25.904,7.007,7.007,18.897,9.5,179.52
2024-04-01 09:00:00,5.576,11.294,7.941,6.014,30.825,9.495,9.495,21.33,9.5,202.64
2024-04-01 10:00:00,6.845,12.732,8.662,5.655,33.894,11.558,11.558,22.337,5.5,122.85
2024-04-01 11:00:00,7.236,16.728,10.197,6.025,40.185,13.172,13.172,27.013,5.5,148.57
2024-04-01 12:00:00,7.982,17.825,9.394,5.635,40.837,13.242,13.242,27.595,5.5,151.77
2024-04-01 13:00:00,8.006,19.966,10.041,6.163,44.176,12.859,12.859,31.317,5.5,172.24
2024-04-01 14:00:00,7.662,21.133,9.96,6.078,44.833,11.807,11.807,33.025,5.5,181.64
2024-04-01 15:00:00,7.58,19.246,9.028,5.958,41.812,9.467,9.467,32.345,5.5,177.9
2024-04-01 16:00:00,7.329,18.017,9.1,6.084,40.531,7.274,7.274,33.257,5.5,182.91
2024-04-01 17:00:00,5.927,16.581,7.865,5.853,36.227,3.677,3.677,32.551,5.5,179.03
2024-04-01 18:00:00,5.32,12.781,6.126,6.011,30.237,0.189,0.189,30.049,9.5,285.46
2024-04-01 19:00:00,3.835,9.16,6.452,6.119,25.566,0.0,0.0,25.566,9.5,242.88
2024-04-01 20:00:00,3.115,9.54,4.835,5.536,23.026,0.262,0.262,22.763,9.5,216.25
2024-04-01 21:00:00,2.828,5.503,4.032,5.933,18.296,0.0,0.0,18.296,9.5,173.81
2024-04-01 22:00:00,2.542,4.553,4.003,5.997,17.094,0.085,0.085,17.01,5.5,93.55
2024-04-01 23:00:00,1.743,4.349,2.989,5.971,15.051,0.0,0.0,15.051,5.5,82.78
2024-04-02 00:00:00,0.797,1.559,2.387,6.219,10.961,0.312,0.312,10.649,5.5,58.57
2024-04-02 01:00:00,1.053,1.291,2.771,5.831,10.946,0.087,0.087,10.859,5.5,59.73
2024-04-02 02:00:00,0.919,2.409,2.392,5.907,11.628,0.595,0.595,11.033,5.5,60.68
2024-04-02 03:00:00,1.817,0.983,3.445,5.713,11.958,0.718,0.718,11.24,5.5,61.82
2024-04-02 04:00:00,2.361,2.569,3.426,6.227,14.583,0.229,0.229,14.354,5.5,78.94
2024-04-02 05:00:00,2.551,3.638,5.344,5.963,17.496,0.021,0.021,17.476,5.5,96.12
2024-04-02 06:00:00,3.261,4.233,5.004,5.934,18.433,0.0,0.0,18.433,9.5,175.11
2024-04-02 07:00:00,4.302,4.675,6.599,5.992,21.568,2.962,2.962,18.606,9.5,176.75
2024-04-02 08:00:00,4.973,9.142,7.46,6.095,27.671,5.262,5.262,22.409,9.5,212.89
2024-04-02 09:00:00,5.965,10.354,8.151,6.052,30.522,7.513,7.513,23.008,9.5,218.58
2024-04-02 10:00:00,7.418,14.1,8.557,6.397,36.472,9.523,9.523,26.948,5.5,148.22
2024-04-02 11:00:00,7.36,15.424,9.396,6.068,38.248,9.796,9.796,28.453,5.5,156.49
2024-04-02 12:00:00,7.747,17.233,8.999,5.93,39.909,10.12,10.12,29.789,5.5,163.84
2024-04-02 13:00:00,7.806,19.718,10.09,5.916,43.529,9.972,9.972,33.557,5.5,184.57
2024-04-02 14:00:00,8.078,19.886,10.001,5.941,43.905,9.251,9.251,34.654,5.5,190.6
2024-04-02 15:00:00,7.38,18.561,9.51,5.775,41.225,7.518,7.518,33.706,5.5,185.38
2024-04-02 16:00:00,6.593,19.113,7.636,6.006,39.347,4.93,4.93,34.417,5.5,189.3
2024-04-02 17:00:00,6.381,15.135,7.519,6.118,35.152,2.918,2.918,32.234,5.5,177.28
2024-04-02 18:00:00,5.53,11.483,6.824,5.908,29.745,0.0,0.0,29.745,9.5,282.57
2024-04-02 19:00:00,4.042,11.333,6.305,5.879,27.559,0.0,0.0,27.559,9.5,261.81
2024-04-02 20:00:00,2.842,7.463,5.397,6.227,21.93,0.0,0.0,21.93,9.5,208.34
2024-04-02 21:00:00,2.989,5.424,4.383,5.786,18.581,0.0,0.0,18.581,9.5,176.52
2024-04-02 22:00:00,1.891,3.037,3.982,5.69,14.6,0.267,0.267,14.333,5.5,78.83
2024-04-02 23:00:00,1.873,4.835,2.717,5.827,15.252,0.086,0.086,15.166,5.5,83.42
2024-04-03 00:00:00,0.3,1.024,2.264,5.769,9.357,0.53,0.53,8.828,5.5,48.55
2024-04-03 01:00:00,1.321,2.155,2.476,6.058,12.011,0.0,0.0,12.011,5.5,66.06
2024-04-03 02:00:00,0.931,2.948,2.801,5.946,12.626,0.0,0.0,12.626,5.5,69.45
2024-04-03 03:00:00,1.855,2.767,3.055,5.967,13.645,0.363,0.363,13.281,5.5,73.05
2024-04-03 04:00:00,2.101,2.766,4.461,6.173,15.5,0.0,0.0,15.5,5.5,85.25
2024-04-03 05:00:00,2.4,2.099,4.648,5.896,15.044,0.448,0.448,14.596,5.5,80.28
2024-04-03 06:00:00,3.28,3.824,4.894,6.116,18.115,0.162,0.162,17.953,9.5,170.55
2024-04-03 07:00:00,4.428,6.091,6.287,6.227,23.034,3.025,3.025,20.008,9.5,190.08
2024-04-03 08:00:00,5.136,7.278,7.424,5.932,25.769,7.561,7.561,18.208,9.5,172.98
2024-04-03 09:00:00,6.16,10.487,7.79,6.111,30.547,10.468,10.468,20.079,9.5,190.75
2024-04-03 10:00:00,7.381,13.568,9.261,5.964,36.173,12.77,12.77,23.403,5.5,128.72
2024-04-03 11:00:00,6.965,16.484,9.609,6.139,39.197,13.352,13.352,25.845,5.5,142.15
2024-04-03 12:00:00,8.339,17.05,8.924,5.764,40.077,14.217,14.217,25.86,5.5,142.23
2024-04-03 13:00:00,8.031,21.362,10.12,5.753,45.267,13.749,13.749,31.518,5.5,173.35
2024-04-03 14:00:00,7.585,20.777,9.698,5.941,44.001,12.233,12.233,31.769,5.5,174.73
2024-04-03 15:00:00,7.035,19.604,9.671,5.867,42.176,10.717,10.717,31.46,5.5,173.03
2024-04-03 16:00:00,6.731,18.903,9.203,5.922,40.759,7.205,7.205,33.554,5.5,184.55
2024-04-03 17:00:00,6.261,17.607,8.103,5.967,37.937,3.72,3.72,34.217,5.5,188.19
2024-04-03 18:00:00,5.066,11.872,7.789,6.108,30.835,0.166,0.166,30.669,9.5,291.36
2024-04-03 19:00:00,4.676,10.144,6.117,5.939,26.876,0.171,0.171,26.705,9.5,253.7
2024-04-03 20:00:00,2.967,6.005,5.532,5.876,20.38,0.0,0.0,20.38,9.5,193.61
2024-04-03 21:00:00,2.683,6.095,4.773,5.947,19.498,0.0,0.0,19.498,9.5,185.23
2024-04-03 22:00:00,1.721,4.765,3.689,5.885,16.059,0.0,0.0,16.059,5.5,88.33
2024-04-03 23:00:00,1.745,3.429,3.439,5.86,14.473,0.12,0.12,14.353,5.5,78.94
2024-04-04 00:00:00,1.157,1.543,1.782,5.758,10.24,0.0,0.0,10.24,5.5,56.32
2024-04-04 01:00:00,0.927,0.5,2.118,6.01,9.555,0.005,0.005,9.55,5.5,52.53
2024-04-04 02:00:00,0.513,2.528,2.125,5.915,11.081,0.0,0.0,11.081,5.5,60.95
2024-04-04 03:00:00,1.696,3.607,3.224,6.145,14.672,0.0,0.0,14.672,5.5,80.7
2024-04-04 04:00:00,2.228,2.355,3.858,5.783,14.224,0.335,0.335,13.89,5.5,76.39
2024-04-04 05:00:00,2.808,3.83,4.923,5.919,17.479,0.423,0.423,17.056,5.5,93.81
2024-04-04 06:00:00,3.773,3.241,5.598,6.272,18.884,0.216,0.216,18.668,9.5,177.35
2024-04-04 07:00:00,3.901,6.337,6.074,5.859,22.172,2.45,2.45,19.722,9.5,187.36
2024-04-04 08:00:00,5.308,7.634,6.652,5.965,25.558,5.885,5.885,19.674,9.5,186.9
2024-04-04 09:00:00,6.342,9.768,8.198,5.818,30.126,8.005,8.005,22.121,9.5,210.15
2024-04-04 10:00:00,6.254,12.482,9.269,5.798,33.803,9.503,9.503,24.301,5.5,133.65
2024-04-04 11:00:00,7.53,15.481,9.758,6.232,39.001,10.031,10.031,28.971,5.5,159.34
2024-04-04 12:00:00,7.703,18.43,10.294,6.026,42.453,11.3,11.3,31.154,5.5,171.35
2024-04-04 13:00:00,7.976,18.657,9.915,6.02,42.568,10.461,10.461,32.107,5.5,176.59
2024-04-04 14:00:00,7.959,19.95,9.674,5.746,43.328,9.642,9.642,33.686,5.5,185.28
2024-04-04 15:00:00,7.288,19.673,9.161,6.054,42.177,7.808,7.808,34.368,5.5,189.03
2024-04-04 16:00:00,6.585,17.245,8.803,6.174,38.806,5.968,5.968,32.838,5.5,180.61
2024-04-04 17:00:00,5.995,17.233,7.993,6.172,37.394,2.813,2.813,34.581,5.5,190.19
2024-04-04 18:00:00,4.778,12.408,7.206,6.1,30.491,0.0,0.0,30.491,9.5,289.67
2024-04-04 19:00:00,3.897,9.843,6.136,5.831,25.706,0.474,0.474,25.233,9.5,239.71
2024-04-04 20:00:00,3.606,7.166,5.228,6.047,22.047,0.0,0.0,22.047,9.5,209.45
2024-04-04 21:00:00,2.342,7.41,4.141,6.1,19.993,0.244,0.244,19.749,9.5,187.61
2024-04-04 22:00:00,2.296,4.938,4.105,5.731,17.07,0.0,0.0,17.07,5.5,93.88
2024-04-04 23:00:00,1.775,2.729,3.158,5.832,13.494,0.0,0.0,13.494,5.5,74.22
2024-04-05 00:00:00,0.373,2.962,1.951,6.133,11.419,0.0,0.0,11.419,5.5,62.8
2024-04-05 01:00:00,0.85,2.291,1.988,6.131,11.26,0.208,0.208,11.052,5.5,60.79
2024-04-05 02:00:00,1.653,2.447,2.118,5.768,11.985,0.406,0.406,11.579,5.5,63.68
2024-04-05 03:00:00,1.342,2.18,3.651,6.119,13.291,0.442,0.442,12.849,5.5,70.67
2024-04-05 04:00:00,1.957,2.243,3.95,6.014,14.165,0.0,0.0,14.165,5.5,77.91
2024-04-05 05:00:00,2.825,3.766,3.802,6.117,16.51,0.0,0.0,16.51,5.5,90.8
2024-04-05 06:00:00,3.637,4.082,5.587,5.905,19.211,0.0,0.0,19.211,9.5,182.51
2024-04-05 07:00:00,4.147,7.456,6.557,6.097,24.257,3.339,3.339,20.918,9.5,198.72
2024-04-05 08:00:00,4.925,6.974,7.173,6.127,25.198,7.069,7.069,18.129,9.5,172.23
2024-04-05 09:00:00,6.411,11.66,8.664,5.947,32.683,9.987,9.987,22.696,9.5,215.61
2024-04-05 10:00:00,7.309,13.069,8.912,6.003,35.292,12.575,12.575,22.717,5.5,124.94
2024-04-05 11:00:00,7.728,16.116,8.889,5.903,38.636,13.121,13.121,25.515,5.5,140.33
2024-04-05 12:00:00,7.88,18.884,10.007,6.248,43.018,14.049,14.049,28.97,5.5,159.33
2024-04-05 13:00:00,7.758,19.304,10.098,5.982,43.141,13.565,13.565,29.576,5.5,162.67
2024-04-05 14:00:00,7.605,21.063,9.619,5.862,44.15,12.713,12.713,31.436,5.5,172.9
2024-04-05 15:00:00,7.591,17.642,9.686,5.893,40.811,9.755,9.755,31.055,5.5,170.81
2024-04-05 16:00:00,6.913,17.642,8.158,6.019,38.732,7.202,7.202,31.529,5.5,173.41
2024-04-05 17:00:00,6.405,15.138,8.421,6.113,36.077,3.655,3.655,32.422,5.5,178.32
2024-04-05 18:00:00,5.299,12.155,6.772,5.8,30.025,0.313,0.313,29.713,9.5,282.27
2024-04-05 19:00:00,3.772,10.259,5.794,6.277,26.102,0.179,0.179,25.924,9.5,246.27
2024-04-05 20:00:00,3.718,8.298,5.236,6.046,23.298,0.036,0.036,23.262,9.5,220.99
2024-04-05 21:00:00,2.387,6.564,4.624,6.07,19.646,0.0,0.0,19.646,9.5,186.64
2024-04-05 22:00:00,1.981,4.711,3.794,5.985,16.472,0.0,0.0,16.472,5.5,90.6
2024-04-05 23:00:00,1.711,2.963,2.831,6.003,13.508,0.074,0.074,13.434,5.5,73.89
2024-04-06 00:00:00,0.91,1.13,0.808,5.978,8.826,0.159,0.159,8.667,5.5,47.67
2024-04-06 01:00:00,1.302,0.956,0.69,6.153,9.1,0.0,0.0,9.1,5.5,50.05
2024-04-06 02:00:00,0.635,1.65,1.235,5.999,9.519,0.0,0.0,9.519,5.5,52.35
2024-04-06 03:00:00,0.518,1.609,1.994,6.115,10.235,0.076,0.076,10.159,5.5,55.88
2024-04-06 04:00:00,0.894,1.167,1.862,5.935,9.859,0.102,0.102,9.757,5.5,53.66
2024-04-06 05:00:00,1.207,0.688,2.569,6.029,10.493,0.0,0.0,10.493,5.5,57.71
2024-04-06 06:00:00,1.095,1.294,3.223,5.879,11.491,0.0,0.0,11.491,9.5,109.17
2024-04-06 07:00:00,2.016,1.973,2.859,6.182,13.031,2.673,2.673,10.358,9.5,98.4
2024-04-06 08:00:00,1.855,2.96,3.487,5.875,14.177,6.641,6.641,7.536,9.5,71.6
2024-04-06 09:00:00,2.244,4.408,4.881,5.951,17.484,8.417,8.417,9.067,9.5,86.14
2024-04-06 10:00:00,2.575,5.862,4.99,5.953,19.381,10.949,10.949,8.431,5.5,46.37
2024-04-06 11:00:00,2.728,6.342,4.059,5.947,19.077,12.02,12.02,7.056,5.5,38.81
2024-04-06 12:00:00,3.001,7.337,5.085,6.108,21.531,12.842,12.842,8.689,5.5,47.79
2024-04-06 13:00:00,2.615,8.078,5.0,5.953,21.646,11.793,11.793,9.853,5.5,54.19
2024-04-06 14:00:00,2.582,7.778,5.261,6.209,21.829,10.805,10.805,11.024,5.5,60.63
2024-04-06 15:00:00,2.272,7.223,4.43,5.877,19.802,8.298,8.298,11.505,5.5,63.28
2024-04-06 16:00:00,2.508,5.92,4.077,6.025,18.529,5.646,5.646,12.883,5.5,70.86
2024-04-06 17:00:00,2.328,5.827,3.742,5.884,17.781,3.403,3.403,14.378,5.5,79.08
2024-04-06 18:00:00,1.924,5.668,3.333,6.063,16.988,0.0,0.0,16.988,9.5,161.39
2024-04-06 19:00:00,1.98,3.631,3.42,5.998,15.029,0.0,0.0,15.029,9.5,142.78
2024-04-06 20:00:00,1.189,3.022,2.168,5.977,12.356,0.303,0.303,12.053,9.5,114.5
2024-04-06 21:00:00,1.141,2.786,1.977,6.178,12.082,0.224,0.224,11.858,9.5,112.65
2024-04-06 22:00:00,0.406,2.233,1.149,5.902,9.69,0.0,0.0,9.69,5.5,53.29
2024-04-06 23:00:00,0.456,0.542,1.967,6.088,9.053,0.0,0.0,9.053,5.5,49.79
2024-04-07 00:00:00,0.52,1.637,1.519,5.885,9.561,0.153,0.153,9.408,5.5,51.74
2024-04-07 01:00:00,0.623,1.763,1.012,6.017,9.415,0.403,0.403,9.013,5.5,49.57
2024-04-07 02:00:00,0.365,0.5,1.206,5.821,7.892,0.0,0.0,7.892,5.5,43.4
2024-04-07 03:00:00,0.551,0.5,1.745,5.901,8.697,0.0,0.0,8.697,5.5,47.83
2024-04-07 04:00:00,0.278,2.102,2.454,5.988,10.822,0.0,0.0,10.822,5.5,59.52
2024-04-07 05:00:00,0.833,1.295,2.389,6.272,10.789,0.171,0.171,10.618,5.5,58.4
2024-04-07 06:00:00,1.458,0.5,2.362,6.015,10.335,0.369,0.369,9.966,9.5,94.68
2024-04-07 07:00:00,1.65,1.306,2.447,6.248,11.651,3.268,3.268,8.383,9.5,79.64
2024-04-07 08:00:00,1.937,3.029,3.115,6.033,14.114,6.582,6.582,7.531,9.5,71.55
2024-04-07 09:00:00,2.109,3.285,4.042,5.942,15.378,10.647,10.647,4.731,9.5,44.94
2024-04-07 10:00:00,2.378,4.986,4.15,6.231,17.745,12.126,12.126,5.619,5.5,30.9
2024-04-07 11:00:00,2.404,6.441,4.806,6.066,19.717,13.66,13.66,6.056,5.5,33.31
2024-04-07 12:00:00,2.959,8.531,4.709,5.904,22.102,13.856,13.856,8.246,5.5,45.35
2024-04-07 13:00:00,2.926,7.771,4.577,6.071,21.345,13.732,13.732,7.613,5.5,41.87
2024-04-07 14:00:00,2.897,9.09,4.46,5.956,22.402,12.468,12.468,9.934,5.5,54.64
2024-04-07 15:00:00,2.444,9.147,5.353,5.702,22.645,10.035,10.035,12.611,5.5,69.36
2024-04-07 16:00:00,1.73,8.508,4.768,6.14,21.147,7.554,7.554,13.592,5.5,74.76
2024-04-07 17:00:00,2.424,6.643,4.705,6.164,19.936,3.542,3.542,16.394,5.5,90.17
2024-04-07 18:00:00,1.643,3.746,3.777,6.276,15.442,0.0,0.0,15.442,9.5,146.7
2024-04-07 19:00:00,1.219,4.584,2.922,6.063,14.788,0.069,0.069,14.719,9.5,139.83
2024-04-07 20:00:00,1.399,4.067,3.17,5.963,14.599,0.139,0.139,14.459,9.5,137.36
2024-04-07 21:00:00,0.823,2.36,2.212,6.125,11.521,0.068,0.068,11.452,9.5,108.8
2024-04-07 22:00:00,1.052,3.221,1.952,6.127,12.353,0.0,0.0,12.353,5.5,67.94
2024-04-07 23:00:00,0.758,2.1,1.547,6.246,10.651,0.094,0.094,10.557,5.5,58.06
2024-04-08 00:00:00,1.096,2.563,0.842,5.993,10.494,0.0,0.0,10.494,5.5,57.72
2024-04-08 01:00:00,0.643,3.032,2.928,5.975,12.579,0.0,0.0,12.579,5.5,69.18
2024-04-08 02:00:00,1.658,2.542,2.847,5.893,12.939,0.01,0.01,12.929,5.5,71.11
2024-04-08 03:00:00,1.714,0.5,3.26,6.081,11.555,0.0,0.0,11.555,5.5,63.55
2024-04-08 04:00:00,1.986,2.487,3.704,5.768,13.944,0.0,0.0,13.944,5.5,76.69
2024-04-08 05:00:00,2.729,4.507,4.517,6.116,17.869,0.0,0.0,17.869,5.5,98.28
2024-04-08 06:00:00,2.869,3.941,5.043,6.088,17.941,0.524,0.524,17.417,9.5,165.46
2024-04-08 07:00:00,4.345,5.915,6.435,6.088,22.782,3.255,3.255,19.528,9.5,185.51
2024-04-08 08:00:00,4.795,7.275,6.6,6.021,24.691,5.931,5.931,18.761,9.5,178.23
2024-04-08 09:00:00,5.579,12.017,8.099,6.23,31.925,8.236,8.236,23.688,9.5,225.04
2024-04-08 10:00:00,6.331,14.703,9.05,6.131,36.214,9.47,9.47,26.744,5.5,147.09
2024-04-08 11:00:00,7.768,15.411,9.377,5.909,38.465,11.306,11.306,27.159,5.5,149.37
2024-04-08 12:00:00,7.665,18.612,10.009,5.912,42.198,12.146,12.146,30.052,5.5,165.29
2024-04-08 13:00:00,8.46,19.564,9.603,5.868,43.496,11.807,11.807,31.689,5.5,174.29
2024-04-08 14:00:00,7.694,21.173,9.474,6.083,44.424,10.525,10.525,33.899,5.5,186.44
2024-04-08 15:00:00,6.922,20.516,9.551,5.85,42.839,8.484,8.484,34.355,5.5,188.95
2024-04-08 16:00:00,6.453,19.144,9.097,6.163,40.855,6.357,6.357,34.499,5.5,189.74
2024-04-08 17:00:00,6.355,16.384,7.275,6.198,36.212,2.989,2.989,33.223,5.5,182.72
2024-04-08 18:00:00,5.057,15.706,7.332,5.868,33.963,0.326,0.326,33.638,9.5,319.56
2024-04-08 19:00:00,4.058,9.768,5.971,5.972,25.769,0.0,0.0,25.769,9.5,244.8
2024-04-08 20:00:00,3.45,6.742,5.204,6.002,21.4,0.0,0.0,21.4,9.5,203.3
2024-04-08 21:00:00,2.837,5.779,3.915,6.133,18.664,0.0,0.0,18.664,9.5,177.31
2024-04-08 22:00:00,2.432,3.333,3.388,6.241,15.394,0.0,0.0,15.394,5.5,84.66
2024-04-08 23:00:00,2.071,2.355,3.514,5.747,13.687,0.198,0.198,13.489,5.5,74.19
2024-04-09 00:00:00,0.783,1.318,2.033,5.952,10.087,0.0,0.0,10.087,5.5,55.48
2024-04-09 01:00:00,0.655,1.436,2.133,5.96,10.185,0.0,0.0,10.185,5.5,56.02
2024-04-09 02:00:00,1.17,1.522,2.604,5.79,11.087,0.214,0.214,10.872,5.5,59.8
2024-04-09 03:00:00,1.714,2.919,3.323,5.927,13.884,0.098,0.098,13.786,5.5,75.82
2024-04-09 04:00:00,1.807,2.495,3.904,6.064,14.271,0.289,0.289,13.982,5.5,76.9
2024-04-09 05:00:00,2.399,3.423,4.421,5.958,16.201,0.154,0.154,16.048,5.5,88.26
2024-04-09 06:00:00,3.505,5.325,5.719,5.768,20.318,0.0,0.0,20.318,9.5,193.02
2024-04-09 07:00:00,4.208,5.511,6.576,6.431,22.726,3.073,3.073,19.652,9.5,186.7
2024-04-09 08:00:00,5.114,7.939,7.288,6.04,26.381,5.931,5.931,20.451,9.5,194.28
2024-04-09 09:00:00,5.757,10.935,8.047,6.017,30.755,8.058,8.058,22.697,9.5,215.62
2024-04-09 10:00:00,6.718,11.87,9.088,5.835,33.512,9.876,9.876,23.636,5.5,130.0
2024-04-09 11:00:00,7.157,14.29,9.582,6.039,37.068,11.18,11.18,25.887,5.5,142.38
2024-04-09 12:00:00,8.121,18.862,10.285,5.975,43.244,12.397,12.397,30.847,5.5,169.66
2024-04-09 13:00:00,8.311,20.602,10.36,5.717,44.989,11.261,11.261,33.728,5.5,185.5
2024-04-09 14:00:00,7.3,22.435,9.453,5.839,45.028,10.577,10.577,34.451,5.5,189.48
2024-04-09 15:00:00,7.155,20.334,9.022,6.119,42.631,8.194,8.194,34.437,5.5,189.4
2024-04-09 16:00:00,6.339,19.241,8.545,6.292,40.416,6.16,6.16,34.256,5.5,188.41
2024-04-09 17:00:00,5.789,16.041,8.415,6.055,36.301,3.321,3.321,32.98,5.5,181.39
2024-04-09 18:00:00,5.079,13.661,6.492,6.165,31.398,0.286,0.286,31.112,9.5,295.57
2024-04-09 19:00:00,3.788,11.976,6.346,5.977,28.086,0.116,0.116,27.97,9.5,265.71
2024-04-09 20:00:00,3.126,6.452,5.427,5.987,20.991,0.413,0.413,20.578,9.5,195.49
2024-04-09 21:00:00,2.385,6.454,4.916,6.164,19.92,0.114,0.114,19.806,9.5,188.16
2024-04-09 22:00:00,2.159,6.318,3.8,6.249,18.527,0.514,0.514,18.013,5.5,99.07
2024-04-09 23:00:00,1.657,3.792,2.59,6.195,14.235,0.0,0.0,14.235,5.5,78.29
2024-04-10 00:00:00,0.674,3.45,1.637,5.84,11.601,0.104,0.104,11.496,5.5,63.23
2024-04-10 01:00:00,1.106,1.681,1.814,5.99,10.591,0.085,0.085,10.506,5.5,57.78
2024-04-10 02:00:00,1.13,2.272,2.435,6.042,11.879,0.0,0.0,11.879,5.5,65.33
2024-04-10 03:00:00,1.555,2.544,3.055,5.961,13.114,0.174,0.174,12.94,5.5,71.17
2024-04-10 04:00:00,2.599,1.14,3.262,6.058,13.059,0.0,0.0,13.059,5.5,71.83
2024-04-10 05:00:00,3.088,2.649,5.039,6.123,16.9,0.0,0.0,16.9,5.5,92.95
2024-04-10 06:00:00,3.012,3.755,4.751,6.15,17.669,0.0,0.0,17.669,9.5,167.86
2024-04-10 07:00:00,4.471,6.811,6.727,6.253,24.262,4.358,4.358,19.904,9.5,189.09
2024-04-10 08:00:00,5.347,8.888,7.597,5.951,27.783,7.446,7.446,20.337,9.5,193.21
2024-04-10 09:00:00,5.64,10.953,8.384,5.795,30.773,11.279,11.279,19.494,9.5,185.19
2024-04-10 10:00:00,7.033,14.148,8.548,6.054,35.783,13.258,13.258,22.525,5.5,123.89
2024-04-10 11:00:00,7.896,16.145,9.593,6.283,39.917,14.653,14.653,25.263,5.5,138.95
2024-04-10 12:00:00,7.517,19.638,9.35,5.928,42.433,14.855,14.855,27.578,5.5,151.68
2024-04-10 13:00:00,7.725,20.314,10.364,6.103,44.506,14.205,14.205,30.301,5.5,166.65
2024-04-10 14:00:00,8.16,20.931,9.831,6.104,45.026,13.174,13.174,31.852,5.5,175.19
2024-04-10 15:00:00,7.516,20.094,9.292,6.029,42.931,10.607,10.607,32.324,5.5,177.78
2024-04-10 16:00:00,6.953,19.224,8.336,6.001,40.513,7.114,7.114,33.4,5.5,183.7
2024-04-10 17:00:00,6.087,15.94,7.034,5.861,34.922,3.435,3.435,31.486,5.5,173.18
2024-04-10 18:00:00,5.221,14.27,6.707,5.658,31.857,0.0,0.0,31.857,9.5,302.64
2024-04-10 19:00:00,3.825,9.788,6.633,5.833,26.079,0.546,0.546,25.533,9.5,242.56
2024-04-10 20:00:00,3.716,7.312,5.12,5.941,22.09,0.664,0.664,21.426,9.5,203.55
2024-04-10 21:00:00,3.037,6.703,4.383,6.165,20.289,0.061,0.061,20.227,9.5,192.16
2024-04-10 22:00:00,2.028,4.561,3.99,5.985,16.564,0.045,0.045,16.52,5.5,90.86
2024-04-10 23:00:00,1.623,3.221,3.85,5.922,14.616,0.0,0.0,14.616,5.5,80.39
2024-04-11 00:00:00,0.431,2.852,2.55,5.866,11.7,0.0,0.0,11.7,5.5,64.35
2024-04-11 01:00:00,1.207,1.709,1.898,6.099,10.912,0.413,0.413,10.5,5.5,57.75
2024-04-11 02:00:00,1.466,2.148,1.873,6.204,11.691,0.562,0.562,11.129,5.5,61.21
2024-04-11 03:00:00,1.617,3.648,4.072,6.16,15.497,0.0,0.0,15.497,5.5,85.23
2024-04-11 04:00:00,2.434,4.16,4.636,6.091,17.32,0.0,0.0,17.32,5.5,95.26
2024-04-11 05:00:00,2.586,4.859,4.527,5.779,17.751,0.0,0.0,17.751,5.5,97.63
2024-04-11 06:00:00,3.572,4.429,4.773,5.947,18.721,0.0,0.0,18.721,9.5,177.85
2024-04-11 07:00:00,3.917,7.168,6.573,6.292,23.95,2.922,2.922,21.028,9.5,199.76
2024-04-11 08:00:00,5.097,7.471,7.08,6.168,25.816,4.564,4.564,21.252,9.5,201.89
2024-04-11 09:00:00,5.932,10.02,7.98,5.769,29.701,7.151,7.151,22.55,9.5,214.22
2024-04-11 10:00:00,6.855,11.674,9.183,5.992,33.703,8.806,8.806,24.898,5.5,136.94
2024-04-11 11:00:00,7.323,17.694,9.59,6.054,40.661,9.535,9.535,31.126,5.5,171.19
2024-04-11 12:00:00,7.815,18.075,9.386,5.886,41.162,10.184,10.184,30.978,5.5,170.38
2024-04-11 13:00:00,8.248,20.303,9.87,5.654,44.075,9.622,9.622,34.453,5.5,189.49
2024-04-11 14:00:00,7.723,20.257,10.125,6.015,44.121,8.952,8.952,35.168,5.5,193.42
2024-04-11 15:00:00,6.952,20.961,9.66,5.882,43.455,6.555,6.555,36.9,5.5,202.95
2024-04-11 16:00:00,7.312,18.466,8.93,5.882,40.591,4.853,4.853,35.737,5.5,196.56
2024-04-11 17:00:00,6.399,15.311,8.398,5.947,36.055,2.545,2.545,33.51,5.5,184.31
2024-04-11 18:00:00,4.716,13.907,6.978,5.98,31.582,0.0,0.0,31.582,9.5,300.03
2024-04-11 19:00:00,4.429,9.599,6.26,5.999,26.286,0.0,0.0,26.286,9.5,249.72
2024-04-11 20:00:00,3.251,7.56,3.931,5.867,20.611,0.0,0.0,20.611,9.5,195.8
2024-04-11 21:00:00,2.765,4.498,4.271,5.967,17.501,0.284,0.284,17.217,9.5,163.56
2024-04-11 22:00:00,2.185,3.515,4.034,5.736,15.47,0.0,0.0,15.47,5.5,85.09
2024-04-11 23:00:00,1.566,3.744,2.972,6.047,14.328,0.0,0.0,14.328,5.5,78.8
2024-04-12 00:00:00,0.655,0.578,1.834,5.572,8.639,0.245,0.245,8.394,5.5,46.17
2024-04-12 01:00:00,0.846,1.02,1.87,5.957,9.693,0.0,0.0,9.693,5.5,53.31
2024-04-12 02:00:00,1.02,2.317,3.052,6.138,12.527,0.0,0.0,12.527,5.5,68.9
2024-04-12 03:00:00,1.387,2.106,3.347,5.841,12.681,0.0,0.0,12.681,5.5,69.75
2024-04-12 04:00:00,2.076,4.536,4.058,6.107,16.778,0.0,0.0,16.778,5.5,92.28
2024-04-12 05:00:00,2.472,5.086,3.761,6.173,17.491,0.0,0.0,17.491,5.5,96.2
2024-04-12 06:00:00,3.607,3.983,5.217,5.504,18.311,0.172,0.172,18.139,9.5,172.32
2024-04-12 07:00:00,4.669,6.658,6.076,5.977,23.38,4.424,4.424,18.956,9.5,180.08
2024-04-12 08:00:00,4.93,8.869,7.011,5.569,26.378,8.276,8.276,18.103,9.5,171.97
2024-04-12 09:00:00,6.056,10.319,7.778,5.982,30.136,11.702,11.702,18.434,9.5,175.13
2024-04-12 10:00:00,6.937,12.422,8.687,5.999,34.045,14.296,14.296,19.749,5.5,108.62
2024-04-12 11:00:00,7.576,16.423,9.796,5.628,39.423,14.892,14.892,24.531,5.5,134.92
2024-04-12 12:00:00,7.877,18.718,9.096,6.289,41.979,16.213,16.213,25.766,5.5,141.71
2024-04-12 13:00:00,8.223,20.153,10.711,6.043,45.13,15.371,15.371,29.758,5.5,163.67
2024-04-12 14:00:00,7.999,21.44,10.054,5.873,45.365,13.7,13.7,31.665,5.5,174.16
2024-04-12 15:00:00,7.063,19.901,9.439,6.22,42.623,11.537,11.537,31.086,5.5,170.97
2024-04-12 16:00:00,7.048,17.934,9.188,5.731,39.901,7.52,7.52,32.381,5.5,178.1
2024-04-12 17:00:00,6.251,16.521,7.444,5.816,36.031,3.636,3.636,32.395,5.5,178.17
2024-04-12 18:00:00,4.875,13.928,6.857,5.655,31.315,0.19,0.19,31.125,9.5,295.68
2024-04-12 19:00:00,4.234,9.856,6.14,6.27,26.499,0.146,0.146,26.353,9.5,250.35
2024-04-12 20:00:00,3.607,9.012,5.828,6.05,24.497,0.041,0.041,24.456,9.5,232.33
2024-04-12 21:00:00,2.624,4.796,4.433,6.099,17.951,0.0,0.0,17.951,9.5,170.54
2024-04-12 22:00:00,2.418,4.214,3.908,6.045,16.586,0.223,0.223,16.363,5.5,90.0
2024-04-12 23:00:00,2.345,3.412,2.892,6.086,14.735,0.204,0.204,14.531,5.5,79.92
2024-04-13 00:00:00,0.2,0.5,1.205,6.012,7.917,0.026,0.026,7.891,5.5,43.4
2024-04-13 01:00:00,0.2,0.5,1.814,6.041,8.555,0.0,0.0,8.555,5.5,47.05
2024-04-13 02:00:00,0.544,2.429,1.723,6.016,10.713,0.0,0.0,10.713,5.5,58.92
2024-04-13 03:00:00,0.789,0.5,1.531,5.909,8.729,0.251,0.251,8.478,5.5,46.63
2024-04-13 04:00:00,0.665,3.135,2.134,5.993,11.927,0.398,0.398,11.529,5.5,63.41
2024-04-13 05:00:00,1.376,1.804,2.457,6.041,11.678,0.0,0.0,11.678,5.5,64.23
2024-04-13 06:00:00,0.789,1.953,2.843,6.017,11.602,0.0,0.0,11.602,9.5,110.22
2024-04-13 07:00:00,1.686,2.878,3.539,5.778,13.881,3.585,3.585,10.296,9.5,97.81
2024-04-13 08:00:00,1.605,5.347,4.003,5.798,16.754,7.102,7.102,9.652,9.5,91.69
2024-04-13 09:00:00,2.61,3.544,3.962,6.162,16.279,9.752,9.752,6.526,9.5,62.0
2024-04-13 10:00:00,2.973,4.577,4.669,5.954,18.174,11.29,11.29,6.884,5.5,37.86
2024-04-13 11:00:00,2.372,6.0,4.575,6.088,19.035,13.918,13.918,5.117,5.5,28.14
2024-04-13 12:00:00,2.584,7.604,4.561,5.836,20.585,14.577,14.577,6.008,5.5,33.04
2024-04-13 13:00:00,3.058,6.859,4.892,5.779,20.588,13.377,13.377,7.211,5.5,39.66
2024-04-13 14:00:00,2.633,8.492,4.9,5.873,21.898,11.838,11.838,10.06,5.5,55.33
2024-04-13 15:00:00,2.588,9.594,4.063,5.967,22.213,9.886,9.886,12.327,5.5,67.8
2024-04-13 16:00:00,2.383,7.699,4.757,5.9,20.739,6.963,6.963,13.776,5.5,75.77
2024-04-13 17:00:00,1.519,6.37,2.905,6.194,16.988,3.932,3.932,13.056,5.5,71.81
2024-04-13 18:00:00,1.782,4.979,4.647,6.027,17.435,0.016,0.016,17.419,9.5,165.48
2024-04-13 19:00:00,1.271,5.058,3.695,6.277,16.301,0.0,0.0,16.301,9.5,154.86
2024-04-13 20:00:00,1.043,2.663,2.536,6.061,12.303,0.0,0.0,12.303,9.5,116.88
2024-04-13 21:00:00,1.373,3.974,2.229,5.638,13.215,0.26,0.26,12.955,9.5,123.07
2024-04-13 22:00:00,0.357,3.426,1.985,6.158,11.927,0.18,0.18,11.747,5.5,64.61
2024-04-13 23:00:00,0.817,1.66,1.328,5.774,9.578,0.318,0.318,9.26,5.5,50.93
2024-04-14 00:00:00,0.228,0.859,1.087,6.035,8.209,0.0,0.0,8.209,5.5,45.15
2024-04-14 01:00:00,0.285,1.715,1.086,5.884,8.969,0.552,0.552,8.417,5.5,46.3
2024-04-14 02:00:00,0.69,1.812,1.287,6.321,10.111,0.0,0.0,10.111,5.5,55.61
2024-04-14 03:00:00,0.675,0.5,1.636,6.216,9.027,0.213,0.213,8.814,5.5,48.48
2024-04-14 04:00:00,0.905,0.767,1.339,5.889,8.899,0.0,0.0,8.899,5.5,48.95
2024-04-14 05:00:00,1.231,0.5,2.241,5.981,9.953,0.0,0.0,9.953,5.5,54.74
2024-04-14 06:00:00,1.091,2.216,2.706,6.037,12.05,0.468,0.468,11.582,9.5,110.02
2024-04-14 07:00:00,1.294,3.042,3.146,6.13,13.611,3.537,3.537,10.074,9.5,95.7
2024-04-14 08:00:00,1.461,2.259,3.475,6.004,13.199,6.187,6.187,7.012,9.5,66.61
2024-04-14 09:00:00,1.847,3.995,4.468,5.846,16.156,8.826,8.826,7.33,9.5,69.63
2024-04-14 10:00:00,3.26,4.421,4.271,5.892,17.845,11.031,11.031,6.814,5.5,37.48
2024-04-14 11:00:00,2.975,5.916,4.819,5.999,19.71,12.424,12.424,7.286,5.5,40.07
2024-04-14 12:00:00,2.344,8.054,5.449,6.185,22.032,13.078,13.078,8.954,5.5,49.25
2024-04-14 13:00:00,2.403,7.691,4.968,6.064,21.127,12.133,12.133,8.994,5.5,49.47
2024-04-14 14:00:00,2.894,8.273,5.016,5.884,22.067,10.517,10.517,11.55,5.5,63.52
2024-04-14 15:00:00,2.766,6.976,4.69,6.097,20.529,9.029,9.029,11.5,5.5,63.25
2024-04-14 16:00:00,2.54,7.763,4.907,5.942,21.153,6.214,6.214,14.939,5.5,82.16
2024-04-14 17:00:00,2.018,6.6,3.909,6.134,18.661,2.897,2.897,15.763,5.5,86.7
2024-04-14 18:00:00,1.749,4.916,4.075,6.379,17.118,0.089,0.089,17.029,9.5,161.77
2024-04-14 19:00:00,1.576,4.208,3.053,5.946,14.783,0.0,0.0,14.783,9.5,140.44
2024-04-14 20:00:00,1.217,3.483,2.297,6.12,13.117,0.092,0.092,13.025,9.5,123.74
2024-04-14 21:00:00,0.274,1.857,2.497,5.888,10.517,0.0,0.0,10.517,9.5,99.91
2024-04-14 22:00:00,0.665,0.707,1.742,5.983,9.098,0.146,0.146,8.952,5.5,49.23
2024-04-14 23:00:00,0.317,2.905,1.812,6.004,11.039,0.0,0.0,11.039,5.5,60.72
2024-04-15 00:00:00,0.943,1.674,0.929,5.971,9.516,0.0,0.0,9.516,5.5,52.34
2024-04-15 01:00:00,1.949,2.159,2.289,6.369,12.765,0.0,0.0,12.765,5.5,70.21
2024-04-15 02:00:00,1.405,3.161,2.467,5.954,12.986,0.523,0.523,12.463,5.5,68.55
2024-04-15 03:00:00,1.542,5.4,2.702,6.088,15.733,0.235,0.235,15.497,5.5,85.23
2024-04-15 04:00:00,2.373,1.988,3.507,5.71,13.579,0.323,0.323,13.255,5.5,72.91
2024-04-15 05:00:00,2.831,4.029,4.222,6.065,17.147,0.425,0.425,16.722,5.5,91.97
2024-04-15 06:00:00,3.528,4.176,5.262,6.171,19.139,1.081,1.081,18.058,9.5,171.55
2024-04-15 07:00:00,4.405,5.869,5.641,5.921,21.835,3.653,3.653,18.182,9.5,172.73
2024-04-15 08:00:00,5.721,7.81,7.249,5.623,26.403,7.46,7.46,18.943,9.5,179.96
2024-04-15 09:00:00,5.645,10.048,8.571,5.994,30.259,10.251,10.251,20.007,9.5,190.07
2024-04-15 10:00:00,6.93,13.777,8.937,6.003,35.647,12.482,12.482,23.165,5.5,127.41
2024-04-15 11:00:00,7.156,15.484,9.78,6.109,38.529,14.121,14.121,24.408,5.5,134.25
2024-04-15 12:00:00,8.021,19.878,10.298,6.302,44.499,13.942,13.942,30.557,5.5,168.06
2024-04-15 13:00:00,7.724,20.834,10.495,5.943,44.996,13.439,13.439,31.557,5.5,173.56
2024-04-15 14:00:00,7.729,21.72,10.609,5.872,45.929,12.279,12.279,33.65,5.5,185.08
2024-04-15 15:00:00,7.346,20.417,9.257,5.825,42.844,9.893,9.893,32.951,5.5,181.23
2024-04-15 16:00:00,7.08,18.827,8.538,6.03,40.475,7.129,7.129,33.345,5.5,183.4
2024-04-15 17:00:00,6.26,16.894,8.338,6.072,37.564,4.11,4.11,33.454,5.5,184.0
2024-04-15 18:00:00,4.73,12.879,7.406,5.918,30.934,0.0,0.0,30.934,9.5,293.87
2024-04-15 19:00:00,4.239,10.662,6.498,6.117,27.516,0.0,0.0,27.516,9.5,261.41
2024-04-15 20:00:00,3.189,7.698,6.037,6.07,22.995,0.052,0.052,22.942,9.5,217.95
2024-04-15 21:00:00,2.309,5.587,4.456,6.006,18.359,0.0,0.0,18.359,9.5,174.41
2024-04-15 22:00:00,2.031,3.055,3.899,5.865,14.849,0.0,0.0,14.849,5.5,81.67
2024-04-15 23:00:00,1.544,4.741,2.736,5.928,14.947,0.0,0.0,14.947,5.5,82.21
2024-04-16 00:00:00,1.619,1.641,2.874,5.636,11.77,0.206,0.206,11.563,5.5,63.6
2024-04-16 01:00:00,1.183,3.177,2.152,6.035,12.547,0.431,0.431,12.116,5.5,66.64
2024-04-16 02:00:00,0.881,3.218,2.527,6.004,12.63,0.0,0.0,12.63,5.5,69.46
2024-04-16 03:00:00,1.467,1.56,2.989,6.028,12.044,0.0,0.0,12.044,5.5,66.24
2024-04-16 04:00:00,2.403,2.127,3.47,6.076,14.075,0.009,0.009,14.066,5.5,77.37
2024-04-16 05:00:00,3.313,5.734,4.159,6.058,19.264,0.0,0.0,19.264,5.5,105.95
2024-04-16 06:00:00,2.926,6.165,5.072,5.983,20.147,0.0,0.0,20.147,9.5,191.4
2024-04-16 07:00:00,3.659,6.303,5.642,6.007,21.611,2.271,2.271,19.34,9.5,183.73
2024-04-16 08:00:00,5.665,8.63,6.809,5.789,26.893,5.805,5.805,21.088,9.5,200.34
2024-04-16 09:00:00,6.101,10.494,8.804,5.912,31.312,7.397,7.397,23.914,9.5,227.19
2024-04-16 10:00:00,6.527,14.219,9.119,6.008,35.873,9.838,9.838,26.034,5.5,143.19
2024-04-16 11:00:00,7.595,16.166,9.827,5.89,39.477,10.754,10.754,28.722,5.5,157.97
2024-04-16 12:00:00,7.064,17.582,10.332,6.129,41.106,10.594,10.594,30.512,5.5,167.81
2024-04-16 13:00:00,8.001,19.827,10.734,5.901,44.463,10.099,10.099,34.364,5.5,189.0
2024-04-16 14:00:00,7.953,21.496,9.152,6.032,44.633,9.285,9.285,35.349,5.5,194.42
2024-04-16 15:00:00,7.711,19.979,8.964,6.017,42.673,7.597,7.597,35.076,5.5,192.92
2024-04-16 16:00:00,6.483,19.154,8.504,6.112,40.253,5.498,5.498,34.755,5.5,191.15
2024-04-16 17:00:00,6.01,15.88,7.837,6.135,35.862,2.559,2.559,33.303,5.5,183.17
2024-04-16 18:00:00,4.826,13.247,7.003,6.104,31.18,0.224,0.224,30.956,9.5,294.08
2024-04-16 19:00:00,4.299,11.681,6.009,5.684,27.673,0.08,0.08,27.594,9.5,262.14
2024-04-16 20:00:00,3.134,8.622,5.369,6.179,23.304,0.0,0.0,23.304,9.5,221.39
2024-04-16 21:00:00,2.564,6.321,4.465,6.229,19.579,0.0,0.0,19.579,9.5,186.0
2024-04-16 22:00:00,1.798,5.467,3.439,5.928,16.632,0.0,0.0,16.632,5.5,91.48
2024-04-16 23:00:00,1.831,4.07,2.257,6.035,14.195,0.0,0.0,14.195,5.5,78.07
2024-04-17 00:00:00,1.148,3.357,1.623,5.866,11.995,0.018,0.018,11.977,5.5,65.88
2024-04-17 01:00:00,0.983,1.888,2.067,5.708,10.646,0.026,0.026,10.62,5.5,58.41
2024-04-17 02:00:00,1.306,2.03,2.552,5.889,11.776,0.079,0.079,11.698,5.5,64.34
2024-04-17 03:00:00,1.201,1.559,2.676,5.919,11.356,0.53,0.53,10.826,5.5,59.54
2024-04-17 04:00:00,2.007,2.668,3.532,5.947,14.153,0.0,0.0,14.153,5.5,77.84
2024-04-17 05:00:00,2.671,4.474,3.999,5.856,17.001,0.301,0.301,16.699,5.5,91.85
2024-04-17 06:00:00,4.189,5.825,5.231,5.89,21.135,0.069,0.069,21.066,9.5,200.13
2024-04-17 07:00:00,3.889,7.125,5.759,5.998,22.771,3.413,3.413,19.358,9.5,183.9
2024-04-17 08:00:00,5.543,7.026,6.783,5.884,25.237,6.696,6.696,18.541,9.5,176.14
2024-04-17 09:00:00,6.284,11.914,7.501,6.082,31.781,9.503,9.503,22.278,9.5,211.64
2024-04-17 10:00:00,6.872,12.464,8.764,6.102,34.202,11.744,11.744,22.458,5.5,123.52
2024-04-17 11:00:00,7.962,17.533,9.11,6.357,40.962,12.717,12.717,28.245,5.5,155.34
2024-04-17 12:00:00,7.966,19.0,10.223,6.169,43.358,13.024,13.024,30.333,5.5,166.83
2024-04-17 13:00:00,8.117,21.54,10.162,6.036,45.856,13.201,13.201,32.654,5.5,179.6
2024-04-17 14:00:00,7.838,20.509,9.833,5.907,44.087,11.93,11.93,32.158,5.5,176.87
2024-04-17 15:00:00,7.801,21.915,9.137,6.044,44.897,9.744,9.744,35.153,5.5,193.34
2024-04-17 16:00:00,7.117,18.122,8.977,6.049,40.265,6.778,6.778,33.486,5.5,184.17
2024-04-17 17:00:00,5.797,16.28,8.301,5.923,36.301,3.715,3.715,32.586,5.5,179.22
2024-04-17 18:00:00,4.708,13.137,7.18,6.118,31.142,0.214,0.214,30.928,9.5,293.82
2024-04-17 19:00:00,4.162,9.644,6.83,5.79,26.426,0.236,0.236,26.189,9.5,248.8
2024-04-17 20:00:00,3.162,8.537,5.465,5.963,23.128,0.0,0.0,23.128,9.5,219.72
2024-04-17 21:00:00,2.667,7.802,4.817,6.083,21.369,0.0,0.0,21.369,9.5,203.01
2024-04-17 22:00:00,2.468,6.919,3.782,5.957,19.125,0.0,0.0,19.125,5.5,105.19
2024-04-17 23:00:00,1.499,3.78,3.398,5.969,14.646,0.0,0.0,14.646,5.5,80.55
2024-04-18 00:00:00,0.878,3.103,1.702,5.979,11.662,0.0,0.0,11.662,5.5,64.14
2024-04-18 01:00:00,1.071,2.452,2.103,5.875,11.5,0.0,0.0,11.5,5.5,63.25
2024-04-18 02:00:00,1.549,2.783,2.79,6.176,13.298,0.517,0.517,12.782,5.5,70.3
2024-04-18 03:00:00,0.962,2.338,3.265,5.847,12.412,0.0,0.0,12.412,5.5,68.26
2024-04-18 04:00:00,1.915,3.18,3.931,6.048,15.074,0.052,0.052,15.022,5.5,82.62
2024-04-18 05:00:00,2.75,4.149,4.891,6.062,17.852,0.373,0.373,17.479,5.5,96.13
2024-04-18 06:00:00,3.762,4.344,4.712,5.858,18.676,0.0,0.0,18.676,9.5,177.42
2024-04-18 07:00:00,4.075,6.323,5.798,6.011,22.207,4.17,4.17,18.038,9.5,171.36
2024-04-18 08:00:00,4.541,8.452,7.215,5.864,26.072,8.236,8.236,17.836,9.5,169.44
2024-04-18 09:00:00,6.17,11.758,7.735,6.209,31.872,11.711,11.711,20.161,9.5,191.53
2024-04-18 10:00:00,6.597,13.144,10.176,5.829,35.746,14.414,14.414,21.332,5.5,117.33
2024-04-18 11:00:00,7.077,16.848,9.662,5.902,39.49,16.569,16.569,22.921,5.5,126.06
2024-04-18 12:00:00,7.667,20.909,9.829,5.816,44.221,16.906,16.906,27.315,5.5,150.24
2024-04-18 13:00:00,7.945,22.002,9.794,5.796,45.537,16.422,16.422,29.115,5.5,160.13
2024-04-18 14:00:00,7.673,22.75,9.669,6.239,46.33,14.48,14.48,31.85,5.5,175.18
2024-04-18 15:00:00,6.772,21.09,9.468,6.081,43.413,11.392,11.392,32.021,5.5,176.12
2024-04-18 16:00:00,7.057,19.636,8.87,6.021,41.584,7.728,7.728,33.856,5.5,186.21
2024-04-18 17:00:00,6.367,17.691,7.842,5.902,37.802,3.864,3.864,33.937,5.5,186.65
2024-04-18 18:00:00,5.3,15.245,7.014,6.136,33.694,0.108,0.108,33.586,9.5,319.07
2024-04-18 19:00:00,3.881,9.535,6.726,5.876,26.019,0.01,0.01,26.009,9.5,247.09
2024-04-18 20:00:00,3.342,7.447,5.835,6.119,22.743,0.0,0.0,22.743,9.5,216.06
2024-04-18 21:00:00,2.684,7.433,4.552,5.869,20.538,0.0,0.0,20.538,9.5,195.11
2024-04-18 22:00:00,2.276,4.585,3.192,5.903,15.956,0.604,0.604,15.353,5.5,84.44
2024-04-18 23:00:00,1.837,3.181,3.343,6.114,14.475,0.0,0.0,14.475,5.5,79.61
2024-04-19 00:00:00,0.67,1.216,2.642,6.13,10.658,0.278,0.278,10.38,5.5,57.09
2024-04-19 01:00:00,1.078,1.832,2.834,6.09,11.834,0.001,0.001,11.833,5.5,65.08
2024-04-19 02:00:00,1.432,1.272,2.944,5.843,11.491,0.0,0.0,11.491,5.5,63.2
2024-04-19 03:00:00,2.073,4.296,3.697,5.933,15.998,0.353,0.353,15.645,5.5,86.05
2024-04-19 04:00:00,2.308,3.019,3.75,6.024,15.1,0.439,0.439,14.662,5.5,80.64
2024-04-19 05:00:00,2.923,3.689,4.702,5.873,17.187,0.0,0.0,17.187,5.5,94.53
2024-04-19 06:00:00,3.427,5.298,5.009,6.206,19.941,0.24,0.24,19.701,9.5,187.16
2024-04-19 07:00:00,4.646,7.183,6.305,5.64,23.773,3.144,3.144,20.629,9.5,195.97
2024-04-19 08:00:00,5.227,9.293,7.655,5.883,28.058,5.866,5.866,22.192,9.5,210.82
2024-04-19 09:00:00,5.726,12.004,7.789,5.924,31.443,8.354,8.354,23.089,9.5,219.35
2024-04-19 10:00:00,7.209,13.553,8.481,5.573,34.816,9.949,9.949,24.866,5.5,136.76
2024-04-19 11:00:00,7.644,16.725,9.495,5.791,39.654,11.236,11.236,28.419,5.5,156.3
2024-04-19 12:00:00,7.721,20.079,9.77,6.094,43.664,11.553,11.553,32.111,5.5,176.61
2024-04-19 13:00:00,7.856,20.741,10.26,6.005,44.861,11.598,11.598,33.264,5.5,182.95
2024-04-19 14:00:00,7.943,21.762,9.679,6.236,45.62,10.127,10.127,35.493,5.5,195.21
2024-04-19 15:00:00,7.573,21.482,10.144,6.232,45.43,7.903,7.903,37.528,5.5,206.4
2024-04-19 16:00:00,6.847,20.092,8.309,6.065,41.313,5.646,5.646,35.667,5.5,196.17
2024-04-19 17:00:00,6.078,15.541,8.526,6.047,36.192,2.075,2.075,34.117,5.5,187.64
2024-04-19 18:00:00,5.614,14.63,6.817,6.01,33.071,0.0,0.0,33.071,9.5,314.17
2024-04-19 19:00:00,4.544,10.958,5.47,5.602,26.574,0.011,0.011,26.562,9.5,252.34
2024-04-19 20:00:00,3.459,9.102,5.377,5.791,23.729,0.0,0.0,23.729,9.5,225.43
2024-04-19 21:00:00,2.969,7.035,4.349,6.015,20.368,0.594,0.594,19.774,9.5,187.85
2024-04-19 22:00:00,1.787,6.114,3.284,6.092,17.278,0.172,0.172,17.105,5.5,94.08
2024-04-19 23:00:00,1.755,4.818,2.455,6.043,15.072,0.159,0.159,14.913,5.5,82.02
2024-04-20 00:00:00,0.854,1.969,1.007,5.866,9.696,0.0,0.0,9.696,5.5,53.33
2024-04-20 01:00:00,0.303,2.069,1.534,6.141,10.047,0.0,0.0,10.047,5.5,55.26
2024-04-20 02:00:00,0.2,1.195,1.559,6.222,9.176,0.0,0.0,9.176,5.5,50.47
2024-04-20 03:00:00,0.377,1.08,1.587,6.141,9.184,0.0,0.0,9.184,5.5,50.51
2024-04-20 04:00:00,0.407,1.918,2.056,6.148,10.529,0.0,0.0,10.529,5.5,57.91
2024-04-20 05:00:00,0.705,2.086,2.215,5.916,10.922,0.0,0.0,10.922,5.5,60.07
2024-04-20 06:00:00,1.08,1.692,2.069,6.161,11.002,0.0,0.0,11.002,9.5,104.52
2024-04-20 07:00:00,1.056,2.9,2.526,6.022,12.504,4.17,4.17,8.334,9.5,79.17
2024-04-20 08:00:00,1.791,3.401,3.48,6.077,14.749,7.506,7.506,7.243,9.5,68.81
2024-04-20 09:00:00,2.365,3.794,3.948,6.055,16.162,10.524,10.524,5.638,9.5,53.56
2024-04-20 10:00:00,2.103,6.68,4.753,5.982,19.518,13.074,13.074,6.444,5.5,35.44
2024-04-20 11:00:00,3.058,6.859,5.031,5.871,20.818,14.934,14.934,5.884,5.5,32.36
2024-04-20 12:00:00,2.902,9.458,5.172,5.988,23.52,15.099,15.099,8.421,5.5,46.31
2024-04-20 13:00:00,3.109,7.201,4.888,6.148,21.346,14.746,14.746,6.6,5.5,36.3
2024-04-20 14:00:00,2.552,8.298,4.378,5.934,21.162,12.821,12.821,8.34,5.5,45.87
2024-04-20 15:00:00,2.858,8.528,4.893,6.134,22.413,10.49,10.49,11.923,5.5,65.57
2024-04-20 16:00:00,2.048,8.729,4.623,6.111,21.51,7.655,7.655,13.855,5.5,76.2
2024-04-20 17:00:00,2.362,7.134,3.057,5.955,18.508,4.476,4.476,14.032,5.5,77.18
2024-04-20 18:00:00,1.838,5.896,3.228,6.208,17.17,0.429,0.429,16.741,9.5,159.04
2024-04-20 19:00:00,1.644,3.575,2.818,5.947,13.984,0.175,0.175,13.809,9.5,131.18
2024-04-20 20:00:00,0.838,2.504,2.688,6.226,12.256,0.045,0.045,12.211,9.5,116.0
2024-04-20 21:00:00,0.672,2.834,1.904,6.065,11.475,0.42,0.42,11.055,9.5,105.02
2024-04-20 22:00:00,0.913,0.848,1.849,5.998,9.608,0.238,0.238,9.369,5.5,51.53
2024-04-20 23:00:00,0.288,1.075,1.48,5.867,8.71,0.0,0.0,8.71,5.5,47.9
2024-04-21 00:00:00,0.451,1.296,0.946,5.987,8.68,0.0,0.0,8.68,5.5,47.74
2024-04-21 01:00:00,0.2,0.5,0.857,5.969,7.526,0.101,0.101,7.425,5.5,40.84
2024-04-21 02:00:00,0.708,2.25,1.07,5.811,9.839,0.0,0.0,9.839,5.5,54.11
2024-04-21 03:00:00,0.203,2.037,1.132,5.967,9.339,0.0,0.0,9.339,5.5,51.37
2024-04-21 04:00:00,0.899,0.5,2.016,5.879,9.295,0.0,0.0,9.295,5.5,51.12
2024-04-21 05:00:00,1.128,0.761,2.454,6.088,10.431,0.0,0.0,10.431,5.5,57.37
2024-04-21 06:00:00,0.982,0.5,2.333,6.196,10.01,0.0,0.0,10.01,9.5,95.1
2024-04-21 07:00:00,1.652,1.961,3.702,5.816,13.132,3.334,3.334,9.798,9.5,93.08
2024-04-21 08:00:00,1.865,4.057,3.436,6.257,15.614,6.855,6.855,8.759,9.5,83.21
2024-04-21 09:00:00,1.933,4.165,4.624,5.981,16.703,9.265,9.265,7.438,9.5,70.66
2024-04-21 10:00:00,2.073,6.04,4.156,5.854,18.123,11.329,11.329,6.793,5.5,37.36
2024-04-21 11:00:00,2.013,5.626,3.917,6.114,17.67,12.36,12.36,5.31,5.5,29.2
2024-04-21 12:00:00,2.854,8.491,5.091,5.933,22.369,13.523,13.523,8.846,5.5,48.65
2024-04-21 13:00:00,2.331,8.094,5.099,5.988,21.511,12.564,12.564,8.948,5.5,49.21
2024-04-21 14:00:00,2.778,8.791,4.944,5.939,22.452,11.119,11.119,11.333,5.5,62.33
2024-04-21 15:00:00,2.523,8.463,4.471,5.877,21.335,9.409,9.409,11.927,5.5,65.6
2024-04-21 16:00:00,2.579,6.835,4.399,6.109,19.922,6.378,6.378,13.544,5.5,74.49
2024-04-21 17:00:00,2.004,5.921,3.808,5.957,17.69,3.263,3.263,14.427,5.5,79.35
2024-04-21 18:00:00,1.688,6.446,3.44,5.785,17.358,0.078,0.078,17.281,9.5,164.17
2024-04-21 19:00:00,1.697,4.815,3.431,6.083,16.026,0.0,0.0,16.026,9.5,152.25
2024-04-21 20:00:00,1.291,4.284,2.714,5.819,14.109,0.693,0.693,13.415,9.5,127.45
2024-04-21 21:00:00,1.035,2.847,2.47,5.827,12.179,0.0,0.0,12.179,9.5,115.7
2024-04-21 22:00:00,0.875,2.062,1.771,6.179,10.887,0.185,0.185,10.702,5.5,58.86
2024-04-21 23:00:00,0.2,0.5,1.427,5.821,7.948,0.0,0.0,7.948,5.5,43.71
2024-04-22 00:00:00,1.118,2.032,1.559,5.653,10.361,0.0,0.0,10.361,5.5,56.98
2024-04-22 01:00:00,1.237,2.283,2.139,6.093,11.752,0.0,0.0,11.752,5.5,64.64
2024-04-22 02:00:00,0.989,3.987,1.322,5.954,12.253,0.0,0.0,12.253,5.5,67.39
2024-04-22 03:00:00,1.563,3.206,2.892,5.967,13.628,0.125,0.125,13.503,5.5,74.27
2024-04-22 04:00:00,2.085,4.305,3.696,5.953,16.038,0.311,0.311,15.727,5.5,86.5
2024-04-22 05:00:00,2.646,4.261,4.677,6.035,17.618,0.103,0.103,17.515,5.5,96.33
2024-04-22 06:00:00,3.502,4.32,5.174,5.887,18.884,0.0,0.0,18.884,9.5,179.4
2024-04-22 07:00:00,4.652,6.589,6.327,6.221,23.789,3.635,3.635,20.154,9.5,191.46
2024-04-22 08:00:00,5.429,8.834,6.251,5.779,26.293,7.722,7.722,18.57,9.5,176.42
2024-04-22 09:00:00,5.591,10.536,8.002,6.067,30.196,11.07,11.07,19.126,9.5,181.7
2024-04-22 10:00:00,6.974,13.93,8.153,6.096,35.154,12.837,12.837,22.317,5.5,122.74
2024-04-22 11:00:00,7.833,17.016,8.973,5.886,39.707,14.555,14.555,25.153,5.5,138.34
2024-04-22 12:00:00,7.97,20.997,9.786,5.846,44.6,14.88,14.88,29.72,5.5,163.46
2024-04-22 13:00:00,8.327,19.769,10.511,6.153,44.76,14.5,14.5,30.26,5.5,166.43
2024-04-22 14:00:00,8.458,23.009,10.009,5.851,47.327,12.448,12.448,34.88,5.5,191.84
2024-04-22 15:00:00,7.741,20.684,9.463,5.909,43.798,10.302,10.302,33.496,5.5,184.23
2024-04-22 16:00:00,6.862,18.615,8.817,6.133,40.428,7.507,7.507,32.921,5.5,181.07
2024-04-22 17:00:00,6.298,18.124,7.739,6.005,38.167,4.188,4.188,33.979,5.5,186.88
2024-04-22 18:00:00,5.148,14.823,6.905,5.73,32.607,0.0,0.0,32.607,9.5,309.76
2024-04-22 19:00:00,4.23,12.291,6.359,6.262,29.142,0.0,0.0,29.142,9.5,276.85
2024-04-22 20:00:00,3.297,9.286,4.727,5.92,23.231,0.0,0.0,23.231,9.5,220.69
2024-04-22 21:00:00,3.155,8.143,4.688,5.94,21.926,0.303,0.303,21.623,9.5,205.42
2024-04-22 22:00:00,1.851,5.336,3.573,6.038,16.799,0.0,0.0,16.799,5.5,92.39
2024-04-22 23:00:00,2.096,3.658,3.458,6.094,15.305,0.0,0.0,15.305,5.5,84.18
2024-04-23 00:00:00,1.041,2.531,2.405,6.294,12.271,0.047,0.047,12.224,5.5,67.23
2024-04-23 01:00:00,0.633,3.31,1.617,5.751,11.311,0.0,0.0,11.311,5.5,62.21
2024-04-23 02:00:00,1.405,1.811,2.418,6.124,11.758,0.178,0.178,11.579,5.5,63.69
2024-04-23 03:00:00,1.006,2.146,2.785,6.111,12.049,0.0,0.0,12.049,5.5,66.27
2024-04-23 04:00:00,2.284,2.842,3.003,5.979,14.108,0.0,0.0,14.108,5.5,77.6
2024-04-23 05:00:00,2.952,2.115,4.038,6.118,15.223,0.359,0.359,14.864,5.5,81.75
2024-04-23 06:00:00,3.225,5.02,6.258,6.14,20.643,0.0,0.0,20.643,9.5,196.11
2024-04-23 07:00:00,4.26,5.013,6.432,5.793,21.497,3.488,3.488,18.009,9.5,171.09
2024-04-23 08:00:00,5.69,8.724,7.89,6.262,28.566,5.562,5.562,23.005,9.5,218.54
2024-04-23 09:00:00,5.833,12.027,8.356,5.766,31.982,8.573,8.573,23.409,9.5,222.39
2024-04-23 10:00:00,6.47,13.915,8.528,5.83,34.743,10.076,10.076,24.667,5.5,135.67
2024-04-23 11:00:00,7.879,18.593,9.303,5.961,41.736,11.019,11.019,30.716,5.5,168.94
2024-04-23 12:00:00,8.443,18.626,10.096,6.289,43.454,11.614,11.614,31.839,5.5,175.12
2024-04-23 13:00:00,8.001,22.475,10.175,5.954,46.605,11.526,11.526,35.079,5.5,192.93
2024-04-23 14:00:00,8.158,22.675,9.63,5.995,46.458,10.185,10.185,36.272,5.5,199.5
2024-04-23 15:00:00,7.837,20.149,8.852,6.215,43.053,8.654,8.654,34.399,5.5,189.2
2024-04-23 16:00:00,6.565,21.963,10.14,5.955,44.623,6.313,6.313,38.31,5.5,210.71
2024-04-23 17:00:00,5.839,17.2,7.968,5.823,36.831,2.69,2.69,34.141,5.5,187.77
2024-04-23 18:00:00,5.473,13.595,6.993,5.937,31.998,0.0,0.0,31.998,9.5,303.98
2024-04-23 19:00:00,4.728,10.209,6.233,6.206,27.376,0.0,0.0,27.376,9.5,260.07
2024-04-23 20:00:00,3.571,8.505,5.185,6.011,23.271,0.0,0.0,23.271,9.5,221.08
2024-04-23 21:00:00,2.422,6.42,4.5,6.29,19.632,0.331,0.331,19.301,9.5,183.36
2024-04-23 22:00:00,2.693,4.992,4.243,6.111,18.038,0.168,0.168,17.87,5.5,98.29
2024-04-23 23:00:00,1.477,3.56,3.078,5.903,14.018,0.0,0.0,14.018,5.5,77.1
2024-04-24 00:00:00,0.79,2.773,1.555,6.008,11.126,0.0,0.0,11.126,5.5,61.19
2024-04-24 01:00:00,1.156,2.014,2.222,5.872,11.264,0.421,0.421,10.843,5.5,59.63
2024-04-24 02:00:00,1.761,0.897,2.465,5.9,11.022,0.572,0.572,10.449,5.5,57.47
2024-04-24 03:00:00,1.892,2.559,3.697,6.672,14.82,0.078,0.078,14.743,5.5,81.08
2024-04-24 04:00:00,2.221,1.207,4.197,6.153,13.778,0.0,0.0,13.778,5.5,75.78
2024-04-24 05:00:00,2.825,4.097,4.494,6.129,17.546,0.089,0.089,17.456,5.5,96.01
2024-04-24 06:00:00,3.415,4.146,4.77,5.907,18.238,0.28,0.28,17.958,9.5,170.6
2024-04-24 07:00:00,4.39,6.679,5.698,6.235,23.002,3.604,3.604,19.398,9.5,184.28
2024-04-24 08:00:00,4.345,9.768,7.129,6.165,27.407,7.05,7.05,20.357,9.5,193.39
2024-04-24 09:00:00,5.895,10.621,8.159,6.282,30.958,9.769,9.769,21.189,9.5,201.3
2024-04-24 10:00:00,6.86,15.204,8.675,6.275,37.014,11.463,11.463,25.551,5.5,140.53
2024-04-24 11:00:00,7.089,16.975,9.264,5.778,39.106,12.933,12.933,26.173,5.5,143.95
2024-04-24 12:00:00,7.97,21.277,9.624,5.834,44.705,13.568,13.568,31.137,5.5,171.25
2024-04-24 13:00:00,7.939,21.318,9.991,5.849,45.096,13.518,13.518,31.578,5.5,173.68
2024-04-24 14:00:00,8.381,21.553,8.908,5.858,44.7,11.604,11.604,33.096,5.5,182.03
2024-04-24 15:00:00,7.906,22.159,9.016,6.049,45.13,9.799,9.799,35.331,5.5,194.32
2024-04-24 16:00:00,6.648,19.526,8.574,5.915,40.663,6.923,6.923,33.74,5.5,185.57
2024-04-24 17:00:00,5.939,16.648,8.508,6.311,37.406,4.012,4.012,33.394,5.5,183.66
2024-04-24 18:00:00,5.082,13.972,6.797,6.286,32.137,0.0,0.0,32.137,9.5,305.3
2024-04-24 19:00:00,4.087,11.345,6.26,5.999,27.691,0.0,0.0,27.691,9.5,263.06
2024-04-24 20:00:00,3.461,9.79,5.372,6.293,24.916,0.194,0.194,24.722,9.5,234.86
2024-04-24 21:00:00,2.459,5.001,4.97,6.223,18.654,0.641,0.641,18.012,9.5,171.12
2024-04-24 22:00:00,1.757,4.948,4.233,5.932,16.871,0.214,0.214,16.657,5.5,91.62
2024-04-24 23:00:00,1.823,4.314,3.105,5.699,14.94,0.0,0.0,14.94,5.5,82.17
2024-04-25 00:00:00,1.079,2.43,1.83,5.967,11.307,0.0,0.0,11.307,5.5,62.19
2024-04-25 01:00:00,0.812,3.381,2.021,5.903,12.118,0.0,0.0,12.118,5.5,66.65
2024-04-25 02:00:00,1.563,2.395,2.554,6.031,12.543,0.601,0.601,11.942,5.5,65.68
2024-04-25 03:00:00,1.447,2.542,2.954,6.013,12.956,0.0,0.0,12.956,5.5,71.26
2024-04-25 04:00:00,2.172,3.588,3.95,6.009,15.719,0.0,0.0,15.719,5.5,86.46
2024-04-25 05:00:00,2.932,3.909,4.619,6.079,17.539,0.0,0.0,17.539,5.5,96.46
2024-04-25 06:00:00,3.392,4.637,5.518,5.818,19.366,0.0,0.0,19.366,9.5,183.97
2024-04-25 07:00:00,4.359,6.987,6.692,6.062,24.1,4.943,4.943,19.157,9.5,181.99
2024-04-25 08:00:00,4.949,8.229,7.868,5.934,26.98,8.337,8.337,18.643,9.5,177.11
2024-04-25 09:00:00,5.926,10.937,8.075,6.03,30.967,12.575,12.575,18.392,9.5,174.73
2024-04-25 10:00:00,6.726,13.99,9.265,6.144,36.124,15.004,15.004,21.12,5.5,116.16
2024-04-25 11:00:00,7.21,18.473,9.316,5.816,40.815,17.056,17.056,23.759,5.5,130.68
2024-04-25 12:00:00,7.801,17.377,10.335,5.958,41.471,17.758,17.758,23.714,5.5,130.42
2024-04-25 13:00:00,7.535,22.013,10.425,5.982,45.955,16.719,16.719,29.236,5.5,160.8
2024-04-25 14:00:00,7.707,22.341,10.264,5.923,46.235,14.873,14.873,31.362,5.5,172.49
2024-04-25 15:00:00,7.349,20.351,9.494,6.135,43.329,12.241,12.241,31.088,5.5,170.99
2024-04-25 16:00:00,6.711,20.202,8.558,5.892,41.362,8.613,8.613,32.75,5.5,180.12
2024-04-25 17:00:00,5.912,17.771,7.467,5.917,37.067,3.976,3.976,33.091,5.5,182.0
2024-04-25 18:00:00,5.086,14.884,7.107,5.894,32.97,0.466,0.466,32.504,9.5,308.79
2024-04-25 19:00:00,4.366,9.304,6.801,6.164,26.636,0.074,0.074,26.562,9.5,252.34
2024-04-25 20:00:00,3.665,9.844,5.158,5.926,24.593,0.0,0.0,24.593,9.5,233.63
2024-04-25 21:00:00,2.491,5.984,4.765,6.069,19.31,0.0,0.0,19.31,9.5,183.45
2024-04-25 22:00:00,1.736,5.499,4.066,6.296,17.596,0.0,0.0,17.596,5.5,96.78
2024-04-25 23:00:00,1.323,4.422,3.014,5.989,14.748,0.231,0.231,14.517,5.5,79.85
2024-04-26 00:00:00,0.744,1.583,2.547,6.167,11.041,0.0,0.0,11.041,5.5,60.73
2024-04-26 01:00:00,0.948,2.871,1.123,6.251,11.192,0.0,0.0,11.192,5.5,61.56
2024-04-26 02:00:00,1.063,2.156,2.161,6.154,11.535,0.146,0.146,11.388,5.5,62.63
2024-04-26 03:00:00,1.247,1.043,2.761,5.997,11.049,0.0,0.0,11.049,5.5,60.77
2024-04-26 04:00:00,1.96,4.06,3.4,6.096,15.517,0.164,0.164,15.353,5.5,84.44
2024-04-26 05:00:00,2.741,3.224,4.586,5.807,16.358,0.029,0.029,16.329,5.5,89.81
2024-04-26 06:00:00,3.581,4.285,5.398,5.883,19.147,0.0,0.0,19.147,9.5,181.89
2024-04-26 07:00:00,4.055,6.278,6.346,5.909,22.588,2.601,2.601,19.988,9.5,189.88
2024-04-26 08:00:00,4.98,9.004,7.361,6.336,27.681,5.69,5.69,21.992,9.5,208.92
2024-04-26 09:00:00,5.706,11.425,7.645,5.878,30.654,8.575,8.575,22.08,9.5,209.76
2024-04-26 10:00:00,6.778,14.907,8.338,5.876,35.899,10.076,10.076,25.823,5.5,142.03
2024-04-26 11:00:00,7.18,16.387,9.615,5.843,39.025,11.828,11.828,27.197,5.5,149.58
2024-04-26 12:00:00,8.026,19.439,9.609,6.084,43.158,12.575,12.575,30.583,5.5,168.21
2024-04-26 13:00:00,7.464,21.689,9.372,6.021,44.546,11.663,11.663,32.883,5.5,180.86
2024-04-26 14:00:00,7.746,23.92,10.249,6.163,48.079,10.728,10.728,37.35,5.5,205.43
2024-04-26 15:00:00,7.524,21.691,10.014,6.101,45.33,8.61,8.61,36.72,5.5,201.96
2024-04-26 16:00:00,6.843,20.901,9.448,5.793,42.985,5.775,5.775,37.209,5.5,204.65
2024-04-26 17:00:00,6.792,17.49,8.1,5.879,38.261,3.132,3.132,35.128,5.5,193.21
2024-04-26 18:00:00,5.209,14.082,7.373,6.205,32.869,0.604,0.604,32.265,9.5,306.52
2024-04-26 19:00:00,3.921,11.273,6.736,5.97,27.9,0.0,0.0,27.9,9.5,265.05
2024-04-26 20:00:00,3.374,8.651,5.025,6.178,23.228,0.0,0.0,23.228,9.5,220.66
2024-04-26 21:00:00,2.153,7.083,4.895,5.978,20.11,0.0,0.0,20.11,9.5,191.04
2024-04-26 22:00:00,2.072,6.068,3.838,5.855,17.834,0.0,0.0,17.834,5.5,98.09
2024-04-26 23:00:00,1.386,4.132,3.493,5.955,14.966,0.0,0.0,14.966,5.5,82.31
2024-04-27 00:00:00,0.586,1.867,1.085,5.855,9.393,0.502,0.502,8.89,5.5,48.9
2024-04-27 01:00:00,0.204,0.5,1.662,5.915,8.281,0.065,0.065,8.216,5.5,45.19
2024-04-27 02:00:00,0.418,0.658,1.415,6.03,8.521,0.292,0.292,8.229,5.5,45.26
2024-04-27 03:00:00,0.382,0.505,0.97,6.077,7.934,0.0,0.0,7.934,5.5,43.63
2024-04-27 04:00:00,1.255,1.507,2.445,5.761,10.969,0.0,0.0,10.969,5.5,60.33
2024-04-27 05:00:00,0.844,1.256,1.847,5.997,9.944,0.0,0.0,9.944,5.5,54.69
2024-04-27 06:00:00,1.741,2.579,3.142,5.912,13.374,0.0,0.0,13.374,9.5,127.05
2024-04-27 07:00:00,1.722,1.906,3.058,5.903,12.588,3.995,3.995,8.594,9.5,81.64
2024-04-27 08:00:00,1.931,3.562,4.032,6.02,15.545,7.672,7.672,7.874,9.5,74.8
2024-04-27 09:00:00,2.205,5.156,4.466,5.917,17.745,10.81,10.81,6.935,9.5,65.88
2024-04-27 10:00:00,2.494,4.158,4.585,6.207,17.443,12.571,12.571,4.873,5.5,26.8
2024-04-27 11:00:00,2.024,8.708,4.932,6.178,21.841,14.519,14.519,7.322,5.5,40.27
2024-04-27 12:00:00,2.665,7.818,5.099,6.177,21.76,14.723,14.723,7.036,5.5,38.7
2024-04-27 13:00:00,3.054,7.126,4.194,5.926,20.3,14.64,14.64,5.661,5.5,31.13
2024-04-27 14:00:00,2.734,9.122,4.978,5.856,22.69,13.161,13.161,9.528,5.5,52.41
2024-04-27 15:00:00,2.18,8.773,4.282,6.012,21.247,10.277,10.277,10.97,5.5,60.34
2024-04-27 16:00:00,2.36,7.979,4.481,5.977,20.797,7.806,7.806,12.991,5.5,71.45
2024-04-27 17:00:00,2.606,7.804,3.555,5.909,19.873,4.592,4.592,15.281,5.5,84.05
2024-04-27 18:00:00,2.16,6.408,3.087,5.824,17.48,0.25,0.25,17.229,9.5,163.68
2024-04-27 19:00:00,1.459,4.844,3.736,5.994,16.033,0.0,0.0,16.033,9.5,152.32
2024-04-27 20:00:00,1.476,3.888,3.069,5.939,14.372,0.0,0.0,14.372,9.5,136.54
2024-04-27 21:00:00,0.83,2.567,2.224,6.103,11.724,0.0,0.0,11.724,9.5,111.38
2024-04-27 22:00:00,0.223,3.416,1.938,6.1,11.676,0.0,0.0,11.676,5.5,64.22
2024-04-27 23:00:00,0.295,0.5,1.465,6.165,8.425,0.076,0.076,8.349,5.5,45.92
2024-04-28 00:00:00,0.781,1.032,1.238,5.811,8.862,0.0,0.0,8.862,5.5,48.74
2024-04-28 01:00:00,0.286,0.996,0.873,6.06,8.216,0.0,0.0,8.216,5.5,45.19
2024-04-28 02:00:00,0.38,1.644,1.723,5.891,9.637,0.066,0.066,9.572,5.5,52.64
2024-04-28 03:00:00,0.483,0.5,1.463,5.817,8.262,0.006,0.006,8.256,5.5,45.41
2024-04-28 04:00:00,1.305,0.5,1.696,5.936,9.437,0.0,0.0,9.437,5.5,51.9
2024-04-28 05:00:00,1.428,1.675,2.234,6.16,11.498,0.0,0.0,11.498,5.5,63.24
2024-04-28 06:00:00,1.856,2.228,2.404,5.944,12.433,0.087,0.087,12.346,9.5,117.29
2024-04-28 07:00:00,1.43,3.852,3.226,6.235,14.743,3.5,3.5,11.242,9.5,106.8
2024-04-28 08:00:00,1.875,2.525,3.346,6.082,13.829,7.294,7.294,6.535,9.5,62.08
2024-04-28 09:00:00,1.64,5.547,4.2,5.941,17.328,10.904,10.904,6.424,9.5,61.03
2024-04-28 10:00:00,2.819,7.726,4.899,6.174,21.618,12.901,12.901,8.717,5.5,47.94
2024-04-28 11:00:00,2.252,6.735,4.44,6.067,19.494,13.761,13.761,5.733,5.5,31.53
2024-04-28 12:00:00,2.814,7.042,4.878,5.86,20.594,14.289,14.289,6.305,5.5,34.68
2024-04-28 13:00:00,2.471,8.454,5.185,6.279,22.388,14.217,14.217,8.171,5.5,44.94
2024-04-28 14:00:00,2.572,9.041,4.756,6.039,22.408,12.293,12.293,10.115,5.5,55.63
2024-04-28 15:00:00,2.351,9.231,4.914,6.003,22.498,9.774,9.774,12.724,5.5,69.98
2024-04-28 16:00:00,2.193,7.602,4.635,5.872,20.301,7.495,7.495,12.806,5.5,70.43
2024-04-28 17:00:00,1.933,8.282,4.446,6.177,20.837,3.894,3.894,16.943,5.5,93.19
2024-04-28 18:00:00,1.622,4.94,3.319,6.078,15.959,0.135,0.135,15.824,9.5,150.33
2024-04-28 19:00:00,1.728,3.232,2.717,6.094,13.771,0.079,0.079,13.693,9.5,130.08
2024-04-28 20:00:00,0.859,4.427,2.518,5.924,13.728,0.0,0.0,13.728,9.5,130.41
2024-04-28 21:00:00,1.006,0.841,1.839,6.125,9.811,0.0,0.0,9.811,9.5,93.2
2024-04-28 22:00:00,1.099,1.84,2.09,6.137,11.165,0.155,0.155,11.011,5.5,60.56
2024-04-28 23:00:00,0.419,4.044,1.099,5.9,11.461,0.459,0.459,11.002,5.5,60.51
2024-04-29 00:00:00,0.675,2.301,2.954,5.787,11.717,0.0,0.0,11.717,5.5,64.44
2024-04-29 01:00:00,0.984,1.473,2.805,6.087,11.349,0.0,0.0,11.349,5.5,62.42
2024-04-29 02:00:00,1.648,2.447,2.655,5.764,12.514,0.0,0.0,12.514,5.5,68.83
2024-04-29 03:00:00,1.694,2.69,3.475,6.023,13.882,0.0,0.0,13.882,5.5,76.35
2024-04-29 04:00:00,1.937,3.29,3.074,5.933,14.234,0.061,0.061,14.173,5.5,77.95
2024-04-29 05:00:00,2.832,4.418,5.461,6.183,18.893,0.0,0.0,18.893,5.5,103.91
2024-04-29 06:00:00,3.072,4.194,5.046,5.941,18.253,0.132,0.132,18.121,9.5,172.15
2024-04-29 07:00:00,4.427,8.026,6.14,6.166,24.759,3.988,3.988,20.771,9.5,197.32
2024-04-29 08:00:00,5.227,9.083,6.381,5.923,26.613,6.793,6.793,19.82,9.5,188.29
2024-04-29 09:00:00,5.892,12.184,8.219,6.15,32.445,10.075,10.075,22.37,9.5,212.52
2024-04-29 10:00:00,6.536,14.132,8.383,6.309,35.36,12.723,12.723,22.637,5.5,124.5
2024-04-29 11:00:00,7.168,18.688,9.497,5.84,41.193,14.121,14.121,27.072,5.5,148.9
2024-04-29 12:00:00,8.015,20.057,9.643,6.044,43.758,14.82,14.82,28.939,5.5,159.16
2024-04-29 13:00:00,8.369,22.253,9.569,6.412,46.603,14.122,14.122,32.481,5.5,178.65
2024-04-29 14:00:00,7.663,21.912,9.539,6.01,45.124,13.079,13.079,32.046,5.5,176.25
2024-04-29 15:00:00,7.572,21.234,9.547,6.009,44.361,10.273,10.273,34.089,5.5,187.49
2024-04-29 16:00:00,6.161,20.813,8.312,6.118,41.405,7.037,7.037,34.368,5.5,189.03
2024-04-29 17:00:00,5.809,17.304,7.725,6.006,36.845,3.476,3.476,33.369,5.5,183.53
2024-04-29 18:00:00,5.095,13.952,7.388,5.744,32.179,0.221,0.221,31.958,9.5,303.6
2024-04-29 19:00:00,3.95,11.088,7.229,6.17,28.436,0.009,0.009,28.428,9.5,270.06
2024-04-29 20:00:00,3.121,9.446,5.473,5.7,23.739,0.19,0.19,23.549,9.5,223.72
2024-04-29 21:00:00,2.486,6.173,4.084,5.937,18.681,0.184,0.184,18.497,9.5,175.72
2024-04-29 22:00:00,2.184,4.932,3.581,6.181,16.878,0.0,0.0,16.878,5.5,92.83
2024-04-29 23:00:00,1.58,3.9,3.14,5.947,14.567,0.0,0.0,14.567,5.5,80.12
2024-04-30 00:00:00,0.219,0.785,1.881,5.896,8.781,0.0,0.0,8.781,5.5,48.29
2024-04-30 01:00:00,0.417,1.201,2.648,6.132,10.398,0.0,0.0,10.398,5.5,57.19
2024-04-30 02:00:00,1.112,2.771,2.737,5.872,12.493,0.0,0.0,12.493,5.5,68.71
2024-04-30 03:00:00,1.773,2.151,3.491,5.817,13.232,0.3,0.3,12.932,5.5,71.13
2024-04-30 04:00:00,1.272,4.019,3.602,6.041,14.935,0.36,0.36,14.575,5.5,80.16
2024-04-30 05:00:00,2.536,4.676,4.981,5.973,18.166,0.0,0.0,18.166,5.5,99.92
2024-04-30 06:00:00,3.244,5.62,5.215,5.813,19.892,0.0,0.0,19.892,9.5,188.98
2024-04-30 07:00:00,4.639,8.157,5.8,6.096,24.691,3.693,3.693,20.997,9.5,199.48
2024-04-30 08:00:00,4.989,8.853,7.994,6.07,27.905,7.57,7.57,20.334,9.5,193.18
2024-04-30 09:00:00,6.099,12.164,7.295,5.946,31.504,10.729,10.729,20.775,9.5,197.37
2024-04-30 10:00:00,6.83,14.221,8.53,5.956,35.537,13.308,13.308,22.229,5.5,122.26
2024-04-30 11:00:00,6.795,19.686,9.205,6.071,41.757,14.813,14.813,26.944,5.5,148.19
2024-04-30 12:00:00,8.085,21.924,10.864,6.179,47.051,14.397,14.397,32.655,5.5,179.6
2024-04-30 13:00:00,8.065,22.122,10.723,5.958,46.867,14.527,14.527,32.34,5.5,177.87
2024-04-30 14:00:00,8.007,23.051,10.458,6.098,47.615,13.481,13.481,34.134,5.5,187.73
2024-04-30 15:00:00,8.612,23.2,9.324,6.085,47.221,10.537,10.537,36.684,5.5,201.76
2024-04-30 16:00:00,6.162,20.219,9.796,6.132,42.309,7.885,7.885,34.424,5.5,189.33
2024-04-30 17:00:00,6.502,17.199,8.172,6.006,37.879,3.813,3.813,34.066,5.5,187.36
2024-04-30 18:00:00,5.018,15.388,7.514,5.863,33.783,0.052,0.052,33.73,9.5,320.44
2024-04-30 19:00:00,4.309,11.708,6.26,5.931,28.207,0.0,0.0,28.207,9.5,267.97
2024-04-30 20:00:00,3.389,9.066,5.262,6.051,23.767,0.0,0.0,23.767,9.5,225.79
2024-04-30 21:00:00,2.559,6.033,4.35,6.273,19.216,0.218,0.218,18.998,9.5,180.48
2024-04-30 22:00:00,1.926,3.67,3.644,5.927,15.168,0.265,0.265,14.903,5.5,81.97
2024-04-30 23:00:00,1.735,4.092,3.371,6.121,15.318,0.008,0.008,15.31,5.5,84.21
2024-05-01 00:00:00,0.435,3.051,2.167,5.951,11.605,0.0,0.0,11.605,5.5,63.83
2024-05-01 01:00:00,1.278,2.206,2.274,6.017,11.775,0.013,0.013,11.762,5.5,64.69
2024-05-01 02:00:00,1.17,3.66,3.254,6.227,14.311,0.377,0.377,13.934,5.5,76.64
2024-05-01 03:00:00,1.297,2.188,1.941,6.115,11.54,0.523,0.523,11.017,5.5,60.6
2024-05-01 04:00:00,1.962,2.341,3.932,5.814,14.049,0.0,0.0,14.049,5.5,77.27
2024-05-01 05:00:00,3.063,3.863,4.738,5.914,17.579,0.0,0.0,17.579,5.5,96.68
2024-05-01 06:00:00,3.242,4.996,5.74,6.188,20.167,0.252,0.252,19.915,9.5,189.19
2024-05-01 07:00:00,4.33,7.341,6.162,6.021,23.854,3.63,3.63,20.224,9.5,192.13
2024-05-01 08:00:00,4.885,8.331,7.206,5.828,26.25,7.455,7.455,18.794,9.5,178.55
2024-05-01 09:00:00,6.212,12.782,8.419,5.877,33.29,10.228,10.228,23.062,9.5,219.09
2024-05-01 10:00:00,6.993,16.315,9.422,6.106,38.836,12.158,12.158,26.677,5.5,146.73
2024-05-01 11:00:00,7.989,17.757,9.336,6.149,41.231,13.874,13.874,27.357,5.5,150.46
2024-05-01 12:00:00,7.802,21.41,9.967,6.003,45.182,14.738,14.738,30.444,5.5,167.44
2024-05-01 13:00:00,8.201,21.347,10.671,6.371,46.59,13.812,13.812,32.779,5.5,180.28
2024-05-01 14:00:00,7.884,23.685,9.011,6.124,46.703,12.113,12.113,34.59,5.5,190.25
2024-05-01 15:00:00,7.823,23.03,9.18,5.963,45.997,9.667,9.667,36.33,5.5,199.81
2024-05-01 16:00:00,6.572,21.101,9.411,5.878,42.962,6.941,6.941,36.021,5.5,198.12
2024-05-01 17:00:00,6.208,17.776,8.462,5.854,38.299,3.59,3.59,34.71,5.5,190.9
2024-05-01 18:00:00,5.046,12.378,7.332,6.05,30.806,0.246,0.246,30.56,9.5,290.32
2024-05-01 19:00:00,4.203,11.174,6.009,5.927,27.312,0.0,0.0,27.312,9.5,259.47
2024-05-01 20:00:00,3.43,8.451,4.929,6.251,23.06,0.466,0.466,22.594,9.5,214.65
2024-05-01 21:00:00,2.762,5.942,4.215,6.22,19.139,0.0,0.0,19.139,9.5,181.82
2024-05-01 22:00:00,2.062,5.16,4.347,6.095,17.664,0.699,0.699,16.965,5.5,93.31
2024-05-01 23:00:00,1.7,3.582,2.876,5.823,13.982,0.518,0.518,13.464,5.5,74.05
2024-05-02 00:00:00,1.364,1.676,2.061,5.899,11.0,0.042,0.042,10.958,5.5,60.27
2024-05-02 01:00:00,1.349,1.548,1.985,6.188,11.071,0.0,0.0,11.071,5.5,60.89
2024-05-02 02:00:00,1.555,1.947,2.987,5.916,12.405,0.0,0.0,12.405,5.5,68.23
2024-05-02 03:00:00,1.499,3.658,2.912,6.168,14.238,0.0,0.0,14.238,5.5,78.31
2024-05-02 04:00:00,1.83,2.667,3.689,6.071,14.258,0.0,0.0,14.258,5.5,78.42
2024-05-02 05:00:00,2.973,3.519,3.778,6.008,16.277,0.087,0.087,16.19,5.5,89.04
2024-05-02 06:00:00,3.665,4.715,4.636,5.895,18.911,0.0,0.0,18.911,9.5,179.65
2024-05-02 07:00:00,4.664,7.02,6.191,5.986,23.861,2.611,2.611,21.251,9.5,201.88
2024-05-02 08:00:00,4.923,9.348,6.593,6.028,26.892,5.397,5.397,21.496,9.5,204.21
2024-05-02 09:00:00,5.916,9.293,8.867,6.155,30.23,7.546,7.546,22.684,9.5,215.5
2024-05-02 10:00:00,6.296,15.611,8.0,5.867,35.775,10.076,10.076,25.698,5.5,141.34
2024-05-02 11:00:00,7.316,19.001,9.136,5.961,41.414,10.383,10.383,31.031,5.5,170.67
2024-05-02 12:00:00,8.153,19.643,9.867,6.007,43.67,11.048,11.048,32.623,5.5,179.42
2024-05-02 13:00:00,7.86,21.493,9.854,6.099,45.307,10.587,10.587,34.72,5.5,190.96
2024-05-02 14:00:00,8.046,22.545,9.419,5.864,45.874,9.559,9.559,36.316,5.5,199.74
2024-05-02 15:00:00,7.377,21.666,9.073,5.803,43.919,7.847,7.847,36.072,5.5,198.39
2024-05-02 16:00:00,6.885,20.662,8.429,6.101,42.077,5.722,5.722,36.355,5.5,199.95
2024-05-02 17:00:00,5.64,16.294,7.91,5.772,35.617,2.905,2.905,32.712,5.5,179.91
2024-05-02 18:00:00,5.13,13.9,7.904,6.193,33.126,0.067,0.067,33.058,9.5,314.05
2024-05-02 19:00:00,3.325,12.96,6.219,5.977,28.481,0.018,0.018,28.464,9.5,270.4
2024-05-02 20:00:00,3.346,8.241,5.755,5.768,23.109,0.0,0.0,23.109,9.5,219.54
2024-05-02 21:00:00,2.197,7.744,4.654,5.928,20.523,0.0,0.0,20.523,9.5,194.97
2024-05-02 22:00:00,2.458,5.365,4.174,6.057,18.054,0.0,0.0,18.054,5.5,99.3
2024-05-02 23:00:00,1.869,2.483,2.008,5.92,12.28,0.072,0.072,12.208,5.5,67.14
2024-05-03 00:00:00,1.031,2.852,1.899,6.003,11.784,0.121,0.121,11.664,5.5,64.15
2024-05-03 01:00:00,1.509,2.31,2.809,6.111,12.739,0.054,0.054,12.685,5.5,69.77
2024-05-03 02:00:00,1.01,2.164,2.422,5.97,11.565,0.0,0.0,11.565,5.5,63.61
2024-05-03 03:00:00,2.16,2.966,3.833,5.859,14.818,0.0,0.0,14.818,5.5,81.5
2024-05-03 04:00:00,2.376,3.587,4.322,5.955,16.24,0.0,0.0,16.24,5.5,89.32
2024-05-03 05:00:00,2.615,4.51,4.264,6.212,17.602,0.094,0.094,17.508,5.5,96.29
2024-05-03 06:00:00,3.743,6.041,5.08,6.253,21.117,0.0,0.0,21.117,9.5,200.61
2024-05-03 07:00:00,3.891,7.099,5.783,5.697,22.469,4.543,4.543,17.926,9.5,170.3
2024-05-03 08:00:00,4.857,7.914,6.871,6.164,25.805,8.972,8.972,16.833,9.5,159.92
2024-05-03 09:00:00,5.802,11.391,7.532,6.038,30.762,12.051,12.051,18.711,9.5,177.75
2024-05-03 10:00:00,6.629,17.2,8.997,6.139,38.964,15.199,15.199,23.765,5.5,130.71
2024-05-03 11:00:00,7.117,18.493,8.874,5.917,40.402,16.763,16.763,23.639,5.5,130.01
2024-05-03 12:00:00,8.221,22.45,10.102,5.735,46.508,17.95,17.95,28.558,5.5,157.07
2024-05-03 13:00:00,7.922,23.465,10.251,6.088,47.726,16.688,16.688,31.038,5.5,170.71
2024-05-03 14:00:00,7.96,23.179,9.196,5.859,46.194,15.229,15.229,30.965,5.5,170.31
2024-05-03 15:00:00,7.263,22.59,10.076,5.792,45.721,12.268,12.268,33.452,5.5,183.99
2024-05-03 16:00:00,6.241,20.525,9.031,5.802,41.599,8.255,8.255,33.344,5.5,183.39
2024-05-03 17:00:00,6.065,16.523,8.325,6.09,37.004,4.333,4.333,32.671,5.5,179.69
2024-05-03 18:00:00,4.53,14.86,6.819,6.021,32.231,0.264,0.264,31.967,9.5,303.68
2024-05-03 19:00:00,4.202,12.738,6.437,6.117,29.494,0.0,0.0,29.494,9.5,280.2
2024-05-03 20:00:00,2.992,8.535,5.732,6.1,23.359,0.0,0.0,23.359,9.5,221.91
2024-05-03 21:00:00,3.283,7.102,4.412,5.937,20.733,0.0,0.0,20.733,9.5,196.96
2024-05-03 22:00:00,2.37,5.779,4.529,5.989,18.668,0.0,0.0,18.668,5.5,102.67
2024-05-03 23:00:00,1.668,3.217,3.145,5.923,13.953,0.04,0.04,13.913,5.5,76.52
2024-05-04 00:00:00,0.691,0.58,1.466,5.968,8.705,0.465,0.465,8.24,5.5,45.32
2024-05-04 01:00:00,0.2,0.5,1.26,5.855,7.815,0.231,0.231,7.585,5.5,41.72
2024-05-04 02:00:00,0.616,0.5,1.559,6.059,8.734,0.461,0.461,8.273,5.5,45.5
2024-05-04 03:00:00,0.633,0.5,0.895,6.161,8.189,0.0,0.0,8.189,5.5,45.04
2024-05-04 04:00:00,0.813,0.567,2.013,5.878,9.27,0.0,0.0,9.27,5.5,50.99
2024-05-04 05:00:00,1.322,2.719,1.932,6.192,12.164,0.0,0.0,12.164,5.5,66.9
2024-05-04 06:00:00,1.411,1.314,2.302,6.017,11.044,0.0,0.0,11.044,9.5,104.91
2024-05-04 07:00:00,1.564,2.819,3.792,6.036,14.212,4.092,4.092,10.119,9.5,96.13
2024-05-04 08:00:00,1.29,3.216,3.476,5.745,13.727,8.051,8.051,5.676,9.5,53.92
2024-05-04 09:00:00,1.807,5.667,3.611,5.729,16.813,12.35,12.35,4.464,9.5,42.41
2024-05-04 10:00:00,2.339,7.007,4.269,6.022,19.637,13.996,13.996,5.641,5.5,31.03
2024-05-04 11:00:00,2.63,7.881,4.208,6.118,20.837,16.721,16.721,4.116,5.5,22.64
2024-05-04 12:00:00,2.41,8.495,5.504,5.899,22.308,17.259,17.259,5.048,5.5,27.77
2024-05-04 13:00:00,3.524,8.785,4.722,6.251,23.281,16.46,16.46,6.821,5.5,37.51
2024-05-04 14:00:00,3.204,8.272,5.142,6.11,22.728,14.289,14.289,8.439,5.5,46.42
2024-05-04 15:00:00,2.783,10.525,5.271,5.864,24.442,11.465,11.465,12.976,5.5,71.37
2024-05-04 16:00:00,2.397,7.642,4.212,6.005,20.256,8.278,8.278,11.978,5.5,65.88
2024-05-04 17:00:00,2.031,7.721,4.225,6.372,20.348,4.558,4.558,15.791,5.5,86.85
2024-05-04 18:00:00,1.501,6.806,3.149,5.814,17.27,0.001,0.001,17.269,9.5,164.06
2024-05-04 19:00:00,1.501,4.28,4.072,6.079,15.932,0.0,0.0,15.932,9.5,151.36
2024-05-04 20:00:00,1.268,4.449,3.015,5.952,14.684,0.344,0.344,14.339,9.5,136.22
2024-05-04 21:00:00,0.568,3.33,2.149,6.106,12.152,0.505,0.505,11.647,9.5,110.64
2024-05-04 22:00:00,0.834,3.429,1.555,6.19,12.008,0.0,0.0,12.008,5.5,66.04
2024-05-04 23:00:00,0.526,1.208,1.518,5.942,9.194,0.033,0.033,9.161,5.5,50.39
2024-05-05 00:00:00,0.2,0.5,0.874,6.168,7.742,0.0,0.0,7.742,5.5,42.58
2024-05-05 01:00:00,0.2,0.564,1.924,6.333,9.021,0.0,0.0,9.021,5.5,49.62
2024-05-05 02:00:00,0.329,1.185,0.835,6.01,8.359,0.153,0.153,8.206,5.5,45.13
2024-05-05 03:00:00,1.139,1.162,1.618,6.118,10.037,0.106,0.106,9.93,5.5,54.62
2024-05-05 04:00:00,0.901,0.977,1.857,5.911,9.646,0.0,0.0,9.646,5.5,53.05
2024-05-05 05:00:00,0.54,0.5,2.179,6.003,9.221,0.0,0.0,9.221,5.5,50.72
2024-05-05 06:00:00,1.337,2.429,2.597,5.973,12.337,0.0,0.0,12.337,9.5,117.2
2024-05-05 07:00:00,1.014,4.305,3.048,6.12,14.486,3.074,3.074,11.412,9.5,108.42
2024-05-05 08:00:00,2.111,4.002,3.911,6.181,16.204,6.226,6.226,9.978,9.5,94.79
2024-05-05 09:00:00,1.953,5.227,4.256,5.984,17.42,8.035,8.035,9.385,9.5,89.15
2024-05-05 10:00:00,2.348,6.436,4.58,6.23,19.594,10.542,10.542,9.053,5.5,49.79
2024-05-05 11:00:00,3.0,7.532,3.515,6.23,20.275,11.887,11.887,8.388,5.5,46.13
2024-05-05 12:00:00,2.363,9.023,5.05,6.127,22.563,12.027,12.027,10.536,5.5,57.95
2024-05-05 13:00:00,2.381,9.316,4.338,5.923,21.958,11.639,11.639,10.319,5.5,56.75
2024-05-05 14:00:00,2.574,9.006,5.189,5.908,22.677,10.429,10.429,12.248,5.5,67.37
2024-05-05 15:00:00,2.913,8.363,5.318,5.878,22.473,8.482,8.482,13.991,5.5,76.95
2024-05-05 16:00:00,1.92,8.078,4.042,6.142,20.183,6.101,6.101,14.082,5.5,77.45
2024-05-05 17:00:00,1.245,7.465,3.908,5.818,18.436,3.196,3.196,15.24,5.5,83.82
2024-05-05 18:00:00,1.651,5.726,3.322,6.102,16.8,0.0,0.0,16.8,9.5,159.6
2024-05-05 19:00:00,1.643,4.991,3.588,5.838,16.061,0.196,0.196,15.865,9.5,150.72
2024-05-05 20:00:00,1.551,3.982,2.679,6.124,14.335,0.0,0.0,14.335,9.5,136.18
2024-05-05 21:00:00,0.801,3.394,2.917,6.003,13.115,0.58,0.58,12.535,9.5,119.08
2024-05-05 22:00:00,0.61,3.079,2.03,6.2,11.919,0.0,0.0,11.919,5.5,65.56
2024-05-05 23:00:00,0.919,1.651,1.661,6.171,10.402,0.0,0.0,10.402,5.5,57.21
2024-05-06 00:00:00,0.33,1.321,2.048,6.215,9.914,0.0,0.0,9.914,5.5,54.53
2024-05-06 01:00:00,0.937,2.152,2.614,6.219,11.921,0.124,0.124,11.797,5.5,64.89
2024-05-06 02:00:00,1.352,2.589,1.955,6.022,11.917,0.0,0.0,11.917,5.5,65.55
2024-05-06 03:00:00,1.771,1.329,3.162,5.826,12.088,0.0,0.0,12.088,5.5,66.49
2024-05-06 04:00:00,1.944,4.351,3.7,5.842,15.837,0.177,0.177,15.659,5.5,86.13
2024-05-06 05:00:00,2.697,4.098,4.741,5.687,17.223,0.0,0.0,17.223,5.5,94.73
2024-05-06 06:00:00,2.656,5.455,5.207,5.837,19.154,0.411,0.411,18.743,9.5,178.06
2024-05-06 07:00:00,4.025,7.933,5.773,6.01,23.741,3.486,3.486,20.255,9.5,192.42
2024-05-06 08:00:00,5.24,8.601,7.126,5.916,26.883,6.728,6.728,20.155,9.5,191.47
2024-05-06 09:00:00,5.69,12.347,7.592,5.973,31.602,10.08,10.08,21.522,9.5,204.46
2024-05-06 10:00:00,6.805,14.907,8.055,6.074,35.841,12.603,12.603,23.238,5.5,127.81
2024-05-06 11:00:00,7.568,17.947,9.747,5.954,41.216,13.644,13.644,27.572,5.5,151.65
2024-05-06 12:00:00,7.751,20.144,10.092,5.832,43.819,14.374,14.374,29.445,5.5,161.95
2024-05-06 13:00:00,8.051,23.906,10.187,5.992,48.136,14.022,14.022,34.114,5.5,187.63
2024-05-06 14:00:00,7.565,22.916,10.382,5.865,46.729,11.844,11.844,34.884,5.5,191.86
2024-05-06 15:00:00,7.372,23.133,9.19,5.959,45.655,10.178,10.178,35.477,5.5,195.12
2024-05-06 16:00:00,6.971,19.261,8.253,6.201,40.686,6.541,6.541,34.145,5.5,187.8
2024-05-06 17:00:00,6.032,19.038,7.997,5.959,39.026,3.75,3.75,35.276,5.5,194.02
2024-05-06 18:00:00,4.928,15.837,6.984,6.266,34.015,0.0,0.0,34.015,9.5,323.14
2024-05-06 19:00:00,4.29,11.966,5.851,6.215,28.322,0.373,0.373,27.949,9.5,265.51
2024-05-06 20:00:00,3.617,8.924,5.25,5.913,23.703,0.352,0.352,23.352,9.5,221.84
2024-05-06 21:00:00,2.071,7.161,4.207,5.833,19.272,0.171,0.171,19.101,9.5,181.46
2024-05-06 22:00:00,2.444,6.981,2.994,5.992,18.411,0.09,0.09,18.321,5.5,100.77
2024-05-06 23:00:00,1.535,2.573,2.951,6.173,13.233,0.153,0.153,13.08,5.5,71.94
2024-05-07 00:00:00,1.018,3.001,1.566,5.926,11.511,0.019,0.019,11.493,5.5,63.21
2024-05-07 01:00:00,1.412,1.706,2.379,6.136,11.634,0.0,0.0,11.634,5.5,63.99
2024-05-07 02:00:00,0.883,2.546,2.388,6.181,11.998,0.433,0.433,11.565,5.5,63.61
2024-05-07 03:00:00,1.423,2.609,3.572,5.884,13.488,0.469,0.469,13.019,5.5,71.61
2024-05-07 04:00:00,2.01,2.907,4.37,5.899,15.186,0.0,0.0,15.186,5.5,83.52
2024-05-07 05:00:00,2.451,3.988,4.723,6.107,17.27,0.071,0.071,17.198,5.5,94.59
2024-05-07 06:00:00,3.923,4.259,4.661,6.023,18.865,0.024,0.024,18.841,9.5,178.99
2024-05-07 07:00:00,3.965,7.686,6.79,5.897,24.339,3.832,3.832,20.506,9.5,194.81
2024-05-07 08:00:00,4.937,7.699,7.753,5.947,26.337,8.236,8.236,18.101,9.5,171.96
2024-05-07 09:00:00,6.046,12.358,8.032,5.989,32.426,12.271,12.271,20.155,9.5,191.47
2024-05-07 10:00:00,6.427,14.782,9.354,5.765,36.329,14.216,14.216,22.113,5.5,121.62
2024-05-07 11:00:00,7.315,17.215,9.236,6.115,39.881,16.741,16.741,23.14,5.5,127.27
2024-05-07 12:00:00,7.949,20.99,9.114,5.928,43.982,17.026,17.026,26.956,5.5,148.26
2024-05-07 13:00:00,7.9,21.401,9.696,5.582,44.579,16.227,16.227,28.352,5.5,155.94
2024-05-07 14:00:00,7.826,23.323,10.552,5.996,47.698,14.609,14.609,33.089,5.5,181.99
2024-05-07 15:00:00,7.275,21.508,8.86,5.889,43.532,11.516,11.516,32.016,5.5,176.09
2024-05-07 16:00:00,6.333,21.197,8.825,6.253,42.609,8.258,8.258,34.351,5.5,188.93
2024-05-07 17:00:00,6.081,17.413,8.038,5.912,37.444,4.748,4.748,32.696,5.5,179.83
2024-05-07 18:00:00,5.631,14.683,6.918,5.835,33.066,0.0,0.0,33.066,9.5,314.13
2024-05-07 19:00:00,4.228,12.161,6.011,6.076,28.476,0.318,0.318,28.158,9.5,267.5
2024-05-07 20:00:00,3.47,8.517,5.311,5.901,23.198,0.0,0.0,23.198,9.5,220.38
2024-05-07 21:00:00,2.894,6.816,4.226,5.883,19.82,0.0,0.0,19.82,9.5,188.29
2024-05-07 22:00:00,1.716,3.955,3.159,6.076,14.907,0.57,0.57,14.336,5.5,78.85
2024-05-07 23:00:00,2.147,4.502,3.214,5.844,15.706,0.0,0.0,15.706,5.5,86.38
2024-05-08 00:00:00,0.951,3.794,2.45,5.781,12.977,0.0,0.0,12.977,5.5,71.37
2024-05-08 01:00:00,1.543,4.677,2.634,6.259,15.113,0.409,0.409,14.704,5.5,80.87
2024-05-08 02:00:00,1.075,2.643,2.326,6.087,12.131,0.374,0.374,11.757,5.5,64.66
2024-05-08 03:00:00,2.181,3.446,2.627,5.96,14.215,0.276,0.276,13.939,5.5,76.67
2024-05-08 04:00:00,2.329,1.836,3.615,5.999,13.779,0.0,0.0,13.779,5.5,75.78
2024-05-08 05:00:00,2.852,5.212,5.078,6.076,19.218,0.0,0.0,19.218,5.5,105.7
2024-05-08 06:00:00,3.472,5.803,5.54,6.146,20.962,0.093,0.093,20.868,9.5,198.25
2024-05-08 07:00:00,4.148,6.497,6.47,5.887,23.001,4.94,4.94,18.061,9.5,171.58
2024-05-08 08:00:00,5.464,10.153,7.479,6.055,29.151,8.989,8.989,20.162,9.5,191.54
2024-05-08 09:00:00,6.027,11.76,8.193,5.924,31.904,12.979,12.979,18.925,9.5,179.78
2024-05-08 10:00:00,6.197,14.724,8.873,5.972,35.767,15.914,15.914,19.853,5.5,109.19
2024-05-08 11:00:00,7.099,18.59,9.721,6.024,41.434,18.046,18.046,23.388,5.5,128.63
2024-05-08 12:00:00,7.799,20.043,9.642,5.999,43.483,18.509,18.509,24.973,5.5,137.35
2024-05-08 13:00:00,8.093,23.535,9.434,6.11,47.172,17.208,17.208,29.964,5.5,164.8
2024-05-08 14:00:00,7.837,22.52,10.15,6.073,46.58,15.769,15.769,30.811,5.5,169.46
2024-05-08 15:00:00,7.8,21.878,9.951,5.774,45.402,12.649,12.649,32.753,5.5,180.14
2024-05-08 16:00:00,6.202,20.166,8.378,5.796,40.542,9.312,9.312,31.23,5.5,171.77
2024-05-08 17:00:00,6.028,18.817,8.354,5.945,39.142,5.009,5.009,34.134,5.5,187.73
2024-05-08 18:00:00,4.559,14.597,7.795,6.274,33.225,0.03,0.03,33.195,9.5,315.35
2024-05-08 19:00:00,4.45,10.885,6.187,5.872,27.395,0.0,0.0,27.395,9.5,260.26
2024-05-08 20:00:00,3.374,8.679,4.954,5.969,22.976,0.021,0.021,22.955,9.5,218.07
2024-05-08 21:00:00,2.812,6.858,4.5,5.92,20.091,0.063,0.063,20.028,9.5,190.27
2024-05-08 22:00:00,1.837,4.238,3.508,5.917,15.5,0.0,0.0,15.5,5.5,85.25
2024-05-08 23:00:00,2.02,3.088,2.881,6.027,14.016,0.0,0.0,14.016,5.5,77.09
2024-05-09 00:00:00,1.203,4.079,2.194,6.21,13.686,0.0,0.0,13.686,5.5,75.27
2024-05-09 01:00:00,1.228,1.762,1.645,6.068,10.704,0.38,0.38,10.324,5.5,56.78
2024-05-09 02:00:00,1.256,2.32,2.073,5.879,11.527,0.149,0.149,11.378,5.5,62.58
2024-05-09 03:00:00,1.81,2.531,3.135,6.413,13.889,0.109,0.109,13.78,5.5,75.79
2024-05-09 04:00:00,1.884,2.933,3.719,6.012,14.549,0.38,0.38,14.169,5.5,77.93
2024-05-09 05:00:00,2.943,4.519,4.589,5.913,17.964,0.0,0.0,17.964,5.5,98.8
2024-05-09 06:00:00,3.897,5.957,6.032,6.212,22.097,0.0,0.0,22.097,9.5,209.93
2024-05-09 07:00:00,4.544,6.661,6.23,5.93,23.364,4.81,4.81,18.554,9.5,176.26
2024-05-09 08:00:00,4.885,8.202,7.362,6.249,26.699,9.157,9.157,17.542,9.5,166.65
2024-05-09 09:00:00,6.093,13.02,7.635,5.869,32.617,12.306,12.306,20.311,9.5,192.96
2024-05-09 10:00:00,6.4,15.061,9.132,6.215,36.807,15.815,15.815,20.992,5.5,115.46
2024-05-09 11:00:00,7.606,19.65,9.246,6.03,42.531,17.399,17.399,25.132,5.5,138.23
2024-05-09 12:00:00,7.989,19.161,9.889,6.194,43.234,17.895,17.895,25.339,5.5,139.36
2024-05-09 13:00:00,7.439,22.944,9.956,6.285,46.625,17.419,17.419,29.205,5.5,160.63
2024-05-09 14:00:00,7.506,24.971,10.274,5.83,48.581,14.975,14.975,33.606,5.5,184.83
2024-05-09 15:00:00,7.349,22.505,8.932,6.191,44.978,12.648,12.648,32.33,5.5,177.81
2024-05-09 16:00:00,6.697,20.778,7.912,5.789,41.175,8.857,8.857,32.318,5.5,177.75
2024-05-09 17:00:00,5.622,18.502,7.939,5.843,37.906,4.861,4.861,33.044,5.5,181.74
2024-05-09 18:00:00,5.221,14.69,7.31,5.879,33.101,0.0,0.0,33.101,9.5,314.46
2024-05-09 19:00:00,4.298,11.751,6.249,6.076,28.373,0.192,0.192,28.182,9.5,267.73
2024-05-09 20:00:00,3.344,8.921,5.774,6.005,24.045,0.0,0.0,24.045,9.5,228.42
2024-05-09 21:00:00,2.46,6.403,4.626,5.975,19.464,0.0,0.0,19.464,9.5,184.91
2024-05-09 22:00:00,2.411,6.181,3.503,6.022,18.117,0.167,0.167,17.95,5.5,98.73
2024-05-09 23:00:00,2.133,4.391,2.198,6.089,14.81,0.0,0.0,14.81,5.5,81.45
2024-05-10 00:00:00,0.746,2.597,1.925,6.1,11.369,0.254,0.254,11.115,5.5,61.13
2024-05-10 01:00:00,0.87,3.105,2.698,6.164,12.837,0.0,0.0,12.837,5.5,70.6
2024-05-10 02:00:00,1.442,2.374,2.494,6.273,12.583,0.219,0.219,12.363,5.5,68.0
2024-05-10 03:00:00,1.529,2.214,3.139,5.997,12.878,0.0,0.0,12.878,5.5,70.83
2024-05-10 04:00:00,2.055,2.798,3.897,5.922,14.671,0.0,0.0,14.671,5.5,80.69
2024-05-10 05:00:00,2.908,4.035,4.045,6.092,17.081,0.297,0.297,16.783,5.5,92.31
2024-05-10 06:00:00,2.829,4.367,5.531,5.828,18.555,0.349,0.349,18.207,9.5,172.96
2024-05-10 07:00:00,4.618,6.526,6.843,5.898,23.885,4.922,4.922,18.963,9.5,180.14
2024-05-10 08:00:00,5.126,8.806,7.054,6.15,27.136,9.521,9.521,17.615,9.5,167.34
2024-05-10 09:00:00,5.861,13.736,7.573,5.981,33.152,12.98,12.98,20.172,9.5,191.63
2024-05-10 10:00:00,6.761,12.964,8.798,5.819,34.342,15.193,15.193,19.148,5.5,105.32
2024-05-10 11:00:00,7.423,18.177,8.566,5.777,39.942,17.255,17.255,22.688,5.5,124.78
2024-05-10 12:00:00,7.335,22.402,9.995,6.007,45.739,17.711,17.711,28.028,5.5,154.15
2024-05-10 13:00:00,8.448,22.953,10.181,6.171,47.754,17.821,17.821,29.933,5.5,164.63
2024-05-10 14:00:00,7.867,24.11,10.531,6.169,48.676,15.763,15.763,32.913,5.5,181.02
2024-05-10 15:00:00,7.567,22.936,9.379,6.017,45.898,12.543,12.543,33.355,5.5,183.45
2024-05-10 16:00:00,7.073,20.487,8.988,6.301,42.85,9.173,9.173,33.677,5.5,185.22
2024-05-10 17:00:00,5.678,16.527,7.68,5.984,35.869,4.242,4.242,31.627,5.5,173.95
2024-05-10 18:00:00,5.246,15.347,6.98,5.979,33.553,0.075,0.075,33.477,9.5,318.04
2024-05-10 19:00:00,4.142,11.416,5.578,5.615,26.751,0.0,0.0,26.751,9.5,254.14
2024-05-10 20:00:00,3.656,8.579,5.204,5.933,23.372,0.0,0.0,23.372,9.5,222.03
2024-05-10 21:00:00,2.048,6.527,4.329,6.128,19.032,0.235,0.235,18.797,9.5,178.57
2024-05-10 22:00:00,2.067,6.61,3.848,6.235,18.759,0.273,0.273,18.487,5.5,101.68
2024-05-10 23:00:00,1.455,5.958,2.878,5.875,16.167,0.137,0.137,16.03,5.5,88.16
2024-05-11 00:00:00,0.441,1.135,1.043,6.069,8.69,0.0,0.0,8.69,5.5,47.79
2024-05-11 01:00:00,0.51,0.614,1.01,6.157,8.291,0.0,0.0,8.291,5.5,45.6
2024-05-11 02:00:00,0.241,0.5,1.193,6.002,7.935,0.0,0.0,7.935,5.5,43.64
2024-05-11 03:00:00,0.359,1.511,1.596,5.658,9.124,0.0,0.0,9.124,5.5,50.18
2024-05-11 04:00:00,0.701,2.742,1.88,6.037,11.36,0.0,0.0,11.36,5.5,62.48
2024-05-11 05:00:00,0.671,1.42,2.53,6.114,10.736,0.323,0.323,10.413,5.5,57.27
2024-05-11 06:00:00,1.443,0.5,2.593,5.858,10.394,0.318,0.318,10.076,9.5,95.72
2024-05-11 07:00:00,1.367,3.315,2.954,5.962,13.598,2.704,2.704,10.893,9.5,103.49
2024-05-11 08:00:00,0.914,4.487,3.489,5.827,14.717,5.972,5.972,8.745,9.5,83.08
2024-05-11 09:00:00,1.982,3.56,3.727,5.614,14.883,8.524,8.524,6.359,9.5,60.41
2024-05-11 10:00:00,2.064,6.232,4.269,6.154,18.719,9.945,9.945,8.774,5.5,48.26
2024-05-11 11:00:00,2.113,7.711,5.541,5.999,21.363,12.109,12.109,9.254,5.5,50.9
2024-05-11 12:00:00,2.378,8.375,4.565,6.24,21.557,12.286,12.286,9.271,5.5,50.99
2024-05-11 13:00:00,2.833,8.537,4.889,6.129,22.387,11.905,11.905,10.482,5.5,57.65
2024-05-11 14:00:00,3.148,10.243,4.775,5.947,24.113,11.108,11.108,13.005,5.5,71.53
2024-05-11 15:00:00,2.696,8.847,4.629,5.988,22.159,8.766,8.766,13.393,5.5,73.66
2024-05-11 16:00:00,2.194,7.245,4.28,6.085,19.804,6.051,6.051,13.753,5.5,75.64
2024-05-11 17:00:00,2.231,5.71,4.124,6.145,18.21,3.371,3.371,14.84,5.5,81.62
2024-05-11 18:00:00,1.649,7.1,2.877,6.048,17.674,0.318,0.318,17.356,9.5,164.89
2024-05-11 19:00:00,1.269,5.322,3.509,6.166,16.266,0.089,0.089,16.177,9.5,153.69
2024-05-11 20:00:00,0.844,3.769,2.894,5.955,13.463,0.207,0.207,13.256,9.5,125.93
2024-05-11 21:00:00,0.415,2.426,1.728,5.85,10.42,0.0,0.0,10.42,9.5,98.99
2024-05-11 22:00:00,0.617,1.668,0.957,5.99,9.232,0.0,0.0,9.232,5.5,50.78
2024-05-11 23:00:00,0.62,0.758,1.173,6.031,8.582,0.034,0.034,8.548,5.5,47.01
2024-05-12 00:00:00,0.283,0.619,0.913,5.82,7.635,0.0,0.0,7.635,5.5,41.99
2024-05-12 01:00:00,0.244,0.5,2.175,5.799,8.719,0.0,0.0,8.719,5.5,47.95
2024-05-12 02:00:00,0.2,0.5,1.542,6.067,8.31,0.413,0.413,7.896,5.5,43.43
2024-05-12 03:00:00,0.755,0.891,0.841,5.939,8.426,0.602,0.602,7.824,5.5,43.03
2024-05-12 04:00:00,0.339,1.808,1.588,5.975,9.71,0.478,0.478,9.232,5.5,50.78
2024-05-12 05:00:00,1.173,1.591,2.204,5.946,10.914,0.0,0.0,10.914,5.5,60.03
2024-05-12 06:00:00,0.89,2.734,2.742,6.228,12.594,0.0,0.0,12.594,9.5,119.64
2024-05-12 07:00:00,1.252,3.866,2.568,6.189,13.875,4.317,4.317,9.559,9.5,90.81
2024-05-12 08:00:00,1.346,4.556,3.507,5.814,15.224,9.069,9.069,6.154,9.5,58.47
2024-05-12 09:00:00,1.944,5.219,3.725,5.92,16.809,11.926,11.926,4.882,9.5,46.38
2024-05-12 10:00:00,2.668,6.118,3.971,6.128,18.885,15.462,15.462,3.422,5.5,18.82
2024-05-12 11:00:00,2.757,6.586,4.832,6.09,20.265,17.865,17.865,2.4,5.5,13.2
2024-05-12 12:00:00,3.043,9.049,5.24,5.994,23.325,18.353,18.353,4.972,5.5,27.35
2024-05-12 13:00:00,2.957,10.539,5.336,5.829,24.662,17.29,17.29,7.372,5.5,40.54
2024-05-12 14:00:00,2.418,9.731,5.16,5.898,23.207,15.509,15.509,7.698,5.5,42.34
2024-05-12 15:00:00,2.503,10.729,4.529,5.922,23.684,12.939,12.939,10.744,5.5,59.09
2024-05-12 16:00:00,2.142,7.237,4.698,6.042,20.118,9.31,9.31,10.809,5.5,59.45
2024-05-12 17:00:00,2.494,6.447,4.136,6.256,19.333,4.514,4.514,14.819,5.5,81.5
2024-05-12 18:00:00,1.427,6.793,3.615,5.897,17.732,0.0,0.0,17.732,9.5,168.45
2024-05-12 19:00:00,1.746,5.054,2.849,5.846,15.496,0.0,0.0,15.496,9.5,147.21
2024-05-12 20:00:00,1.459,4.76,2.442,5.984,14.645,0.0,0.0,14.645,9.5,139.12
2024-05-12 21:00:00,1.489,2.774,2.255,6.155,12.673,0.0,0.0,12.673,9.5,120.4
2024-05-12 22:00:00,0.611,1.403,2.84,5.783,10.637,0.0,0.0,10.637,5.5,58.5
2024-05-12 23:00:00,0.786,1.452,1.684,6.218,10.141,0.0,0.0,10.141,5.5,55.77
2024-05-13 00:00:00,1.575,1.192,1.776,5.974,10.517,0.194,0.194,10.323,5.5,56.78
2024-05-13 01:00:00,0.868,1.577,1.954,5.89,10.288,0.145,0.145,10.143,5.5,55.79
2024-05-13 02:00:00,0.834,3.386,2.454,5.76,12.434,0.209,0.209,12.225,5.5,67.24
2024-05-13 03:00:00,1.072,3.556,3.999,6.106,14.732,0.0,0.0,14.732,5.5,81.03
2024-05-13 04:00:00,2.31,3.599,3.569,5.974,15.452,0.0,0.0,15.452,5.5,84.99
2024-05-13 05:00:00,2.121,2.692,4.814,6.026,15.653,0.14,0.14,15.513,5.5,85.32
2024-05-13 06:00:00,3.291,4.972,5.131,5.865,19.259,0.0,0.0,19.259,9.5,182.96
2024-05-13 07:00:00,4.354,6.006,6.293,5.952,22.604,4.353,4.353,18.252,9.5,173.39
2024-05-13 08:00:00,5.16,10.24,7.44,5.927,28.766,8.547,8.547,20.219,9.5,192.08
2024-05-13 09:00:00,6.112,11.674,7.796,5.985,31.567,12.539,12.539,19.028,9.5,180.77
2024-05-13 10:00:00,6.854,14.445,8.569,5.9,35.768,15.931,15.931,19.836,5.5,109.1
2024-05-13 11:00:00,7.818,18.502,10.12,5.77,42.21,17.089,17.089,25.12,5.5,138.16
2024-05-13 12:00:00,7.569,20.69,10.254,6.409,44.923,17.522,17.522,27.4,5.5,150.7
2024-05-13 13:00:00,7.797,24.24,10.316,5.795,48.149,17.437,17.437,30.712,5.5,168.92
2024-05-13 14:00:00,7.622,23.122,10.176,6.027,46.947,15.51,15.51,31.438,5.5,172.91
2024-05-13 15:00:00,7.683,21.934,9.64,5.734,44.991,11.986,11.986,33.006,5.5,181.53
2024-05-13 16:00:00,7.058,19.48,9.632,5.7,41.87,9.123,9.123,32.747,5.5,180.11
2024-05-13 17:00:00,6.12,18.454,8.042,6.015,38.631,5.258,5.258,33.372,5.5,183.55
2024-05-13 18:00:00,5.459,14.864,7.354,6.026,33.703,0.0,0.0,33.703,9.5,320.18
2024-05-13 19:00:00,3.869,10.997,5.608,6.189,26.664,0.0,0.0,26.664,9.5,253.3
2024-05-13 20:00:00,3.902,10.25,4.952,6.06,25.164,0.0,0.0,25.164,9.5,239.06
2024-05-13 21:00:00,3.143,7.52,3.971,5.978,20.611,0.0,0.0,20.611,9.5,195.81
2024-05-13 22:00:00,2.317,5.236,4.238,5.858,17.649,0.297,0.297,17.352,5.5,95.44
2024-05-13 23:00:00,2.171,5.16,2.107,6.225,15.662,0.032,0.032,15.631,5.5,85.97
2024-05-14 00:00:00,0.394,2.954,1.859,6.139,11.347,0.418,0.418,10.929,5.5,60.11
2024-05-14 01:00:00,0.896,1.828,1.089,5.813,9.626,0.249,0.249,9.377,5.5,51.57
2024-05-14 02:00:00,1.074,1.784,2.318,6.006,11.181,0.511,0.511,10.671,5.5,58.69
2024-05-14 03:00:00,1.853,3.52,2.931,6.022,14.325,0.348,0.348,13.977,5.5,76.87
2024-05-14 04:00:00,1.781,3.635,4.282,5.948,15.647,0.0,0.0,15.647,5.5,86.06
2024-05-14 05:00:00,2.914,4.216,4.61,6.116,17.855,0.02,0.02,17.835,5.5,98.09
2024-05-14 06:00:00,3.813,4.596,4.948,6.125,19.483,0.0,0.0,19.483,9.5,185.08
2024-05-14 07:00:00,4.431,7.491,6.614,5.971,24.508,3.589,3.589,20.92,9.5,198.74
2024-05-14 08:00:00,5.189,8.72,7.13,5.958,26.997,7.085,7.085,19.912,9.5,189.16
2024-05-14 09:00:00,5.688,12.092,8.04,6.225,32.045,9.968,9.968,22.077,9.5,209.73
2024-05-14 10:00:00,6.534,16.513,8.344,6.14,37.53,12.642,12.642,24.889,5.5,136.89
2024-05-14 11:00:00,7.809,18.0,9.06,6.011,40.88,13.552,13.552,27.328,5.5,150.31
2024-05-14 12:00:00,8.088,20.002,9.531,5.756,43.376,13.853,13.853,29.524,5.5,162.38
2024-05-14 13:00:00,7.988,22.274,10.019,6.052,46.333,13.39,13.39,32.943,5.5,181.19
2024-05-14 14:00:00,7.729,24.57,9.892,6.105,48.295,12.436,12.436,35.86,5.5,197.23
2024-05-14 15:00:00,6.826,23.32,10.074,5.587,45.807,9.572,9.572,36.235,5.5,199.29
2024-05-14 16:00:00,6.466,21.157,8.979,6.038,42.64,7.006,7.006,35.635,5.5,195.99
2024-05-14 17:00:00,6.558,18.122,6.942,5.937,37.559,4.056,4.056,33.503,5.5,184.26
2024-05-14 18:00:00,4.72,15.744,7.228,5.967,33.658,0.088,0.088,33.571,9.5,318.92
2024-05-14 19:00:00,4.279,11.494,5.608,5.864,27.246,0.0,0.0,27.246,9.5,258.84
2024-05-14 20:00:00,3.705,9.569,4.895,5.978,24.146,0.0,0.0,24.146,9.5,229.39
2024-05-14 21:00:00,2.31,6.42,4.126,6.209,19.065,0.0,0.0,19.065,9.5,181.12
2024-05-14 22:00:00,2.152,4.555,3.463,5.933,16.103,0.0,0.0,16.103,5.5,88.57
2024-05-14 23:00:00,1.917,3.57,2.578,6.145,14.21,0.0,0.0,14.21,5.5,78.15
2024-05-15 00:00:00,0.894,2.13,2.102,5.879,11.005,0.081,0.081,10.924,5.5,60.08
2024-05-15 01:00:00,1.914,2.454,1.722,6.114,12.204,0.284,0.284,11.919,5.5,65.56
2024-05-15 02:00:00,0.794,2.81,2.793,6.0,12.398,0.028,0.028,12.37,5.5,68.03
2024-05-15 03:00:00,1.954,0.5,4.022,6.053,12.529,0.406,0.406,12.123,5.5,66.68
2024-05-15 04:00:00,2.045,2.68,3.197,6.001,13.923,0.482,0.482,13.441,5.5,73.93
2024-05-15 05:00:00,2.918,3.777,4.337,6.096,17.129,0.239,0.239,16.89,5.5,92.9
2024-05-15 06:00:00,3.535,6.491,4.272,5.615,19.913,0.367,0.367,19.546,9.5,185.68
2024-05-15 07:00:00,4.003,6.16,6.068,5.787,22.017,3.407,3.407,18.61,9.5,176.8
2024-05-15 08:00:00,5.173,9.479,7.38,6.063,28.094,6.811,6.811,21.284,9.5,202.2
2024-05-15 09:00:00,5.427,13.402,8.313,5.693,32.836,10.275,10.275,22.561,9.5,214.33
2024-05-15 10:00:00,6.969,14.346,8.856,5.92,36.091,11.991,11.991,24.1,5.5,132.55
2024-05-15 11:00:00,7.524,18.893,9.812,5.992,42.221,13.736,13.736,28.485,5.5,156.67
2024-05-15 12:00:00,8.046,20.675,10.879,5.876,45.476,14.542,14.542,30.934,5.5,170.14
2024-05-15 13:00:00,8.317,22.774,10.685,5.896,47.673,14.247,14.247,33.426,5.5,183.84
2024-05-15 14:00:00,7.965,23.195,9.652,6.041,46.852,12.317,12.317,34.535,5.5,189.94
2024-05-15 15:00:00,7.479,22.592,8.876,6.151,45.098,9.924,9.924,35.174,5.5,193.46
2024-05-15 16:00:00,6.523,23.494,8.663,5.856,44.537,7.251,7.251,37.285,5.5,205.07
2024-05-15 17:00:00,5.771,19.254,7.646,5.914,38.584,3.382,3.382,35.202,5.5,193.61
2024-05-15 18:00:00,5.46,16.278,7.303,5.89,34.931,0.0,0.0,34.931,9.5,331.85
2024-05-15 19:00:00,4.653,12.6,5.716,5.637,28.606,0.0,0.0,28.606,9.5,271.75
2024-05-15 20:00:00,3.331,8.064,5.252,6.021,22.668,0.0,0.0,22.668,9.5,215.35
2024-05-15 21:00:00,2.7,7.34,4.786,6.14,20.966,0.027,0.027,20.94,9.5,198.93
2024-05-15 22:00:00,1.825,6.146,3.688,6.152,17.811,0.0,0.0,17.811,5.5,97.96
2024-05-15 23:00:00,1.988,3.408,2.749,5.869,14.014,0.0,0.0,14.014,5.5,77.08
2024-05-16 00:00:00,1.09,3.209,2.49,5.812,12.602,0.0,0.0,12.602,5.5,69.31
2024-05-16 01:00:00,1.636,3.063,1.535,6.003,12.237,0.0,0.0,12.237,5.5,67.3
2024-05-16 02:00:00,1.031,4.111,2.519,6.124,13.785,0.103,0.103,13.683,5.5,75.25
2024-05-16 03:00:00,1.523,2.546,3.111,6.023,13.203,0.268,0.268,12.935,5.5,71.14
2024-05-16 04:00:00,2.166,2.457,3.735,6.043,14.401,0.239,0.239,14.162,5.5,77.89
2024-05-16 05:00:00,2.88,3.812,4.523,6.171,17.387,0.0,0.0,17.387,5.5,95.63
2024-05-16 06:00:00,3.338,6.449,5.526,5.889,21.202,0.0,0.0,21.202,9.5,201.42
2024-05-16 07:00:00,3.961,5.579,6.174,5.967,21.681,4.067,4.067,17.614,9.5,167.33
2024-05-16 08:00:00,5.368,7.718,6.976,6.245,26.308,7.617,7.617,18.691,9.5,177.56
2024-05-16 09:00:00,6.201,12.309,7.862,5.97,32.342,10.566,10.566,21.776,9.5,206.87
2024-05-16 10:00:00,6.513,15.082,8.58,5.81,35.985,13.385,13.385,22.601,5.5,124.3
2024-05-16 11:00:00,7.841,18.632,9.771,5.9,42.144,14.337,14.337,27.807,5.5,152.94
2024-05-16 12:00:00,8.205,22.128,9.602,5.859,45.795,14.774,14.774,31.021,5.5,170.62
2024-05-16 13:00:00,8.04,22.796,10.339,6.054,47.228,14.225,14.225,33.003,5.5,181.52
2024-05-16 14:00:00,7.878,22.401,9.868,5.866,46.013,12.393,12.393,33.62,5.5,184.91
2024-05-16 15:00:00,7.6,24.873,9.248,6.041,47.762,10.7,10.7,37.062,5.5,203.84
2024-05-16 16:00:00,6.529,20.574,9.072,5.89,42.065,7.394,7.394,34.672,5.5,190.69
2024-05-16 17:00:00,5.993,17.779,7.734,5.681,37.188,3.997,3.997,33.191,5.5,182.55
2024-05-16 18:00:00,4.458,16.319,7.378,6.046,34.202,0.553,0.553,33.649,9.5,319.67
2024-05-16 19:00:00,4.485,11.93,6.273,6.022,28.711,0.0,0.0,28.711,9.5,272.75
2024-05-16 20:00:00,2.934,9.322,5.043,6.078,23.377,0.0,0.0,23.377,9.5,222.08
2024-05-16 21:00:00,3.137,7.428,4.663,5.899,21.127,0.144,0.144,20.983,9.5,199.34
2024-05-16 22:00:00,1.997,6.168,3.947,5.883,17.995,0.05,0.05,17.945,5.5,98.7
2024-05-16 23:00:00,1.573,3.834,3.591,6.06,15.058,0.0,0.0,15.058,5.5,82.82
2024-05-17 00:00:00,0.702,3.659,2.407,6.228,12.996,0.119,0.119,12.877,5.5,70.82
2024-05-17 01:00:00,0.967,0.797,2.483,6.002,10.248,0.236,0.236,10.013,5.5,55.07
2024-05-17 02:00:00,1.72,3.243,2.199,6.064,13.226,0.0,0.0,13.226,5.5,72.75
2024-05-17 03:00:00,0.89,2.216,4.107,5.952,13.165,0.0,0.0,13.165,5.5,72.4
2024-05-17 04:00:00,2.48,4.441,3.167,5.768,15.856,0.443,0.443,15.413,5.5,84.77
2024-05-17 05:00:00,2.788,4.225,4.831,6.145,17.989,0.0,0.0,17.989,5.5,98.94
2024-05-17 06:00:00,3.04,4.776,5.454,6.136,19.407,0.02,0.02,19.387,9.5,184.17
2024-05-17 07:00:00,3.9,7.59,5.718,6.107,23.315,3.454,3.454,19.86,9.5,188.67
2024-05-17 08:00:00,5.607,10.111,7.073,5.973,28.764,7.749,7.749,21.015,9.5,199.64
2024-05-17 09:00:00,5.701,12.782,7.993,6.09,32.566,11.635,11.635,20.93,9.5,198.84
2024-05-17 10:00:00,6.442,14.651,9.347,6.134,36.574,14.561,14.561,22.013,5.5,121.07
2024-05-17 11:00:00,7.775,18.286,9.171,6.243,41.475,15.421,15.421,26.054,5.5,143.3
2024-05-17 12:00:00,7.956,21.423,9.756,6.148,45.283,16.41,16.41,28.872,5.5,158.8
2024-05-17 13:00:00,7.719,23.263,9.066,6.01,46.057,15.717,15.717,30.34,5.5,166.87
2024-05-17 14:00:00,7.919,24.56,10.555,5.804,48.837,14.478,14.478,34.359,5.5,188.97
2024-05-17 15:00:00,7.126,21.684,9.028,6.023,43.862,11.223,11.223,32.639,5.5,179.52
2024-05-17 16:00:00,7.118,21.693,8.956,6.038,43.806,8.323,8.323,35.482,5.5,195.15
2024-05-17 17:00:00,6.303,18.441,7.984,6.106,38.835,4.045,4.045,34.789,5.5,191.34
2024-05-17 18:00:00,5.264,14.804,7.084,6.203,33.355,0.067,0.067,33.288,9.5,316.23
2024-05-17 19:00:00,4.331,11.675,6.512,5.986,28.503,0.021,0.021,28.483,9.5,270.59
2024-05-17 20:00:00,3.931,9.225,5.95,6.315,25.421,0.0,0.0,25.421,9.5,241.5
2024-05-17 21:00:00,2.686,4.179,4.552,5.736,17.153,0.143,0.143,17.009,9.5,161.59
2024-05-17 22:00:00,1.742,4.753,3.99,6.063,16.548,0.013,0.013,16.535,5.5,90.94
2024-05-17 23:00:00,1.771,3.411,3.259,5.88,14.321,0.0,0.0,14.321,5.5,78.77
2024-05-18 00:00:00,0.938,1.406,1.417,5.714,9.474,0.0,0.0,9.474,5.5,52.11
2024-05-18 01:00:00,0.2,0.5,0.958,5.97,7.628,0.023,0.023,7.605,5.5,41.83
2024-05-18 02:00:00,0.345,0.885,1.755,5.781,8.766,0.067,0.067,8.699,5.5,47.85
2024-05-18 03:00:00,0.698,2.392,2.008,5.976,11.073,0.0,0.0,11.073,5.5,60.9
2024-05-18 04:00:00,0.718,2.136,2.297,6.005,11.156,0.0,0.0,11.156,5.5,61.36
2024-05-18 05:00:00,0.646,2.37,1.962,6.168,11.145,0.0,0.0,11.145,5.5,61.3
2024-05-18 06:00:00,1.527,1.731,2.573,5.774,11.606,0.0,0.0,11.606,9.5,110.25
2024-05-18 07:00:00,2.174,3.265,3.19,6.136,14.765,3.296,3.296,11.469,9.5,108.95
2024-05-18 08:00:00,1.845,3.581,3.013,6.015,14.454,6.943,6.943,7.511,9.5,71.36
2024-05-18 09:00:00,1.823,4.763,4.65,6.154,17.391,9.693,9.693,7.697,9.5,73.12
2024-05-18 10:00:00,1.911,6.533,4.408,5.935,18.787,11.348,11.348,7.439,5.5,40.91
2024-05-18 11:00:00,2.679,7.01,4.842,5.8,20.331,12.965,12.965,7.366,5.5,40.51
2024-05-18 12:00:00,3.08,9.786,4.7,5.817,23.383,13.615,13.615,9.768,5.5,53.73
2024-05-18 13:00:00,2.943,9.213,4.469,5.806,22.431,12.913,12.913,9.518,5.5,52.35
2024-05-18 14:00:00,2.748,10.102,4.689,6.072,23.611,11.406,11.406,12.205,5.5,67.13
2024-05-18 15:00:00,2.425,10.506,4.816,6.222,23.968,9.164,9.164,14.805,5.5,81.43
2024-05-18 16:00:00,2.048,9.417,4.682,5.915,22.062,6.968,6.968,15.094,5.5,83.02
2024-05-18 17:00:00,2.345,6.36,4.077,6.094,18.877,3.745,3.745,15.132,5.5,83.23
2024-05-18 18:00:00,2.061,6.561,3.7,5.771,18.093,0.0,0.0,18.093,9.5,171.89
2024-05-18 19:00:00,1.014,5.6,2.959,6.027,15.6,0.23,0.23,15.371,9.5,146.02
2024-05-18 20:00:00,1.668,4.481,2.839,6.1,15.089,0.0,0.0,15.089,9.5,143.34
2024-05-18 21:00:00,1.112,1.94,2.819,5.783,11.654,0.398,0.398,11.256,9.5,106.93
2024-05-18 22:00:00,1.154,1.605,2.146,5.969,10.874,0.0,0.0,10.874,5.5,59.81
2024-05-18 23:00:00,0.2,2.444,1.888,6.107,10.639,0.043,0.043,10.597,5.5,58.28
2024-05-19 00:00:00,0.2,0.5,1.128,5.56,7.388,0.0,0.0,7.388,5.5,40.63
2024-05-19 01:00:00,0.324,0.767,0.542,6.2,7.834,0.419,0.419,7.415,5.5,40.78
2024-05-19 02:00:00,0.604,2.32,0.907,6.053,9.884,0.0,0.0,9.884,5.5,54.36
2024-05-19 03:00:00,1.112,1.122,1.746,6.108,10.087,0.442,0.442,9.645,5.5,53.05
2024-05-19 04:00:00,0.946,0.762,1.86,5.938,9.506,0.119,0.119,9.387,5.5,51.63
2024-05-19 05:00:00,0.867,0.95,2.402,5.742,9.961,0.187,0.187,9.774,5.5,53.76
2024-05-19 06:00:00,0.883,2.402,3.311,6.08,12.677,0.0,0.0,12.677,9.5,120.43
2024-05-19 07:00:00,1.847,1.771,3.384,5.988,12.99,2.621,2.621,10.369,9.5,98.5
2024-05-19 08:00:00,1.497,3.579,4.065,6.005,15.146,6.101,6.101,9.045,9.5,85.93
2024-05-19 09:00:00,2.583,5.198,4.05,6.163,17.994,8.326,8.326,9.668,9.5,91.85
2024-05-19 10:00:00,2.29,7.259,4.09,6.114,19.754,10.492,10.492,9.262,5.5,50.94
2024-05-19 11:00:00,3.079,8.039,4.705,6.288,22.112,11.188,11.188,10.924,5.5,60.08
2024-05-19 12:00:00,2.953,8.041,4.608,6.023,21.625,11.517,11.517,10.108,5.5,55.59
2024-05-19 13:00:00,2.759,10.306,5.623,5.896,24.585,11.663,11.663,12.922,5.5,71.07
2024-05-19 14:00:00,2.593,9.391,5.246,5.972,23.202,10.657,10.657,12.545,5.5,69.0
2024-05-19 15:00:00,2.5,8.375,4.936,6.062,21.873,8.236,8.236,13.638,5.5,75.01
2024-05-19 16:00:00,2.504,8.474,4.907,6.152,22.038,5.596,5.596,16.442,5.5,90.43
2024-05-19 17:00:00,2.118,8.656,3.204,5.78,19.758,3.257,3.257,16.501,5.5,90.76
2024-05-19 18:00:00,1.608,6.352,3.797,6.001,17.758,0.0,0.0,17.758,9.5,168.7
2024-05-19 19:00:00,1.428,4.941,2.57,6.241,15.181,0.18,0.18,15.001,9.5,142.51
2024-05-19 20:00:00,1.214,5.087,2.638,5.964,14.903,0.0,0.0,14.903,9.5,141.58
2024-05-19 21:00:00,0.302,1.692,2.101,6.14,10.235,0.469,0.469,9.765,9.5,92.77
2024-05-19 22:00:00,0.871,1.108,2.129,6.074,10.182,0.0,0.0,10.182,5.5,56.0
2024-05-19 23:00:00,0.279,0.5,1.655,6.143,8.577,0.144,0.144,8.433,5.5,46.38
2024-05-20 00:00:00,0.545,2.759,2.558,5.879,11.74,0.0,0.0,11.74,5.5,64.57
2024-05-20 01:00:00,0.547,2.657,2.046,5.879,11.129,0.0,0.0,11.129,5.5,61.21
2024-05-20 02:00:00,0.756,3.889,2.934,6.003,13.582,0.0,0.0,13.582,5.5,74.7
2024-05-20 03:00:00,1.229,3.103,3.193,5.77,13.295,0.222,0.222,13.074,5.5,71.9
2024-05-20 04:00:00,1.884,3.044,3.074,5.96,13.962,0.276,0.276,13.686,5.5,75.27
2024-05-20 05:00:00,3.272,4.142,4.084,6.038,17.536,0.167,0.167,17.369,5.5,95.53
2024-05-20 06:00:00,3.245,5.446,5.222,6.268,20.18,0.0,0.0,20.18,9.5,191.71
2024-05-20 07:00:00,4.276,5.773,6.633,6.06,22.742,3.299,3.299,19.443,9.5,184.71
2024-05-20 08:00:00,5.224,11.632,7.308,6.094,30.258,6.56,6.56,23.698,9.5,225.13
2024-05-20 09:00:00,6.024,12.772,7.558,6.175,32.528,9.176,9.176,23.353,9.5,221.85
2024-05-20 10:00:00,6.764,15.754,8.769,5.855,37.142,10.089,10.089,27.053,5.5,148.79
2024-05-20 11:00:00,7.076,19.299,10.263,5.975,42.613,12.072,12.072,30.541,5.5,167.98
2024-05-20 12:00:00,8.29,22.147,9.905,6.364,46.705,12.515,12.515,34.19,5.5,188.05
2024-05-20 13:00:00,8.542,23.35,9.869,5.988,47.75,12.354,12.354,35.396,5.5,194.68
2024-05-20 14:00:00,7.349,23.626,10.057,6.167,47.2,10.876,10.876,36.324,5.5,199.78
2024-05-20 15:00:00,7.127,23.942,9.762,6.145,46.975,9.113,9.113,37.863,5.5,208.24
2024-05-20 16:00:00,6.704,21.888,8.643,5.778,43.012,5.967,5.967,37.045,5.5,203.75
2024-05-20 17:00:00,5.695,18.159,8.226,6.047,38.126,3.335,3.335,34.792,5.5,191.35
2024-05-20 18:00:00,5.256,16.721,6.991,6.022,34.99,0.27,0.27,34.72,9.5,329.84
2024-05-20 19:00:00,4.004,12.591,6.476,6.049,29.12,0.0,0.0,29.12,9.5,276.64
2024-05-20 20:00:00,4.052,10.048,5.349,5.887,25.336,0.754,0.754,24.582,9.5,233.53
2024-05-20 21:00:00,3.044,8.223,4.644,5.832,21.743,0.357,0.357,21.386,9.5,203.17
2024-05-20 22:00:00,2.16,5.37,3.425,5.929,16.883,0.0,0.0,16.883,5.5,92.86
2024-05-20 23:00:00,1.944,4.395,2.799,5.985,15.123,0.0,0.0,15.123,5.5,83.18
2024-05-21 00:00:00,1.222,3.114,2.399,6.178,12.913,0.0,0.0,12.913,5.5,71.02
2024-05-21 01:00:00,0.884,1.949,2.255,6.273,11.361,0.025,0.025,11.336,5.5,62.35
2024-05-21 02:00:00,1.05,2.704,2.764,6.209,12.727,0.132,0.132,12.595,5.5,69.27
2024-05-21 03:00:00,1.66,3.015,3.005,6.129,13.809,0.45,0.45,13.359,5.5,73.47
2024-05-21 04:00:00,2.355,2.61,4.088,5.849,14.902,0.0,0.0,14.902,5.5,81.96
2024-05-21 05:00:00,2.728,6.004,4.208,5.939,18.879,0.169,0.169,18.71,5.5,102.91
2024-05-21 06:00:00,2.929,4.238,5.227,6.031,18.426,0.0,0.0,18.426,9.5,175.05
2024-05-21 07:00:00,3.982,6.087,6.502,5.905,22.477,3.736,3.736,18.741,9.5,178.04
2024-05-21 08:00:00,5.082,10.536,7.592,6.087,29.297,7.57,7.57,21.727,9.5,206.41
2024-05-21 09:00:00,5.962,12.955,7.815,6.108,32.84,10.753,10.753,22.087,9.5,209.82
2024-05-21 10:00:00,7.379,14.8,9.609,6.08,37.868,12.69,12.69,25.179,5.5,138.48
2024-05-21 11:00:00,7.018,19.334,9.581,6.154,42.088,14.273,14.273,27.815,5.5,152.98
2024-05-21 12:00:00,8.006,22.802,9.443,5.864,46.115,15.352,15.352,30.763,5.5,169.2
2024-05-21 13:00:00,8.447,23.491,10.148,6.14,48.225,14.754,14.754,33.471,5.5,184.09
2024-05-21 14:00:00,8.536,26.264,9.707,5.896,50.403,12.978,12.978,37.425,5.5,205.84
2024-05-21 15:00:00,7.313,22.136,9.63,5.859,44.937,9.875,9.875,35.063,5.5,192.85
2024-05-21 16:00:00,6.935,22.182,8.808,6.08,44.005,8.21,8.21,35.795,5.5,196.87
2024-05-21 17:00:00,6.155,19.782,8.054,6.182,40.174,3.854,3.854,36.32,5.5,199.76
2024-05-21 18:00:00,5.163,16.334,6.758,6.073,34.328,0.0,0.0,34.328,9.5,326.11
2024-05-21 19:00:00,4.193,12.22,6.584,6.003,29.0,0.0,0.0,29.0,9.5,275.5
2024-05-21 20:00:00,3.533,9.253,4.819,6.047,23.651,0.113,0.113,23.539,9.5,223.62
2024-05-21 21:00:00,1.927,7.481,4.008,6.02,19.436,0.116,0.116,19.32,9.5,183.54
2024-05-21 22:00:00,2.301,6.017,3.875,5.831,18.024,0.285,0.285,17.739,5.5,97.57
2024-05-21 23:00:00,1.674,4.632,3.769,5.814,15.889,0.0,0.0,15.889,5.5,87.39
2024-05-22 00:00:00,0.824,3.303,1.879,5.988,11.995,0.0,0.0,11.995,5.5,65.97
2024-05-22 01:00:00,1.667,1.72,2.567,6.012,11.966,0.609,0.609,11.357,5.5,62.46
2024-05-22 02:00:00,1.092,2.484,3.08,6.002,12.657,0.067,0.067,12.59,5.5,69.24
2024-05-22 03:00:00,1.515,2.169,3.454,6.101,13.239,0.0,0.0,13.239,5.5,72.81
2024-05-22 04:00:00,2.694,3.073,3.604,5.968,15.339,0.0,0.0,15.339,5.5,84.36
2024-05-22 05:00:00,2.437,4.971,4.015,6.084,17.507,0.152,0.152,17.356,5.5,95.46
2024-05-22 06:00:00,3.237,5.462,4.399,5.978,19.076,0.309,0.309,18.767,9.5,178.29
2024-05-22 07:00:00,4.178,9.227,6.083,6.274,25.762,3.817,3.817,21.945,9.5,208.47
2024-05-22 08:00:00,5.356,9.66,7.594,6.012,28.623,6.789,6.789,21.833,9.5,207.42
2024-05-22 09:00:00,6.047,12.458,7.575,6.351,32.431,9.82,9.82,22.612,9.5,214.81
2024-05-22 10:00:00,6.4,15.739,9.105,6.053,37.297,12.396,12.396,24.901,5.5,136.96
2024-05-22 11:00:00,7.274,18.379,9.076,5.968,40.698,13.587,13.587,27.11,5.5,149.11
2024-05-22 12:00:00,7.672,21.628,9.903,5.865,45.068,13.499,13.499,31.569,5.5,173.63
2024-05-22 13:00:00,7.977,24.468,10.283,5.784,48.512,12.502,12.502,36.01,5.5,198.05
2024-05-22 14:00:00,7.982,24.328,9.597,5.851,47.759,11.983,11.983,35.775,5.5,196.77
2024-05-22 15:00:00,7.56,22.931,9.524,5.868,45.883,9.951,9.951,35.932,5.5,197.63
2024-05-22 16:00:00,6.255,20.934,8.659,6.059,41.907,6.54,6.54,35.367,5.5,194.52
2024-05-22 17:00:00,6.304,18.529,8.307,5.921,39.061,3.552,3.552,35.509,5.5,195.3
2024-05-22 18:00:00,5.18,15.713,7.217,6.028,34.138,0.0,0.0,34.138,9.5,324.31
2024-05-22 19:00:00,4.638,13.366,6.211,6.192,30.406,0.031,0.031,30.375,9.5,288.56
2024-05-22 20:00:00,3.536,8.433,5.905,5.987,23.86,0.0,0.0,23.86,9.5,226.67
2024-05-22 21:00:00,3.017,6.885,4.716,6.312,20.93,0.387,0.387,20.543,9.5,195.16
2024-05-22 22:00:00,2.236,5.491,3.452,5.824,17.004,0.044,0.044,16.959,5.5,93.28
2024-05-22 23:00:00,2.04,2.692,3.093,5.977,13.803,0.0,0.0,13.803,5.5,75.92
2024-05-23 00:00:00,1.047,1.81,1.99,5.919,10.766,0.275,0.275,10.491,5.5,57.7
2024-05-23 01:00:00,1.024,1.996,2.319,6.14,11.479,0.0,0.0,11.479,5.5,63.13
2024-05-23 02:00:00,1.976,2.035,3.66,5.664,13.335,0.385,0.385,12.95,5.5,71.22
2024-05-23 03:00:00,1.903,3.081,3.276,5.784,14.043,0.297,0.297,13.746,5.5,75.6
2024-05-23 04:00:00,2.269,3.261,2.914,5.984,14.427,0.417,0.417,14.01,5.5,77.06
2024-05-23 05:00:00,2.303,3.724,4.234,6.233,16.494,0.0,0.0,16.494,5.5,90.72
2024-05-23 06:00:00,3.016,5.729,4.509,6.034,19.288,0.0,0.0,19.288,9.5,183.23
2024-05-23 07:00:00,4.31,8.535,6.056,5.797,24.698,4.554,4.554,20.145,9.5,191.37
2024-05-23 08:00:00,5.148,10.837,6.328,5.82,28.133,8.723,8.723,19.41,9.5,184.39
2024-05-23 09:00:00,5.8,10.898,7.676,6.251,30.626,12.176,12.176,18.449,9.5,175.27
2024-05-23 10:00:00,6.83,16.149,8.217,5.907,37.102,14.987,14.987,22.116,5.5,121.64
2024-05-23 11:00:00,7.911,18.787,9.61,5.859,42.166,16.791,16.791,25.375,5.5,139.56
2024-05-23 12:00:00,8.063,21.844,9.861,6.222,45.989,17.146,17.146,28.843,5.5,158.64
2024-05-23 13:00:00,7.658,23.297,10.121,6.152,47.227,17.104,17.104,30.123,5.5,165.68
2024-05-23 14:00:00,7.821,24.382,9.819,6.191,48.213,15.137,15.137,33.076,5.5,181.92
2024-05-23 15:00:00,7.193,23.737,8.898,5.857,45.685,12.28,12.28,33.405,5.5,183.73
2024-05-23 16:00:00,6.671,21.256,9.031,5.771,42.729,8.415,8.415,34.314,5.5,188.73
2024-05-23 17:00:00,5.86,18.212,8.794,6.02,38.886,4.18,4.18,34.705,5.5,190.88
2024-05-23 18:00:00,4.961,15.328,7.287,6.05,33.626,0.581,0.581,33.045,9.5,313.93
2024-05-23 19:00:00,3.846,12.624,6.018,6.055,28.542,0.0,0.0,28.542,9.5,271.15
2024-05-23 20:00:00,3.364,10.005,4.71,6.222,24.301,0.183,0.183,24.118,9.5,229.12
2024-05-23 21:00:00,2.518,7.839,4.088,5.74,20.185,0.049,0.049,20.136,9.5,191.29
2024-05-23 22:00:00,1.218,4.992,3.909,6.129,16.248,0.0,0.0,16.248,5.5,89.36
2024-05-23 23:00:00,2.252,4.395,3.557,5.836,16.039,0.538,0.538,15.502,5.5,85.26
2024-05-24 00:00:00,1.217,3.252,2.125,6.128,12.722,0.205,0.205,12.517,5.5,68.84
2024-05-24 01:00:00,0.94,3.478,2.607,5.929,12.953,0.0,0.0,12.953,5.5,71.24
2024-05-24 02:00:00,1.3,2.63,2.933,5.878,12.741,0.0,0.0,12.741,5.5,70.08
2024-05-24 03:00:00,1.285,2.756,3.33,5.909,13.28,0.0,0.0,13.28,5.5,73.04
2024-05-24 04:00:00,2.605,3.549,3.465,5.783,15.402,0.548,0.548,14.854,5.5,81.7
2024-05-24 05:00:00,3.256,3.257,4.521,6.006,17.039,0.0,0.0,17.039,5.5,93.71
2024-05-24 06:00:00,3.449,5.243,4.942,5.884,19.519,0.0,0.0,19.519,9.5,185.43
2024-05-24 07:00:00,4.53,7.766,6.195,6.118,24.609,3.002,3.002,21.607,9.5,205.27
2024-05-24 08:00:00,5.157,10.058,7.255,6.096,28.566,6.246,6.246,22.32,9.5,212.04
2024-05-24 09:00:00,5.583,12.246,8.696,6.253,32.778,9.211,9.211,23.568,9.5,223.89
2024-05-24 10:00:00,6.664,15.893,8.301,6.055,36.913,11.314,11.314,25.599,5.5,140.79
2024-05-24 11:00:00,7.474,18.307,9.649,6.078,41.508,11.901,11.901,29.607,5.5,162.84
2024-05-24 12:00:00,7.718,22.326,10.453,6.21,46.707,12.558,12.558,34.149,5.5,187.82
2024-05-24 13:00:00,7.934,23.601,10.304,5.906,47.745,12.045,12.045,35.7,5.5,196.35
2024-05-24 14:00:00,7.827,24.116,10.194,5.777,47.914,10.483,10.483,37.431,5.5,205.87
2024-05-24 15:00:00,7.41,23.374,9.691,6.03,46.505,9.526,9.526,36.979,5.5,203.38
2024-05-24 16:00:00,6.803,21.713,9.344,5.787,43.647,6.631,6.631,37.016,5.5,203.59
2024-05-24 17:00:00,5.666,18.609,7.59,6.368,38.233,3.278,3.278,34.955,5.5,192.25
2024-05-24 18:00:00,4.889,16.245,6.569,6.218,33.921,0.475,0.475,33.446,9.5,317.74
2024-05-24 19:00:00,3.837,12.146,6.186,6.325,28.493,0.364,0.364,28.129,9.5,267.23
2024-05-24 20:00:00,3.696,10.819,4.417,6.009,24.941,0.025,0.025,24.917,9.5,236.71
2024-05-24 21:00:00,2.055,8.343,4.943,6.083,21.424,0.098,0.098,21.326,9.5,202.59
2024-05-24 22:00:00,2.443,4.685,4.217,5.931,17.275,0.454,0.454,16.821,5.5,92.52
2024-05-24 23:00:00,2.052,4.232,2.954,6.132,15.371,0.0,0.0,15.371,5.5,84.54
2024-05-25 00:00:00,0.221,0.5,0.862,5.818,7.401,0.502,0.502,6.898,5.5,37.94
2024-05-25 01:00:00,0.2,0.759,1.114,5.619,7.692,0.0,0.0,7.692,5.5,42.3
2024-05-25 02:00:00,0.345,2.675,1.346,5.881,10.247,0.457,0.457,9.789,5.5,53.84
2024-05-25 03:00:00,0.553,0.929,1.615,5.782,8.879,0.0,0.0,8.879,5.5,48.84
2024-05-25 04:00:00,0.431,1.649,2.087,6.222,10.389,0.101,0.101,10.288,5.5,56.58
2024-05-25 05:00:00,0.786,2.107,2.157,6.272,11.321,0.0,0.0,11.321,5.5,62.27
2024-05-25 06:00:00,1.65,1.363,3.018,5.79,11.82,0.0,0.0,11.82,9.5,112.29
2024-05-25 07:00:00,1.677,2.19,3.272,6.194,13.333,4.777,4.777,8.557,9.5,81.29
2024-05-25 08:00:00,1.509,2.86,3.319,6.143,13.831,9.798,9.798,4.033,9.5,38.31
2024-05-25 09:00:00,1.615,4.286,4.546,5.765,16.212,12.577,12.577,3.635,9.5,34.53
2024-05-25 10:00:00,2.278,4.02,3.869,5.941,16.108,15.882,15.882,0.226,5.5,1.24
2024-05-25 11:00:00,2.538,8.037,4.691,5.913,21.179,17.911,17.911,3.268,5.5,17.98
2024-05-25 12:00:00,2.898,10.366,5.317,6.112,24.693,18.445,18.445,6.248,5.5,34.36
2024-05-25 13:00:00,2.639,9.602,4.711,5.816,22.768,18.582,18.582,4.186,5.5,23.02
2024-05-25 14:00:00,2.902,8.621,5.054,5.985,22.563,16.631,16.631,5.931,5.5,32.62
2024-05-25 15:00:00,3.182,8.969,4.945,5.897,22.994,13.449,13.449,9.546,5.5,52.5
2024-05-25 16:00:00,2.62,8.355,4.068,6.071,21.115,9.193,9.193,11.922,5.5,65.57
2024-05-25 17:00:00,2.08,6.788,3.983,5.967,18.819,5.258,5.258,13.56,5.5,74.58
2024-05-25 18:00:00,1.731,6.988,3.499,5.92,18.138,0.0,0.0,18.138,9.5,172.31
2024-05-25 19:00:00,1.371,5.643,2.873,5.968,15.855,0.643,0.643,15.212,9.5,144.52
2024-05-25 20:00:00,1.545,2.901,3.561,6.305,14.313,0.0,0.0,14.313,9.5,135.97
2024-05-25 21:00:00,0.752,3.454,1.92,5.937,12.064,0.0,0.0,12.064,9.5,114.61
2024-05-25 22:00:00,0.747,3.385,2.266,5.844,12.242,0.0,0.0,12.242,5.5,67.33
2024-05-25 23:00:00,0.588,3.196,1.407,6.088,11.278,0.0,0.0,11.278,5.5,62.03
2024-05-26 00:00:00,0.2,3.289,0.576,5.978,10.043,0.578,0.578,9.465,5.5,52.06
2024-05-26 01:00:00,0.2,0.5,1.184,5.788,7.672,0.237,0.237,7.435,5.5,40.89
2024-05-26 02:00:00,0.55,3.334,1.585,6.335,11.804,0.365,0.365,11.439,5.5,62.92
2024-05-26 03:00:00,0.554,0.894,1.932,5.947,9.328,0.0,0.0,9.328,5.5,51.3
2024-05-26 04:00:00,0.884,0.89,2.489,5.943,10.206,0.054,0.054,10.152,5.5,55.83
2024-05-26 05:00:00,0.78,1.939,3.404,6.024,12.146,0.156,0.156,11.99,5.5,65.95
2024-05-26 06:00:00,1.557,1.702,2.741,6.26,12.259,0.081,0.081,12.178,9.5,115.69
2024-05-26 07:00:00,1.215,3.198,2.829,5.748,12.99,4.476,4.476,8.514,9.5,80.89
2024-05-26 08:00:00,2.3,2.776,3.743,6.041,14.86,9.642,9.642,5.219,9.5,49.58
2024-05-26 09:00:00,1.57,4.813,3.906,6.313,16.602,13.216,13.216,3.386,9.5,32.17
2024-05-26 10:00:00,2.506,7.34,4.783,6.019,20.648,15.855,15.855,4.793,5.5,26.36
2024-05-26 11:00:00,2.745,7.57,4.209,5.815,20.339,17.447,17.447,2.892,5.5,15.91
2024-05-26 12:00:00,2.51,8.852,5.878,5.907,23.147,18.82,18.82,4.327,5.5,23.8
2024-05-26 13:00:00,2.927,9.882,5.342,6.031,24.182,18.738,18.738,5.444,5.5,29.94
2024-05-26 14:00:00,3.133,10.709,4.257,6.2,24.298,15.837,15.837,8.461,5.5,46.54
2024-05-26 15:00:00,1.937,8.177,4.444,5.949,20.508,13.23,13.23,7.277,5.5,40.02
2024-05-26 16:00:00,2.526,9.206,4.739,6.124,22.596,9.652,9.652,12.943,5.5,71.19
2024-05-26 17:00:00,1.347,7.401,4.483,5.785,19.016,4.443,4.443,14.572,5.5,80.15
2024-05-26 18:00:00,1.497,6.445,3.053,5.783,16.778,0.0,0.0,16.778,9.5,159.39
2024-05-26 19:00:00,1.967,5.852,3.379,5.928,17.125,0.0,0.0,17.125,9.5,162.69
2024-05-26 20:00:00,1.016,2.877,1.862,6.216,11.971,0.295,0.295,11.676,9.5,110.92
2024-05-26 21:00:00,0.588,2.069,2.19,6.01,10.857,0.398,0.398,10.46,9.5,99.37
2024-05-26 22:00:00,0.674,0.619,2.309,6.043,9.646,0.048,0.048,9.598,5.5,52.79
2024-05-26 23:00:00,1.193,1.238,1.343,6.042,9.816,0.0,0.0,9.816,5.5,53.99
2024-05-27 00:00:00,0.341,3.56,1.418,6.166,11.485,0.0,0.0,11.485,5.5,63.17
2024-05-27 01:00:00,0.738,2.463,2.345,5.908,11.454,0.0,0.0,11.454,5.5,63.0
2024-05-27 02:00:00,1.744,1.62,2.408,6.103,11.875,0.0,0.0,11.875,5.5,65.31
2024-05-27 03:00:00,2.193,2.561,3.38,5.875,14.009,0.0,0.0,14.009,5.5,77.05
2024-05-27 04:00:00,2.066,2.225,3.374,6.297,13.962,0.172,0.172,13.79,5.5,75.84
2024-05-27 05:00:00,2.315,3.3,4.142,5.88,15.636,0.147,0.147,15.489,5.5,85.19
2024-05-27 06:00:00,4.031,5.739,4.473,5.868,20.111,0.0,0.0,20.111,9.5,191.06
2024-05-27 07:00:00,4.701,6.272,6.256,6.082,23.311,4.879,4.879,18.433,9.5,175.11
2024-05-27 08:00:00,5.308,10.489,7.059,6.012,28.867,9.367,9.367,19.499,9.5,185.24
2024-05-27 09:00:00,5.741,12.475,7.549,6.049,31.814,12.893,12.893,18.921,9.5,179.75
2024-05-27 10:00:00,6.773,15.876,8.903,6.034,37.585,16.315,16.315,21.27,5.5,116.99
2024-05-27 11:00:00,7.386,18.851,9.867,5.836,41.941,17.969,17.969,23.972,5.5,131.85
2024-05-27 12:00:00,7.954,22.504,9.774,6.242,46.474,18.379,18.379,28.095,5.5,154.52
2024-05-27 13:00:00,8.435,24.423,10.107,6.134,49.1,18.255,18.255,30.845,5.5,169.65
2024-05-27 14:00:00,8.118,24.742,9.97,6.204,49.034,16.084,16.084,32.95,5.5,181.23
2024-05-27 15:00:00,7.111,24.248,8.974,5.921,46.254,13.35,13.35,32.904,5.5,180.97
2024-05-27 16:00:00,7.201,21.716,9.648,6.062,44.627,9.646,9.646,34.981,5.5,192.39
2024-05-27 17:00:00,6.078,19.508,7.836,6.03,39.452,4.576,4.576,34.876,5.5,191.82
2024-05-27 18:00:00,5.31,15.537,7.385,6.169,34.402,0.028,0.028,34.374,9.5,326.55
2024-05-27 19:00:00,4.662,12.534,6.496,6.174,29.866,0.0,0.0,29.866,9.5,283.73
2024-05-27 20:00:00,3.069,9.379,5.226,6.029,23.702,0.46,0.46,23.243,9.5,220.8
2024-05-27 21:00:00,2.676,6.845,4.694,5.772,19.987,0.0,0.0,19.987,9.5,189.88
2024-05-27 22:00:00,1.937,4.877,3.827,6.267,16.908,0.0,0.0,16.908,5.5,92.99
2024-05-27 23:00:00,1.166,4.574,2.561,6.083,14.384,0.402,0.402,13.982,5.5,76.9
2024-05-28 00:00:00,0.995,3.548,1.887,5.909,12.339,0.0,0.0,12.339,5.5,67.87
2024-05-28 01:00:00,1.807,3.501,2.042,6.061,13.41,0.0,0.0,13.41,5.5,73.75
2024-05-28 02:00:00,0.742,1.692,2.466,5.773,10.673,0.214,0.214,10.459,5.5,57.52
2024-05-28 03:00:00,1.626,3.986,2.606,6.158,14.377,0.207,0.207,14.17,5.5,77.93
2024-05-28 04:00:00,2.289,3.167,4.179,5.779,15.413,0.0,0.0,15.413,5.5,84.77
2024-05-28 05:00:00,2.723,4.688,5.092,5.967,18.47,0.0,0.0,18.47,5.5,101.58
2024-05-28 06:00:00,3.368,4.713,5.673,6.037,19.791,0.0,0.0,19.791,9.5,188.01
2024-05-28 07:00:00,3.833,7.337,6.696,6.156,24.022,4.468,4.468,19.554,9.5,185.77
2024-05-28 08:00:00,5.174,9.866,6.985,6.016,28.041,8.183,8.183,19.858,9.5,188.65
2024-05-28 09:00:00,5.757,11.366,7.77,6.095,30.989,12.321,12.321,18.668,9.5,177.35
2024-05-28 10:00:00,6.131,16.321,8.514,5.996,36.961,15.692,15.692,21.27,5.5,116.98
2024-05-28 11:00:00,7.793,20.184,9.714,5.995,43.685,16.636,16.636,27.049,5.5,148.77
2024-05-28 12:00:00,8.142,21.784,9.951,6.013,45.89,17.326,17.326,28.564,5.5,157.1
2024-05-28 13:00:00,8.015,24.926,9.969,5.972,48.882,16.55,16.55,32.332,5.5,177.83
2024-05-28 14:00:00,7.923,24.365,10.379,5.747,48.413,15.34,15.34,33.073,5.5,181.9
2024-05-28 15:00:00,7.756,24.517,9.618,5.885,47.777,12.736,12.736,35.041,5.5,192.72
2024-05-28 16:00:00,6.855,20.149,8.49,6.037,41.53,9.105,9.105,32.426,5.5,178.34
2024-05-28 17:00:00,6.256,21.042,7.752,5.963,41.013,4.155,4.155,36.858,5.5,202.72
2024-05-28 18:00:00,5.015,17.031,7.396,5.977,35.418,0.15,0.15,35.268,9.5,335.05
2024-05-28 19:00:00,4.616,12.326,6.605,5.951,29.498,0.43,0.43,29.068,9.5,276.15
2024-05-28 20:00:00,3.499,8.037,5.502,5.87,22.909,0.153,0.153,22.756,9.5,216.18
2024-05-28 21:00:00,2.745,7.454,5.21,5.926,21.335,0.144,0.144,21.191,9.5,201.31
2024-05-28 22:00:00,1.716,4.283,4.382,5.954,16.334,0.0,0.0,16.334,5.5,89.84
2024-05-28 23:00:00,1.722,4.563,3.304,6.001,15.59,0.066,0.066,15.524,5.5,85.38
2024-05-29 00:00:00,0.641,2.833,1.685,6.059,11.218,0.371,0.371,10.847,5.5,59.66
2024-05-29 01:00:00,0.862,1.815,1.763,5.973,10.412,0.098,0.098,10.314,5.5,56.73
2024-05-29 02:00:00,1.05,3.598,2.495,5.846,12.989,0.0,0.0,12.989,5.5,71.44
2024-05-29 03:00:00,1.316,3.604,3.429,5.79,14.139,0.0,0.0,14.139,5.5,77.77
2024-05-29 04:00:00,2.734,4.207,4.459,6.39,17.79,0.363,0.363,17.427,5.5,95.85
2024-05-29 05:00:00,3.086,4.221,4.618,5.831,17.756,0.097,0.097,17.658,5.5,97.12
2024-05-29 06:00:00,3.978,4.314,5.749,5.922,19.964,0.036,0.036,19.928,9.5,189.32
2024-05-29 07:00:00,3.856,8.018,6.09,6.078,24.041,3.09,3.09,20.95,9.5,199.03
2024-05-29 08:00:00,5.125,9.415,7.372,6.054,27.966,6.648,6.648,21.318,9.5,202.52
2024-05-29 09:00:00,5.596,11.463,8.354,6.078,31.491,9.396,9.396,22.095,9.5,209.9
2024-05-29 10:00:00,6.579,16.943,8.033,5.934,37.488,11.276,11.276,26.212,5.5,144.17
2024-05-29 11:00:00,7.159,20.818,9.291,6.036,43.304,12.587,12.587,30.717,5.5,168.94
2024-05-29 12:00:00,8.226,21.927,10.241,6.009,46.403,12.475,12.475,33.928,5.5,186.6
2024-05-29 13:00:00,7.881,25.604,10.11,5.953,49.549,12.004,12.004,37.545,5.5,206.5
2024-05-29 14:00:00,8.175,24.63,9.382,6.037,48.224,10.85,10.85,37.374,5.5,205.56
2024-05-29 15:00:00,7.615,23.573,8.484,6.158,45.831,8.909,8.909,36.922,5.5,203.07
2024-05-29 16:00:00,7.479,21.456,8.679,5.997,43.61,6.721,6.721,36.889,5.5,202.89
2024-05-29 17:00:00,5.541,20.448,7.996,5.998,39.983,3.606,3.606,36.376,5.5,200.07
2024-05-29 18:00:00,5.482,15.237,6.769,6.16,33.648,0.162,0.162,33.487,9.5,318.12
2024-05-29 19:00:00,4.566,13.163,6.245,6.144,30.119,0.0,0.0,30.119,9.5,286.13
2024-05-29 20:00:00,3.11,9.184,5.484,6.238,24.016,0.0,0.0,24.016,9.5,228.15
2024-05-29 21:00:00,2.988,6.867,4.719,5.737,20.312,0.072,0.072,20.24,9.5,192.28
2024-05-29 22:00:00,2.197,6.271,2.786,6.136,17.39,0.264,0.264,17.126,5.5,94.19
2024-05-29 23:00:00,1.568,3.91,2.602,6.09,14.17,0.0,0.0,14.17,5.5,77.94
2024-05-30 00:00:00,0.643,2.184,1.898,5.867,10.593,0.574,0.574,10.019,5.5,55.1
2024-05-30 01:00:00,0.837,3.478,2.515,6.038,12.869,0.0,0.0,12.869,5.5,70.78
2024-05-30 02:00:00,1.909,3.983,2.846,6.158,14.897,0.0,0.0,14.897,5.5,81.93
2024-05-30 03:00:00,1.636,3.48,3.316,5.876,14.308,0.0,0.0,14.308,5.5,78.7
2024-05-30 04:00:00,2.331,2.908,3.575,6.066,14.881,0.0,0.0,14.881,5.5,81.84
2024-05-30 05:00:00,2.449,3.812,4.32,6.131,16.712,0.158,0.158,16.554,5.5,91.05
2024-05-30 06:00:00,3.168,5.519,4.99,5.839,19.517,0.0,0.0,19.517,9.5,185.41
2024-05-30 07:00:00,4.547,7.504,6.495,5.979,24.525,3.471,3.471,21.054,9.5,200.01
2024-05-30 08:00:00,4.699,8.856,6.755,6.045,26.355,7.87,7.87,18.485,9.5,175.61
2024-05-30 09:00:00,5.86,13.173,8.365,5.881,33.278,10.223,10.223,23.055,9.5,219.02
2024-05-30 10:00:00,6.798,15.954,8.908,5.868,37.529,12.846,12.846,24.683,5.5,135.75
2024-05-30 11:00:00,7.468,17.797,9.438,5.98,40.682,14.2,14.2,26.482,5.5,145.65
2024-05-30 12:00:00,7.801,21.252,9.598,6.12,44.771,15.267,15.267,29.504,5.5,162.27
2024-05-30 13:00:00,8.119,23.512,9.458,6.097,47.185,14.742,14.742,32.443,5.5,178.43
2024-05-30 14:00:00,8.062,24.538,9.602,5.871,48.072,13.742,13.742,34.33,5.5,188.81
2024-05-30 15:00:00,7.655,25.426,9.324,6.098,48.503,11.025,11.025,37.478,5.5,206.13
2024-05-30 16:00:00,6.492,22.185,7.877,5.875,42.429,8.035,8.035,34.395,5.5,189.17
2024-05-30 17:00:00,5.899,18.496,7.946,5.758,38.1,4.022,4.022,34.078,5.5,187.43
2024-05-30 18:00:00,5.462,16.063,7.493,5.945,34.963,0.0,0.0,34.963,9.5,332.14
2024-05-30 19:00:00,4.491,12.313,6.415,6.168,29.387,0.038,0.038,29.349,9.5,278.81
2024-05-30 20:00:00,2.99,9.906,5.083,6.098,24.078,0.178,0.178,23.9,9.5,227.05
2024-05-30 21:00:00,2.792,7.711,4.47,6.0,20.973,0.211,0.211,20.762,9.5,197.24
2024-05-30 22:00:00,1.503,6.423,3.506,5.937,17.369,0.0,0.0,17.369,5.5,95.53
2024-05-30 23:00:00,1.65,4.201,3.187,5.942,14.98,0.147,0.147,14.834,5.5,81.58
2024-05-31 00:00:00,1.46,3.823,2.636,6.016,13.936,0.0,0.0,13.936,5.5,76.65
2024-05-31 01:00:00,0.769,3.302,2.674,5.84,12.585,0.0,0.0,12.585,5.5,69.22
2024-05-31 02:00:00,1.044,2.144,2.859,5.948,11.994,0.0,0.0,11.994,5.5,65.97
2024-05-31 03:00:00,1.865,4.737,2.931,5.968,15.5,0.007,0.007,15.493,5.5,85.21
2024-05-31 04:00:00,1.634,3.699,4.028,5.797,15.158,0.0,0.0,15.158,5.5,83.37
2024-05-31 05:00:00,2.497,3.559,3.776,5.874,15.706,0.0,0.0,15.706,5.5,86.38
2024-05-31 06:00:00,3.581,6.786,5.181,6.062,21.609,0.271,0.271,21.339,9.5,202.72
2024-05-31 07:00:00,4.032,8.92,6.422,6.001,25.375,3.01,3.01,22.366,9.5,212.47
2024-05-31 08:00:00,5.033,9.634,7.419,5.954,28.04,6.259,6.259,21.781,9.5,206.92
2024-05-31 09:00:00,6.208,12.211,8.293,5.863,32.574,9.088,9.088,23.487,9.5,223.12
2024-05-31 10:00:00,6.914,15.772,8.943,6.237,37.866,11.178,11.178,26.688,5.5,146.78
2024-05-31 11:00:00,7.514,19.77,9.378,5.874,42.536,12.235,12.235,30.301,5.5,166.66
2024-05-31 12:00:00,7.753,23.05,10.076,6.038,46.917,13.058,13.058,33.859,5.5,186.22
2024-05-31 13:00:00,8.111,24.408,9.619,5.927,48.064,12.562,12.562,35.502,5.5,195.26
2024-05-31 14:00:00,7.817,24.715,9.523,6.005,48.06,11.446,11.446,36.614,5.5,201.38
2024-05-31 15:00:00,7.571,25.15,9.481,6.069,48.271,9.042,9.042,39.229,5.5,215.76
2024-05-31 16:00:00,6.639,21.778,8.894,5.794,43.105,6.257,6.257,36.848,5.5,202.67
2024-05-31 17:00:00,5.93,20.023,7.295,5.999,39.246,3.114,3.114,36.132,5.5,198.73
2024-05-31 18:00:00,4.807,15.68,7.305,6.179,33.97,0.092,0.092,33.878,9.5,321.84
2024-05-31 19:00:00,4.212,12.958,6.497,6.264,29.932,0.0,0.0,29.932,9.5,284.35
2024-05-31 20:00:00,3.159,9.57,5.251,5.98,23.96,0.0,0.0,23.96,9.5,227.62
2024-05-31 21:00:00,2.352,7.213,5.401,6.006,20.973,0.0,0.0,20.973,9.5,199.24
2024-05-31 22:00:00,2.174,5.162,3.455,6.332,17.123,0.0,0.0,17.123,5.5,94.17
2024-05-31 23:00:00,1.7,5.303,2.983,6.17,16.156,0.06,0.06,16.097,5.5,88.53
2024-06-01 00:00:00,0.547,0.5,0.852,5.907,7.806,0.0,0.0,7.806,5.5,42.93
2024-06-01 01:00:00,0.239,0.5,1.113,5.907,7.759,0.091,0.091,7.668,5.5,42.18
2024-06-01 02:00:00,0.575,2.782,1.194,6.143,10.695,0.203,0.203,10.492,5.5,57.71
2024-06-01 03:00:00,0.738,1.971,1.001,5.848,9.559,0.0,0.0,9.559,5.5,52.57
2024-06-01 04:00:00,0.867,0.5,1.646,6.163,9.176,0.577,0.577,8.599,5.5,47.3
2024-06-01 05:00:00,0.693,1.241,2.187,6.05,10.17,0.005,0.005,10.165,5.5,55.91
2024-06-01 06:00:00,1.236,0.739,3.132,6.078,11.185,0.0,0.0,11.185,9.5,106.25
2024-06-01 07:00:00,1.587,2.147,3.975,5.961,13.67,4.985,4.985,8.686,9.5,82.51
2024-06-01 08:00:00,1.789,1.359,4.096,5.906,13.149,9.811,9.811,3.337,9.5,31.71
2024-06-01 09:00:00,1.469,4.943,3.702,6.219,16.333,13.983,13.983,2.35,9.5,22.32
2024-06-01 10:00:00,2.424,5.46,4.134,5.963,17.981,16.884,16.884,1.097,5.5,6.03
2024-06-01 11:00:00,3.266,7.738,4.664,5.938,21.607,18.614,18.614,2.992,5.5,16.46
2024-06-01 12:00:00,2.641,7.524,5.644,5.988,21.797,19.257,19.257,2.54,5.5,13.97
2024-06-01 13:00:00,2.582,9.661,4.934,6.029,23.205,18.722,18.722,4.483,5.5,24.66
2024-06-01 14:00:00,2.861,9.536,4.399,5.845,22.641,16.794,16.794,5.847,5.5,32.16
2024-06-01 15:00:00,2.696,10.796,4.528,5.915,23.934,13.508,13.508,10.426,5.5,57.34
2024-06-01 16:00:00,2.733,9.953,4.715,5.907,23.309,9.573,9.573,13.736,5.5,75.55
2024-06-01 17:00:00,1.717,8.319,4.288,6.127,20.451,5.267,5.267,15.184,5.5,83.51
2024-06-01 18:00:00,2.006,6.112,3.481,5.867,17.466,0.495,0.495,16.972,9.5,161.23
2024-06-01 19:00:00,1.655,6.641,3.367,5.737,17.4,0.227,0.227,17.173,9.5,163.15
2024-06-01 20:00:00,1.148,2.627,1.732,5.705,11.212,0.392,0.392,10.82,9.5,102.79
2024-06-01 21:00:00,1.042,1.784,2.267,5.779,10.873,0.292,0.292,10.581,9.5,100.52
2024-06-01 22:00:00,1.043,2.122,2.208,6.204,11.577,0.25,0.25,11.327,5.5,62.3
2024-06-01 23:00:00,0.834,3.497,1.231,6.002,11.564,0.0,0.0,11.564,5.5,63.6
2024-06-02 00:00:00,0.2,0.846,0.676,6.075,7.796,0.042,0.042,7.754,5.5,42.65
2024-06-02 01:00:00,0.615,0.887,0.397,6.08,7.979,0.0,0.0,7.979,5.5,43.88
2024-06-02 02:00:00,0.434,0.5,1.961,6.008,8.903,0.0,0.0,8.903,5.5,48.97
2024-06-02 03:00:00,0.594,1.948,1.276,5.989,9.807,0.02,0.02,9.786,5.5,53.82
2024-06-02 04:00:00,0.756,2.141,1.961,6.157,11.014,0.214,0.214,10.8,5.5,59.4
2024-06-02 05:00:00,0.895,2.327,2.467,6.022,11.711,0.127,0.127,11.584,5.5,63.71
2024-06-02 06:00:00,1.548,1.688,3.246,6.21,12.692,0.0,0.0,12.692,9.5,120.57
2024-06-02 07:00:00,1.453,2.346,3.032,6.093,12.924,3.758,3.758,9.166,9.5,87.08
2024-06-02 08:00:00,1.451,2.841,3.346,5.907,13.544,7.357,7.357,6.187,9.5,58.77
2024-06-02 09:00:00,1.977,5.127,4.082,5.925,17.11,10.421,10.421,6.689,9.5,63.54
2024-06-02 10:00:00,2.429,5.518,4.926,5.891,18.764,12.063,12.063,6.701,5.5,36.86
2024-06-02 11:00:00,2.971,6.759,4.66,6.183,20.572,13.639,13.639,6.933,5.5,38.13
2024-06-02 12:00:00,2.93,8.497,4.548,5.939,21.915,14.787,14.787,7.128,5.5,39.2
2024-06-02 13:00:00,2.545,9.216,4.384,5.88,22.025,13.944,13.944,8.081,5.5,44.44
2024-06-02 14:00:00,3.495,9.451,4.442,6.048,23.435,12.391,12.391,11.044,5.5,60.74
2024-06-02 15:00:00,2.681,9.98,5.074,5.985,23.721,10.142,10.142,13.579,5.5,74.69
2024-06-02 16:00:00,2.758,8.899,4.284,6.044,21.986,7.148,7.148,14.838,5.5,81.61
2024-06-02 17:00:00,2.049,7.47,3.769,6.283,19.572,3.909,3.909,15.664,5.5,86.15
2024-06-02 18:00:00,1.946,6.528,3.275,6.137,17.887,0.0,0.0,17.887,9.5,169.92
2024-06-02 19:00:00,1.73,4.266,3.128,6.004,15.128,0.007,0.007,15.121,9.5,143.65
2024-06-02 20:00:00,1.556,3.959,2.545,5.789,13.849,0.074,0.074,13.776,9.5,130.87
2024-06-02 21:00:00,1.257,3.032,2.116,5.925,12.331,0.119,0.119,12.212,9.5,116.01
2024-06-02 22:00:00,0.995,0.989,2.404,6.107,10.495,0.067,0.067,10.428,5.5,57.36
2024-06-02 23:00:00,0.478,2.492,2.179,5.824,10.974,0.155,0.155,10.819,5.5,59.5
2024-06-03 00:00:00,0.719,1.817,1.376,6.321,10.233,0.0,0.0,10.233,5.5,56.28
2024-06-03 01:00:00,1.153,2.659,2.418,6.002,12.232,0.0,0.0,12.232,5.5,67.27
2024-06-03 02:00:00,1.574,3.652,2.34,6.007,13.574,0.737,0.737,12.836,5.5,70.6
2024-06-03 03:00:00,1.569,3.721,3.028,5.9,14.219,0.0,0.0,14.219,5.5,78.2
2024-06-03 04:00:00,2.416,3.479,3.852,6.075,15.822,0.0,0.0,15.822,5.5,87.02
2024-06-03 05:00:00,3.122,3.954,4.366,5.826,17.269,0.203,0.203,17.066,5.5,93.86
2024-06-03 06:00:00,3.127,6.244,5.374,6.325,21.07,0.479,0.479,20.591,9.5,195.62
2024-06-03 07:00:00,3.971,7.827,6.457,6.198,24.454,4.099,4.099,20.354,9.5,193.37
2024-06-03 08:00:00,5.062,9.206,7.241,6.148,27.656,7.935,7.935,19.721,9.5,187.35
2024-06-03 09:00:00,6.077,12.029,7.766,5.791,31.663,11.273,11.273,20.39,9.5,193.71
2024-06-03 10:00:00,6.63,14.317,8.573,6.031,35.552,14.741,14.741,20.811,5.5,114.46
2024-06-03 11:00:00,7.84,19.4,8.88,6.181,42.301,15.597,15.597,26.704,5.5,146.87
2024-06-03 12:00:00,7.981,22.052,9.519,6.089,45.642,16.462,16.462,29.18,5.5,160.49
2024-06-03 13:00:00,8.012,24.958,10.785,5.85,49.605,15.615,15.615,33.989,5.5,186.94
2024-06-03 14:00:00,7.423,25.022,9.544,5.902,47.891,13.829,13.829,34.063,5.5,187.34
2024-06-03 15:00:00,7.039,25.117,8.979,5.932,47.067,11.558,11.558,35.509,5.5,195.3
2024-06-03 16:00:00,6.872,21.561,8.953,5.909,43.295,7.954,7.954,35.342,5.5,194.38
2024-06-03 17:00:00,5.345,20.187,7.981,6.229,39.742,4.055,4.055,35.687,5.5,196.28
2024-06-03 18:00:00,5.408,15.552,7.045,5.712,33.717,0.602,0.602,33.115,9.5,314.59
2024-06-03 19:00:00,4.175,13.287,6.752,6.098,30.312,0.127,0.127,30.185,9.5,286.76
2024-06-03 20:00:00,4.375,8.533,5.501,5.806,24.216,0.279,0.279,23.937,9.5,227.4
2024-06-03 21:00:00,3.379,7.476,4.239,5.856,20.95,0.247,0.247,20.702,9.5,196.67
2024-06-03 22:00:00,2.042,3.898,3.558,5.699,15.197,0.0,0.0,15.197,5.5,83.59
2024-06-03 23:00:00,1.604,4.031,2.927,5.918,14.479,0.0,0.0,14.479,5.5,79.64
2024-06-04 00:00:00,1.189,2.877,2.37,6.227,12.664,0.075,0.075,12.589,5.5,69.24
2024-06-04 01:00:00,1.564,2.173,2.163,6.04,11.94,0.051,0.051,11.89,5.5,65.39
2024-06-04 02:00:00,0.803,1.884,1.933,5.82,10.44,0.0,0.0,10.44,5.5,57.42
2024-06-04 03:00:00,1.1,3.661,3.108,6.153,14.022,0.039,0.039,13.984,5.5,76.91
2024-06-04 04:00:00,1.91,3.373,3.113,6.185,14.581,0.0,0.0,14.581,5.5,80.2
2024-06-04 05:00:00,2.861,3.858,5.325,6.016,18.06,0.0,0.0,18.06,5.5,99.33
2024-06-04 06:00:00,3.551,5.526,4.895,6.305,20.278,0.0,0.0,20.278,9.5,192.64
2024-06-04 07:00:00,4.543,9.406,6.123,6.123,26.196,4.286,4.286,21.91,9.5,208.15
2024-06-04 08:00:00,4.744,10.635,7.226,6.102,28.708,8.309,8.309,20.399,9.5,193.79
2024-06-04 09:00:00,5.29,13.611,7.909,5.879,32.689,12.467,12.467,20.222,9.5,192.11
2024-06-04 10:00:00,7.045,16.343,8.709,6.094,38.191,16.155,16.155,22.037,5.5,121.2
2024-06-04 11:00:00,7.186,19.433,9.625,6.033,42.277,17.322,17.322,24.955,5.5,137.25
2024-06-04 12:00:00,7.249,20.229,10.471,6.078,44.026,18.262,18.262,25.765,5.5,141.71
2024-06-04 13:00:00,8.044,23.536,10.307,5.897,47.783,16.777,16.777,31.006,5.5,170.53
2024-06-04 14:00:00,8.092,24.38,10.452,6.019,48.943,15.311,15.311,33.632,5.5,184.98
2024-06-04 15:00:00,7.398,22.579,9.038,5.877,44.891,12.342,12.342,32.549,5.5,179.02
2024-06-04 16:00:00,6.65,21.22,8.952,5.678,42.5,8.954,8.954,33.546,5.5,184.5
2024-06-04 17:00:00,5.937,17.716,8.087,6.15,37.889,5.393,5.393,32.496,5.5,178.73
2024-06-04 18:00:00,4.993,15.964,7.263,5.775,33.995,0.138,0.138,33.857,9.5,321.64
2024-06-04 19:00:00,3.818,13.336,6.739,6.016,29.908,0.509,0.509,29.4,9.5,279.3
2024-06-04 20:00:00,3.188,10.598,5.193,6.05,25.029,0.0,0.0,25.029,9.5,237.77
2024-06-04 21:00:00,2.843,7.628,4.289,6.049,20.809,0.409,0.409,20.4,9.5,193.8
2024-06-04 22:00:00,2.193,4.722,3.942,5.958,16.815,0.622,0.622,16.193,5.5,89.06
2024-06-04 23:00:00,1.686,2.704,2.416,6.041,12.848,0.0,0.0,12.848,5.5,70.66
2024-06-05 00:00:00,0.592,1.123,1.926,6.071,9.711,0.0,0.0,9.711,5.5,53.41
2024-06-05 01:00:00,0.999,1.578,2.233,6.11,10.919,0.0,0.0,10.919,5.5,60.06
2024-06-05 02:00:00,0.641,2.016,2.282,6.26,11.2,0.0,0.0,11.2,5.5,61.6
2024-06-05 03:00:00,1.69,2.86,3.551,6.035,14.135,0.025,0.025,14.111,5.5,77.61
2024-06-05 04:00:00,2.525,2.648,3.303,6.01,14.487,0.609,0.609,13.877,5.5,76.32
2024-06-05 05:00:00,2.244,4.526,4.397,5.864,17.031,0.0,0.0,17.031,5.5,93.67
2024-06-05 06:00:00,3.227,5.313,5.399,6.065,20.004,0.018,0.018,19.986,9.5,189.87
2024-06-05 07:00:00,4.321,7.313,6.729,6.1,24.464,4.418,4.418,20.046,9.5,190.44
2024-06-05 08:00:00,5.48,10.636,7.119,5.971,29.205,9.458,9.458,19.747,9.5,187.6
2024-06-05 09:00:00,5.85,11.751,8.399,6.082,32.082,13.65,13.65,18.432,9.5,175.1
2024-06-05 10:00:00,6.58,16.348,9.105,5.956,37.989,16.758,16.758,21.232,5.5,116.78
2024-06-05 11:00:00,6.843,19.311,9.506,6.101,41.761,18.696,18.696,23.065,5.5,126.86
2024-06-05 12:00:00,7.885,21.904,9.425,6.137,45.351,19.292,19.292,26.06,5.5,143.33
2024-06-05 13:00:00,8.613,24.814,9.426,6.135,48.988,18.693,18.693,30.295,5.5,166.62
2024-06-05 14:00:00,7.937,25.496,9.903,6.018,49.354,16.617,16.617,32.737,5.5,180.05
2024-06-05 15:00:00,7.427,23.349,9.239,5.844,45.86,13.243,13.243,32.617,5.5,179.39
2024-06-05 16:00:00,6.884,22.025,9.193,5.908,44.01,9.031,9.031,34.98,5.5,192.39
2024-06-05 17:00:00,5.981,19.547,8.323,6.089,39.941,4.798,4.798,35.143,5.5,193.28
2024-06-05 18:00:00,4.86,15.795,7.049,6.367,34.071,0.0,0.0,34.071,9.5,323.68
2024-06-05 19:00:00,4.469,13.163,5.725,5.949,29.307,0.376,0.376,28.93,9.5,274.84
2024-06-05 20:00:00,3.47,9.948,5.486,6.068,24.973,0.0,0.0,24.973,9.5,237.24
2024-06-05 21:00:00,2.692,8.771,4.044,5.917,21.423,0.0,0.0,21.423,9.5,203.52
2024-06-05 22:00:00,1.804,4.275,3.425,5.854,15.358,0.116,0.116,15.242,5.5,83.83
2024-06-05 23:00:00,2.027,4.157,2.736,5.899,14.818,0.0,0.0,14.818,5.5,81.5
2024-06-06 00:00:00,1.09,1.804,1.965,5.688,10.547,0.243,0.243,10.303,5.5,56.67
2024-06-06 01:00:00,0.887,3.079,2.755,6.203,12.924,0.594,0.594,12.33,5.5,67.81
2024-06-06 02:00:00,1.595,1.436,2.648,5.665,11.345,0.657,0.657,10.688,5.5,58.78
2024-06-06 03:00:00,1.487,3.268,2.95,5.96,13.666,0.029,0.029,13.637,5.5,75.0
2024-06-06 04:00:00,1.862,2.959,3.118,5.823,13.763,0.101,0.101,13.662,5.5,75.14
2024-06-06 05:00:00,2.458,3.672,4.672,5.867,16.67,0.474,0.474,16.196,5.5,89.08
2024-06-06 06:00:00,2.871,4.348,4.969,6.206,18.395,0.0,0.0,18.395,9.5,174.75
2024-06-06 07:00:00,4.364,6.941,6.235,6.03,23.57,4.833,4.833,18.736,9.5,178.0
2024-06-06 08:00:00,4.555,10.601,6.981,5.855,27.993,8.603,8.603,19.389,9.5,184.2
2024-06-06 09:00:00,5.616,12.689,8.36,5.912,32.576,12.555,12.555,20.021,9.5,190.2
2024-06-06 10:00:00,6.165,16.532,8.762,5.885,37.345,15.838,15.838,21.506,5.5,118.29
2024-06-06 11:00:00,7.408,20.675,9.433,5.993,43.509,17.063,17.063,26.446,5.5,145.45
2024-06-06 12:00:00,7.809,22.406,10.055,6.026,46.296,17.85,17.85,28.446,5.5,156.45
2024-06-06 13:00:00,7.902,23.685,10.843,6.284,48.714,16.806,16.806,31.908,5.5,175.49
2024-06-06 14:00:00,7.541,25.193,10.216,5.713,48.663,16.093,16.093,32.57,5.5,179.14
2024-06-06 15:00:00,7.082,23.697,9.421,5.995,46.195,13.028,13.028,33.167,5.5,182.42
2024-06-06 16:00:00,6.927,21.791,8.826,5.953,43.497,9.0,9.0,34.497,5.5,189.73
2024-06-06 17:00:00,5.819,18.127,7.815,6.142,37.903,4.782,4.782,33.121,5.5,182.17
2024-06-06 18:00:00,5.199,16.771,6.743,6.053,34.766,0.119,0.119,34.648,9.5,329.15
2024-06-06 19:00:00,3.957,12.4,5.967,6.089,28.412,0.415,0.415,27.997,9.5,265.97
2024-06-06 20:00:00,3.457,9.88,4.973,6.052,24.361,0.0,0.0,24.361,9.5,231.43
2024-06-06 21:00:00,3.077,6.484,4.713,5.86,20.134,0.22,0.22,19.914,9.5,189.19
2024-06-06 22:00:00,2.272,5.854,3.3,6.182,17.608,0.323,0.323,17.284,5.5,95.06
2024-06-06 23:00:00,1.512,3.65,3.661,6.12,14.943,0.365,0.365,14.578,5.5,80.18
2024-06-07 00:00:00,0.968,2.42,2.321,6.137,11.846,0.0,0.0,11.846,5.5,65.15
2024-06-07 01:00:00,0.981,3.3,2.295,6.19,12.766,0.0,0.0,12.766,5.5,70.21
2024-06-07 02:00:00,1.297,3.365,2.65,6.063,13.375,0.0,0.0,13.375,5.5,73.56
2024-06-07 03:00:00,1.538,2.976,2.905,6.222,13.642,0.045,0.045,13.597,5.5,74.78
2024-06-07 04:00:00,2.047,2.052,3.836,6.057,13.993,0.0,0.0,13.993,5.5,76.96
2024-06-07 05:00:00,2.75,6.658,4.886,5.967,20.261,0.0,0.0,20.261,5.5,111.44
2024-06-07 06:00:00,3.104,6.907,5.0,5.999,21.011,0.651,0.651,20.36,9.5,193.42
2024-06-07 07:00:00,3.918,7.898,5.575,5.996,23.387,4.654,4.654,18.733,9.5,177.96
2024-06-07 08:00:00,4.688,9.141,7.404,5.922,27.155,8.669,8.669,18.486,9.5,175.61
2024-06-07 09:00:00,5.504,12.631,8.155,6.245,32.534,12.318,12.318,20.216,9.5,192.05
2024-06-07 10:00:00,6.422,15.612,8.377,6.044,36.455,14.997,14.997,21.459,5.5,118.02
2024-06-07 11:00:00,7.482,20.374,9.163,6.014,43.033,16.977,16.977,26.056,5.5,143.31
2024-06-07 12:00:00,7.586,22.427,9.517,6.058,45.589,17.076,17.076,28.512,5.5,156.82
2024-06-07 13:00:00,8.154,23.529,9.71,6.447,47.84,16.734,16.734,31.107,5.5,171.09
2024-06-07 14:00:00,7.865,24.468,9.731,5.83,47.894,15.021,15.021,32.873,5.5,180.8
2024-06-07 15:00:00,6.844,25.053,9.35,5.873,47.12,11.895,11.895,35.225,5.5,193.74
2024-06-07 16:00:00,6.984,23.497,8.565,5.793,44.839,9.016,9.016,35.823,5.5,197.02
2024-06-07 17:00:00,6.228,20.585,7.721,5.965,40.499,4.335,4.335,36.164,5.5,198.9
2024-06-07 18:00:00,4.806,16.652,7.031,6.037,34.526,0.305,0.305,34.221,9.5,325.1
2024-06-07 19:00:00,4.349,12.519,6.255,5.93,29.053,0.034,0.034,29.019,9.5,275.68
2024-06-07 20:00:00,3.145,7.15,5.155,5.919,21.37,0.49,0.49,20.88,9.5,198.36
2024-06-07 21:00:00,2.716,7.558,4.915,6.021,21.209,0.0,0.0,21.209,9.5,201.49
2024-06-07 22:00:00,1.717,5.509,3.931,5.925,17.082,0.0,0.0,17.082,5.5,93.95
2024-06-07 23:00:00,1.098,4.375,2.491,6.047,14.011,0.0,0.0,14.011,5.5,77.06
2024-06-08 00:00:00,0.2,1.057,1.22,6.167,8.644,0.04,0.04,8.604,5.5,47.32
2024-06-08 01:00:00,0.331,0.5,1.385,6.102,8.319,0.462,0.462,7.856,5.5,43.21
2024-06-08 02:00:00,0.334,1.54,1.151,6.132,9.157,0.478,0.478,8.679,5.5,47.74
2024-06-08 03:00:00,0.217,1.705,0.966,6.163,9.051,0.0,0.0,9.051,5.5,49.78
2024-06-08 04:00:00,0.614,1.934,1.867,6.042,10.457,0.075,0.075,10.383,5.5,57.1
2024-06-08 05:00:00,1.021,2.464,2.223,5.976,11.684,0.0,0.0,11.684,5.5,64.26
2024-06-08 06:00:00,1.177,2.689,2.192,5.884,11.943,0.239,0.239,11.705,9.5,111.19
2024-06-08 07:00:00,1.533,2.603,2.514,5.941,12.59,4.38,4.38,8.21,9.5,78.0
2024-06-08 08:00:00,1.585,3.844,3.526,5.921,14.878,7.802,7.802,7.076,9.5,67.22
2024-06-08 09:00:00,2.446,5.166,3.919,6.11,17.641,11.076,11.076,6.566,9.5,62.37
2024-06-08 10:00:00,2.023,6.511,4.246,6.052,18.831,13.556,13.556,5.275,5.5,29.01
2024-06-08 11:00:00,2.748,8.551,4.695,6.105,22.098,14.86,14.86,7.238,5.5,39.81
2024-06-08 12:00:00,3.104,9.41,4.489,5.826,22.829,15.757,15.757,7.072,5.5,38.89
2024-06-08 13:00:00,2.944,11.333,4.826,6.215,25.318,15.026,15.026,10.293,5.5,56.61
2024-06-08 14:00:00,2.688,11.712,5.144,5.936,25.48,13.813,13.813,11.667,5.5,64.17
2024-06-08 15:00:00,2.443,9.735,4.588,5.835,22.602,11.016,11.016,11.585,5.5,63.72
2024-06-08 16:00:00,2.686,5.826,3.744,5.934,18.19,7.555,7.555,10.635,5.5,58.49
2024-06-08 17:00:00,1.668,8.742,3.823,6.373,20.605,3.584,3.584,17.021,5.5,93.62
2024-06-08 18:00:00,1.495,5.992,3.133,5.942,16.563,0.0,0.0,16.563,9.5,157.35
2024-06-08 19:00:00,1.359,4.452,3.201,5.951,14.963,0.394,0.394,14.569,9.5,138.41
2024-06-08 20:00:00,1.562,3.582,2.768,5.971,13.884,0.0,0.0,13.884,9.5,131.9
2024-06-08 21:00:00,1.054,2.573,1.562,5.978,11.167,0.102,0.102,11.066,9.5,105.13
2024-06-08 22:00:00,0.443,2.696,2.168,5.883,11.19,0.535,0.535,10.655,5.5,58.6
2024-06-08 23:00:00,0.48,0.5,1.119,6.021,8.12,0.0,0.0,8.12,5.5,44.66
2024-06-09 00:00:00,0.2,0.5,1.634,6.161,8.495,0.0,0.0,8.495,5.5,46.72
2024-06-09 01:00:00,0.2,1.316,1.124,6.047,8.687,0.0,0.0,8.687,5.5,47.78
2024-06-09 02:00:00,0.747,1.593,0.827,5.833,9.0,0.009,0.009,8.991,5.5,49.45
2024-06-09 03:00:00,0.2,1.713,1.107,5.948,8.968,0.566,0.566,8.402,5.5,46.21
2024-06-09 04:00:00,1.216,0.76,2.003,5.917,9.897,0.47,0.47,9.427,5.5,51.85
2024-06-09 05:00:00,1.189,0.926,2.069,6.008,10.191,0.186,0.186,10.005,5.5,55.03
2024-06-09 06:00:00,1.518,1.803,2.602,6.2,12.123,0.435,0.435,11.688,9.5,111.03
2024-06-09 07:00:00,1.339,3.125,3.739,5.978,14.181,4.282,4.282,9.898,9.5,94.04
2024-06-09 08:00:00,1.741,5.093,3.282,5.987,16.103,8.466,8.466,7.636,9.5,72.55
2024-06-09 09:00:00,1.665,3.46,4.036,6.267,15.427,11.756,11.756,3.672,9.5,34.88
2024-06-09 10:00:00,2.218,6.253,4.98,6.131,19.584,14.121,14.121,5.462,5.5,30.04
2024-06-09 11:00:00,2.75,6.693,4.836,6.086,20.365,16.543,16.543,3.822,5.5,21.02
2024-06-09 12:00:00,3.138,7.581,4.288,6.294,21.3,16.912,16.912,4.388,5.5,24.13
2024-06-09 13:00:00,2.468,10.453,5.202,6.073,24.197,16.187,16.187,8.009,5.5,44.05
2024-06-09 14:00:00,2.639,10.391,4.465,5.702,23.198,14.508,14.508,8.69,5.5,47.79
2024-06-09 15:00:00,2.557,10.039,5.291,6.125,24.011,11.394,11.394,12.617,5.5,69.39
2024-06-09 16:00:00,1.957,9.639,4.083,5.761,21.441,8.083,8.083,13.358,5.5,73.47
2024-06-09 17:00:00,2.272,7.375,5.2,6.068,20.915,4.437,4.437,16.478,5.5,90.63
2024-06-09 18:00:00,1.569,6.084,4.148,5.743,17.544,0.0,0.0,17.544,9.5,166.67
2024-06-09 19:00:00,1.419,6.846,2.775,5.93,16.971,0.0,0.0,16.971,9.5,161.22
2024-06-09 20:00:00,1.055,3.707,2.649,5.945,13.357,0.0,0.0,13.357,9.5,126.89
2024-06-09 21:00:00,0.703,3.521,2.527,5.884,12.636,0.0,0.0,12.636,9.5,120.04
2024-06-09 22:00:00,0.732,2.213,2.178,5.948,11.07,0.0,0.0,11.07,5.5,60.89
2024-06-09 23:00:00,0.508,0.5,1.741,6.155,8.904,0.0,0.0,8.904,5.5,48.97
2024-06-10 00:00:00,0.779,0.904,2.521,5.893,10.097,0.0,0.0,10.097,5.5,55.53
2024-06-10 01:00:00,0.835,2.142,2.237,6.082,11.295,0.186,0.186,11.11,5.5,61.1
2024-06-10 02:00:00,1.39,3.585,2.504,5.855,13.334,0.0,0.0,13.334,5.5,73.34
2024-06-10 03:00:00,2.132,3.632,2.989,5.972,14.725,0.0,0.0,14.725,5.5,80.99
2024-06-10 04:00:00,2.139,4.207,4.072,6.049,16.466,0.084,0.084,16.381,5.5,90.1
2024-06-10 05:00:00,2.985,3.485,4.597,5.851,16.918,0.0,0.0,16.918,5.5,93.05
2024-06-10 06:00:00,2.985,6.817,5.398,5.803,21.004,0.427,0.427,20.577,9.5,195.48
2024-06-10 07:00:00,4.27,6.567,6.506,6.074,23.417,3.17,3.17,20.246,9.5,192.34
2024-06-10 08:00:00,4.775,9.939,6.302,6.168,27.184,6.318,6.318,20.866,9.5,198.23
2024-06-10 09:00:00,5.541,12.746,8.149,5.988,32.424,8.93,8.93,23.494,9.5,223.2
2024-06-10 10:00:00,6.566,15.948,8.913,5.931,37.358,10.464,10.464,26.893,5.5,147.91
2024-06-10 11:00:00,7.792,20.483,10.124,6.023,44.422,12.567,12.567,31.855,5.5,175.2
2024-06-10 12:00:00,8.139,21.709,9.249,6.008,45.106,12.41,12.41,32.696,5.5,179.83
2024-06-10 13:00:00,8.073,23.138,10.623,6.036,47.87,12.193,12.193,35.677,5.5,196.23
2024-06-10 14:00:00,7.394,24.924,9.891,5.621,47.83,11.175,11.175,36.655,5.5,201.6
2024-06-10 15:00:00,7.375,23.898,9.652,5.84,46.765,9.416,9.416,37.349,5.5,205.42
2024-06-10 16:00:00,6.878,24.975,9.495,5.873,47.222,6.024,6.024,41.198,5.5,226.59
2024-06-10 17:00:00,6.037,19.953,8.249,6.023,40.262,3.152,3.152,37.11,5.5,204.1
2024-06-10 18:00:00,4.551,15.76,7.283,6.028,33.622,0.415,0.415,33.207,9.5,315.47
2024-06-10 19:00:00,3.955,11.909,6.285,6.095,28.245,0.139,0.139,28.106,9.5,267.0
2024-06-10 20:00:00,3.383,8.264,5.088,6.039,22.774,0.201,0.201,22.573,9.5,214.44
2024-06-10 21:00:00,2.847,6.519,4.44,5.805,19.611,0.0,0.0,19.611,9.5,186.3
2024-06-10 22:00:00,1.438,5.617,3.442,6.217,16.713,0.0,0.0,16.713,5.5,91.92
2024-06-10 23:00:00,1.587,5.416,3.11,6.191,16.304,0.0,0.0,16.304,5.5,89.67
2024-06-11 00:00:00,0.934,3.439,1.086,5.811,11.27,0.0,0.0,11.27,5.5,61.98
2024-06-11 01:00:00,1.308,2.79,2.458,6.05,12.606,0.0,0.0,12.606,5.5,69.33
2024-06-11 02:00:00,1.502,2.483,2.602,5.911,12.498,0.0,0.0,12.498,5.5,68.74
2024-06-11 03:00:00,1.811,3.219,2.993,6.021,14.044,0.406,0.406,13.638,5.5,75.01
2024-06-11 04:00:00,1.857,3.063,3.816,6.158,14.894,0.018,0.018,14.876,5.5,81.82
2024-06-11 05:00:00,2.114,5.652,3.878,6.32,17.963,0.412,0.412,17.551,5.5,96.53
2024-06-11 06:00:00,3.284,5.377,6.053,6.113,20.827,0.054,0.054,20.774,9.5,197.35
2024-06-11 07:00:00,4.523,7.275,6.147,6.044,23.989,4.689,4.689,19.3,9.5,183.35
2024-06-11 08:00:00,5.522,8.003,7.065,5.949,26.538,9.885,9.885,16.654,9.5,158.21
2024-06-11 09:00:00,6.198,12.607,7.639,6.027,32.47,13.501,13.501,18.969,9.5,180.21
2024-06-11 10:00:00,6.916,16.768,8.835,6.204,38.723,16.746,16.746,21.977,5.5,120.88
2024-06-11 11:00:00,7.548,18.571,10.011,5.993,42.124,18.035,18.035,24.089,5.5,132.49
2024-06-11 12:00:00,7.687,21.689,10.275,5.867,45.518,19.314,19.314,26.204,5.5,144.12
2024-06-11 13:00:00,7.961,24.869,10.342,5.757,48.929,18.676,18.676,30.253,5.5,166.39
2024-06-11 14:00:00,8.355,23.744,10.079,6.077,48.255,16.544,16.544,31.711,5.5,174.41
2024-06-11 15:00:00,7.151,25.081,9.313,6.037,47.582,13.195,13.195,34.387,5.5,189.13
2024-06-11 16:00:00,7.272,21.864,8.245,5.903,43.284,9.488,9.488,33.796,5.5,185.88
2024-06-11 17:00:00,5.888,19.115,7.944,6.154,39.101,5.102,5.102,33.999,5.5,187.0
2024-06-11 18:00:00,5.502,15.199,7.029,5.937,33.666,0.07,0.07,33.596,9.5,319.16
2024-06-11 19:00:00,3.8,13.065,6.608,5.98,29.453,0.18,0.18,29.273,9.5,278.09
2024-06-11 20:00:00,3.578,11.743,5.405,5.998,26.724,0.304,0.304,26.42,9.5,250.99
2024-06-11 21:00:00,2.465,7.969,5.096,5.947,21.478,0.0,0.0,21.478,9.5,204.04
2024-06-11 22:00:00,1.672,4.837,4.207,6.035,16.752,0.0,0.0,16.752,5.5,92.13
2024-06-11 23:00:00,1.702,5.186,2.945,6.173,16.005,0.0,0.0,16.005,5.5,88.03
2024-06-12 00:00:00,1.193,2.29,1.302,5.829,10.614,0.0,0.0,10.614,5.5,58.38
2024-06-12 01:00:00,0.8,3.708,2.841,6.073,13.422,0.236,0.236,13.186,5.5,72.52
2024-06-12 02:00:00,0.845,3.389,3.194,6.026,13.453,0.0,0.0,13.453,5.5,73.99
2024-06-12 03:00:00,1.609,0.651,2.581,6.023,10.864,0.306,0.306,10.558,5.5,58.07
2024-06-12 04:00:00,2.07,2.677,4.332,6.131,15.21,0.406,0.406,14.804,5.5,81.42
2024-06-12 05:00:00,2.851,5.035,4.604,6.007,18.498,0.0,0.0,18.498,5.5,101.74
2024-06-12 06:00:00,3.687,5.653,5.346,6.072,20.758,0.018,0.018,20.74,9.5,197.03
2024-06-12 07:00:00,4.205,6.53,6.834,6.107,23.676,3.989,3.989,19.686,9.5,187.02
2024-06-12 08:00:00,5.661,9.275,7.661,5.924,28.52,7.989,7.989,20.531,9.5,195.05
2024-06-12 09:00:00,6.052,11.246,8.285,6.045,31.628,11.406,11.406,20.222,9.5,192.11
2024-06-12 10:00:00,6.684,16.038,9.014,5.962,37.698,14.552,14.552,23.146,5.5,127.3
2024-06-12 11:00:00,6.951,21.206,9.703,5.98,43.84,15.727,15.727,28.113,5.5,154.62
2024-06-12 12:00:00,7.775,22.947,9.701,5.952,46.375,15.907,15.907,30.468,5.5,167.57
2024-06-12 13:00:00,7.899,26.003,9.978,6.071,49.95,15.825,15.825,34.125,5.5,187.69
2024-06-12 14:00:00,8.142,25.647,9.5,6.012,49.301,14.367,14.367,34.934,5.5,192.14
2024-06-12 15:00:00,7.573,25.072,9.323,6.059,48.027,11.521,11.521,36.506,5.5,200.78
2024-06-12 16:00:00,6.434,23.883,8.678,5.997,44.992,8.593,8.593,36.399,5.5,200.2
2024-06-12 17:00:00,6.036,19.74,7.771,5.759,39.306,4.453,4.453,34.853,5.5,191.69
2024-06-12 18:00:00,5.306,15.959,7.178,6.005,34.447,0.0,0.0,34.447,9.5,327.24
2024-06-12 19:00:00,4.681,13.597,6.058,6.01,30.346,0.0,0.0,30.346,9.5,288.29
2024-06-12 20:00:00,3.669,10.945,5.482,6.036,26.132,0.068,0.068,26.064,9.5,247.61
2024-06-12 21:00:00,2.915,6.965,3.802,5.911,19.592,0.0,0.0,19.592,9.5,186.13
2024-06-12 22:00:00,2.115,4.955,3.683,5.821,16.573,0.101,0.101,16.472,5.5,90.6
2024-06-12 23:00:00,1.753,4.391,3.18,6.094,15.418,0.0,0.0,15.418,5.5,84.8
2024-06-13 00:00:00,1.265,3.21,1.896,5.959,12.33,0.307,0.307,12.023,5.5,66.13
2024-06-13 01:00:00,0.653,3.248,2.218,6.026,12.145,0.272,0.272,11.873,5.5,65.3
2024-06-13 02:00:00,1.19,1.606,2.016,5.958,10.769,0.151,0.151,10.618,5.5,58.4
2024-06-13 03:00:00,1.404,4.537,3.27,5.999,15.21,0.0,0.0,15.21,5.5,83.66
2024-06-13 04:00:00,2.21,2.969,3.987,5.933,15.1,0.051,0.051,15.048,5.5,82.77
2024-06-13 05:00:00,3.055,4.07,4.649,5.855,17.629,0.0,0.0,17.629,5.5,96.96
2024-06-13 06:00:00,3.223,4.813,5.697,6.071,19.804,0.0,0.0,19.804,9.5,188.14
2024-06-13 07:00:00,3.505,9.511,6.269,5.91,25.195,3.08,3.08,22.115,9.5,210.09
2024-06-13 08:00:00,4.98,9.981,7.314,6.025,28.3,6.357,6.357,21.943,9.5,208.46
2024-06-13 09:00:00,6.258,12.097,8.087,6.062,32.505,8.707,8.707,23.798,9.5,226.08
2024-06-13 10:00:00,6.949,16.809,9.1,5.912,38.77,11.082,11.082,27.687,5.5,152.28
2024-06-13 11:00:00,7.563,20.064,8.825,5.819,42.271,12.105,12.105,30.166,5.5,165.91
2024-06-13 12:00:00,7.77,22.165,9.503,6.364,45.803,12.492,12.492,33.311,5.5,183.21
2024-06-13 13:00:00,7.616,24.936,10.635,5.921,49.108,11.393,11.393,37.715,5.5,207.43
2024-06-13 14:00:00,8.009,24.294,8.876,6.094,47.273,10.562,10.562,36.712,5.5,201.91
2024-06-13 15:00:00,7.184,23.869,9.4,6.291,46.744,8.374,8.374,38.37,5.5,211.04
2024-06-13 16:00:00,7.443,20.707,9.294,6.118,43.563,6.092,6.092,37.471,5.5,206.09
2024-06-13 17:00:00,6.156,18.389,7.987,5.955,38.487,2.974,2.974,35.513,5.5,195.32
2024-06-13 18:00:00,4.93,17.564,6.961,5.99,35.444,0.0,0.0,35.444,9.5,336.72
2024-06-13 19:00:00,4.039,14.091,6.24,5.875,30.245,0.318,0.318,29.927,9.5,284.31
2024-06-13 20:00:00,3.374,9.84,5.14,6.132,24.487,0.143,0.143,24.344,9.5,231.27
2024-06-13 21:00:00,2.615,8.683,4.464,6.085,21.846,0.302,0.302,21.544,9.5,204.67
2024-06-13 22:00:00,2.432,5.407,3.455,5.923,17.216,0.0,0.0,17.216,5.5,94.69
2024-06-13 23:00:00,1.692,4.088,3.571,5.844,15.194,0.017,0.017,15.177,5.5,83.47
2024-06-14 00:00:00,0.671,2.591,2.59,5.802,11.654,0.29,0.29,11.364,5.5,62.5
2024-06-14 01:00:00,1.62,2.511,2.233,6.148,12.512,0.452,0.452,12.061,5.5,66.33
2024-06-14 02:00:00,1.309,2.574,2.096,6.018,11.997,0.0,0.0,11.997,5.5,65.98
2024-06-14 03:00:00,1.867,3.924,2.918,6.032,14.741,0.0,0.0,14.741,5.5,81.07
2024-06-14 04:00:00,1.914,3.604,3.655,5.877,15.049,0.31,0.31,14.739,5.5,81.06
2024-06-14 05:00:00,2.795,4.854,4.653,5.78,18.084,0.0,0.0,18.084,5.5,99.46
2024-06-14 06:00:00,3.496,6.363,4.878,6.144,20.881,0.0,0.0,20.881,9.5,198.37
2024-06-14 07:00:00,3.656,7.667,5.88,6.006,23.209,4.538,4.538,18.672,9.5,177.38
2024-06-14 08:00:00,5.709,9.015,7.327,6.136,28.187,9.38,9.38,18.808,9.5,178.67
2024-06-14 09:00:00,6.372,11.702,8.4,5.942,32.416,13.16,13.16,19.256,9.5,182.93
2024-06-14 10:00:00,6.668,16.244,8.576,5.964,37.454,16.756,16.756,20.698,5.5,113.84
2024-06-14 11:00:00,7.103,19.321,8.923,6.107,41.454,18.939,18.939,22.516,5.5,123.84
2024-06-14 12:00:00,7.959,22.396,11.174,6.11,47.639,18.95,18.95,28.689,5.5,157.79
2024-06-14 13:00:00,8.026,24.263,10.313,6.12,48.721,18.747,18.747,29.974,5.5,164.86
2024-06-14 14:00:00,7.961,27.034,9.754,5.956,50.704,16.992,16.992,33.712,5.5,185.41
2024-06-14 15:00:00,7.492,23.211,9.804,6.092,46.599,13.666,13.666,32.932,5.5,181.13
2024-06-14 16:00:00,6.939,20.734,8.775,6.166,42.616,9.181,9.181,33.435,5.5,183.89
2024-06-14 17:00:00,6.419,19.724,8.372,5.984,40.498,5.118,5.118,35.38,5.5,194.59
2024-06-14 18:00:00,5.274,15.824,7.187,5.923,34.208,0.0,0.0,34.208,9.5,324.98
2024-06-14 19:00:00,3.908,13.037,6.225,6.201,29.371,0.0,0.0,29.371,9.5,279.02
2024-06-14 20:00:00,3.811,10.259,5.236,5.902,25.208,0.0,0.0,25.208,9.5,239.47
2024-06-14 21:00:00,3.179,8.383,3.872,6.094,21.529,0.026,0.026,21.503,9.5,204.27
2024-06-14 22:00:00,3.042,4.332,4.504,5.991,17.869,0.153,0.153,17.716,5.5,97.44
2024-06-14 23:00:00,1.299,3.839,2.751,5.724,13.613,0.717,0.717,12.896,5.5,70.93
2024-06-15 00:00:00,0.385,1.362,0.466,6.169,8.382,0.034,0.034,8.348,5.5,45.91
2024-06-15 01:00:00,0.2,1.661,1.058,5.586,8.506,0.453,0.453,8.052,5.5,44.29
2024-06-15 02:00:00,0.619,2.854,0.941,5.702,10.116,0.107,0.107,10.008,5.5,55.05
2024-06-15 03:00:00,0.408,1.969,1.543,6.079,9.999,0.0,0.0,9.999,5.5,54.99
2024-06-15 04:00:00,1.311,1.349,2.139,6.079,10.878,0.045,0.045,10.833,5.5,59.58
2024-06-15 05:00:00,0.708,1.002,2.624,5.904,10.238,0.0,0.0,10.238,5.5,56.31
2024-06-15 06:00:00,0.684,1.765,2.967,6.022,11.437,0.092,0.092,11.346,9.5,107.78
2024-06-15 07:00:00,1.336,2.469,2.972,5.62,12.398,3.517,3.517,8.881,9.5,84.37
2024-06-15 08:00:00,1.194,4.442,3.581,6.106,15.324,7.69,7.69,7.634,9.5,72.52
2024-06-15 09:00:00,2.32,5.321,4.176,6.037,17.854,11.274,11.274,6.581,9.5,62.52
2024-06-15 10:00:00,1.756,5.394,3.709,5.993,16.853,14.125,14.125,2.727,5.5,15.0
2024-06-15 11:00:00,2.61,7.438,4.956,6.003,21.008,15.784,15.784,5.223,5.5,28.73
2024-06-15 12:00:00,2.126,9.636,4.347,6.074,22.183,15.826,15.826,6.358,5.5,34.97
2024-06-15 13:00:00,2.704,9.995,5.816,5.996,24.511,15.402,15.402,9.109,5.5,50.1
2024-06-15 14:00:00,3.242,10.446,4.769,5.719,24.175,14.062,14.062,10.113,5.5,55.62
2024-06-15 15:00:00,2.71,10.02,4.654,6.329,23.714,10.842,10.842,12.872,5.5,70.8
2024-06-15 16:00:00,2.117,10.235,4.105,6.18,22.637,8.07,8.07,14.567,5.5,80.12
2024-06-15 17:00:00,2.085,7.975,3.76,5.807,19.628,3.866,3.866,15.762,5.5,86.69
2024-06-15 18:00:00,1.792,6.144,4.471,5.948,18.355,0.0,0.0,18.355,9.5,174.37
2024-06-15 19:00:00,1.62,4.383,3.47,5.965,15.438,0.0,0.0,15.438,9.5,146.66
2024-06-15 20:00:00,0.781,4.118,2.021,6.162,13.082,0.131,0.131,12.951,9.5,123.03
2024-06-15 21:00:00,1.118,0.991,2.827,5.676,10.612,0.165,0.165,10.447,9.5,99.25
2024-06-15 22:00:00,0.2,2.069,2.341,5.925,10.535,0.267,0.267,10.268,5.5,56.47
2024-06-15 23:00:00,0.384,1.55,1.451,5.736,9.121,0.104,0.104,9.016,5.5,49.59
2024-06-16 00:00:00,0.2,0.5,1.133,5.957,7.79,0.051,0.051,7.739,5.5,42.56
2024-06-16 01:00:00,0.559,0.5,1.137,5.929,8.125,0.556,0.556,7.569,5.5,41.63
2024-06-16 02:00:00,0.46,1.747,2.114,6.012,10.333,0.0,0.0,10.333,5.5,56.83
2024-06-16 03:00:00,0.2,1.389,1.245,5.909,8.744,0.509,0.509,8.235,5.5,45.29
2024-06-16 04:00:00,0.438,1.476,1.923,5.887,9.724,0.0,0.0,9.724,5.5,53.48
2024-06-16 05:00:00,1.0,1.96,2.054,6.093,11.107,0.171,0.171,10.936,5.5,60.15
2024-06-16 06:00:00,1.167,2.291,2.068,6.068,11.594,0.0,0.0,11.594,9.5,110.14
2024-06-16 07:00:00,1.304,3.939,3.971,6.083,15.296,4.69,4.69,10.606,9.5,100.76
2024-06-16 08:00:00,1.642,4.018,3.089,5.973,14.723,9.613,9.613,5.11,9.5,48.54
2024-06-16 09:00:00,2.303,3.951,4.1,5.914,16.269,13.702,13.702,2.567,9.5,24.39
2024-06-16 10:00:00,2.22,7.759,3.716,5.982,19.678,16.54,16.54,3.138,5.5,17.26
2024-06-16 11:00:00,2.576,8.085,4.568,6.075,21.304,18.127,18.127,3.177,5.5,17.47
2024-06-16 12:00:00,3.4,8.466,5.099,5.673,22.638,20.019,20.019,2.62,5.5,14.41
2024-06-16 13:00:00,2.373,8.715,4.67,6.059,21.817,18.65,18.65,3.167,5.5,17.42
2024-06-16 14:00:00,2.193,10.311,5.165,6.046,23.716,16.678,16.678,7.037,5.5,38.7
2024-06-16 15:00:00,2.837,9.624,4.62,6.009,23.09,13.283,13.283,9.807,5.5,53.94
2024-06-16 16:00:00,2.172,10.196,4.877,5.978,23.223,9.28,9.28,13.943,5.5,76.68
2024-06-16 17:00:00,1.999,7.512,4.557,5.615,19.683,4.817,4.817,14.867,5.5,81.77
2024-06-16 18:00:00,1.552,5.785,3.327,5.934,16.598,0.324,0.324,16.273,9.5,154.6
2024-06-16 19:00:00,1.4,5.834,3.125,6.268,16.627,0.0,0.0,16.627,9.5,157.96
2024-06-16 20:00:00,1.67,4.66,2.714,6.002,15.046,0.0,0.0,15.046,9.5,142.94
2024-06-16 21:00:00,1.181,3.08,2.473,5.954,12.688,0.162,0.162,12.526,9.5,119.0
2024-06-16 22:00:00,0.992,2.758,1.87,6.003,11.623,0.096,0.096,11.527,5.5,63.4
2024-06-16 23:00:00,0.2,1.685,1.64,6.053,9.578,0.0,0.0,9.578,5.5,52.68
2024-06-17 00:00:00,0.545,2.735,1.923,6.099,11.302,0.0,0.0,11.302,5.5,62.16
2024-06-17 01:00:00,0.201,3.546,2.333,5.966,12.045,0.431,0.431,11.614,5.5,63.88
2024-06-17 02:00:00,1.052,3.249,3.17,6.064,13.534,0.107,0.107,13.427,5.5,73.85
2024-06-17 03:00:00,1.923,2.876,3.386,6.251,14.437,0.0,0.0,14.437,5.5,79.4
2024-06-17 04:00:00,2.252,4.569,4.009,6.151,16.981,0.0,0.0,16.981,5.5,93.39
2024-06-17 05:00:00,2.62,2.397,4.74,6.351,16.108,0.0,0.0,16.108,5.5,88.59
2024-06-17 06:00:00,3.396,7.185,5.22,5.901,21.702,0.22,0.22,21.482,9.5,204.08
2024-06-17 07:00:00,4.016,5.999,6.316,6.251,22.582,5.057,5.057,17.525,9.5,166.49
2024-06-17 08:00:00,5.165,9.3,6.689,5.881,27.035,9.763,9.763,17.272,9.5,164.09
2024-06-17 09:00:00,6.214,12.764,8.532,6.053,33.564,12.88,12.88,20.684,9.5,196.49
2024-06-17 10:00:00,6.303,16.024,7.712,6.11,36.149,16.39,16.39,19.759,5.5,108.68
2024-06-17 11:00:00,7.524,20.283,9.421,5.923,43.151,18.633,18.633,24.518,5.5,134.85
2024-06-17 12:00:00,8.134,21.502,10.317,6.013,45.967,19.247,19.247,26.719,5.5,146.96
2024-06-17 13:00:00,7.875,24.508,9.454,6.137,47.975,18.313,18.313,29.662,5.5,163.14
2024-06-17 14:00:00,8.064,24.529,10.021,5.893,48.508,17.027,17.027,31.481,5.5,173.14
2024-06-17 15:00:00,8.279,24.536,9.184,6.25,48.249,13.51,13.51,34.739,5.5,191.06
2024-06-17 16:00:00,6.756,22.297,8.678,5.792,43.523,9.737,9.737,33.786,5.5,185.83
2024-06-17 17:00:00,6.102,19.552,8.403,6.291,40.348,4.891,4.891,35.457,5.5,195.01
2024-06-17 18:00:00,4.883,15.702,7.202,6.15,33.937,0.0,0.0,33.937,9.5,322.4
2024-06-17 19:00:00,4.277,12.389,5.374,5.987,28.027,0.0,0.0,28.027,9.5,266.25
2024-06-17 20:00:00,3.54,10.031,4.891,5.94,24.402,0.054,0.054,24.348,9.5,231.3
2024-06-17 21:00:00,2.745,8.118,4.841,5.924,21.629,0.0,0.0,21.629,9.5,205.47
2024-06-17 22:00:00,1.791,5.065,3.908,5.98,16.743,0.0,0.0,16.743,5.5,92.08
2024-06-17 23:00:00,1.698,3.594,3.827,5.993,15.111,0.0,0.0,15.111,5.5,83.11
2024-06-18 00:00:00,1.329,3.04,2.693,6.188,13.251,0.0,0.0,13.251,5.5,72.88
2024-06-18 01:00:00,1.188,2.588,2.15,6.295,12.221,0.218,0.218,12.003,5.5,66.01
2024-06-18 02:00:00,1.583,3.414,3.652,6.03,14.679,0.0,0.0,14.679,5.5,80.73
2024-06-18 03:00:00,1.565,2.288,3.138,5.873,12.863,0.0,0.0,12.863,5.5,70.75
2024-06-18 04:00:00,2.322,2.065,3.343,5.918,13.647,0.0,0.0,13.647,5.5,75.06
2024-06-18 05:00:00,2.77,3.863,4.198,5.973,16.803,0.007,0.007,16.797,5.5,92.38
2024-06-18 06:00:00,3.117,4.931,4.379,5.845,18.273,0.396,0.396,17.877,9.5,169.83
2024-06-18 07:00:00,4.318,7.302,6.831,5.823,24.274,4.841,4.841,19.433,9.5,184.62
2024-06-18 08:00:00,4.807,9.294,7.761,6.315,28.176,8.809,8.809,19.366,9.5,183.98
2024-06-18 09:00:00,5.795,13.392,7.619,6.045,32.851,12.722,12.722,20.129,9.5,191.22
2024-06-18 10:00:00,6.844,15.914,8.734,5.875,37.367,16.218,16.218,21.15,5.5,116.32
2024-06-18 11:00:00,7.523,19.601,9.494,6.122,42.742,17.824,17.824,24.917,5.5,137.05
2024-06-18 12:00:00,7.497,22.479,9.477,5.823,45.276,18.5,18.5,26.776,5.5,147.27
2024-06-18 13:00:00,8.316,24.46,9.298,5.836,47.91,17.708,17.708,30.202,5.5,166.11
2024-06-18 14:00:00,8.026,24.977,9.777,5.88,48.659,16.192,16.192,32.467,5.5,178.57
2024-06-18 15:00:00,7.223,24.713,9.328,6.248,47.511,13.007,13.007,34.504,5.5,189.77
2024-06-18 16:00:00,6.326,21.716,8.67,5.962,42.674,9.205,9.205,33.469,5.5,184.08
2024-06-18 17:00:00,5.941,20.601,8.114,5.634,40.289,4.539,4.539,35.75,5.5,196.63
2024-06-18 18:00:00,4.97,15.955,7.695,6.182,34.802,0.277,0.277,34.525,9.5,327.99
2024-06-18 19:00:00,4.256,11.75,6.067,5.954,28.027,0.0,0.0,28.027,9.5,266.26
2024-06-18 20:00:00,3.293,9.954,5.35,5.723,24.319,0.182,0.182,24.137,9.5,229.3
2024-06-18 21:00:00,2.084,6.684,4.742,5.952,19.463,0.0,0.0,19.463,9.5,184.89
2024-06-18 22:00:00,1.98,6.076,3.95,6.078,18.085,0.52,0.52,17.564,5.5,96.6
2024-06-18 23:00:00,1.544,6.057,2.882,6.061,16.544,0.383,0.383,16.161,5.5,88.88
2024-06-19 00:00:00,1.081,1.92,2.059,6.27,11.329,0.0,0.0,11.329,5.5,62.31
2024-06-19 01:00:00,0.844,2.88,2.506,5.872,12.102,0.0,0.0,12.102,5.5,66.56
2024-06-19 02:00:00,1.798,1.345,2.199,6.007,11.35,0.143,0.143,11.206,5.5,61.63
2024-06-19 03:00:00,1.063,3.376,3.633,5.895,13.967,0.0,0.0,13.967,5.5,76.82
2024-06-19 04:00:00,2.49,2.78,4.301,5.769,15.339,0.0,0.0,15.339,5.5,84.37
2024-06-19 05:00:00,2.619,3.79,4.162,6.133,16.704,0.128,0.128,16.576,5.5,91.17
2024-06-19 06:00:00,3.66,4.664,5.359,6.069,19.753,0.0,0.0,19.753,9.5,187.65
2024-06-19 07:00:00,4.246,7.951,6.445,6.043,24.685,3.394,3.394,21.291,9.5,202.26
2024-06-19 08:00:00,5.446,10.61,6.905,6.064,29.025,6.037,6.037,22.987,9.5,218.38
2024-06-19 09:00:00,5.868,12.819,8.217,5.897,32.802,8.159,8.159,24.643,9.5,234.11
2024-06-19 10:00:00,6.458,15.455,8.89,5.849,36.652,11.112,11.112,25.54,5.5,140.47
2024-06-19 11:00:00,7.86,20.755,8.869,6.006,43.49,12.358,12.358,31.132,5.5,171.23
2024-06-19 12:00:00,7.82,21.755,10.044,6.174,45.794,13.242,13.242,32.552,5.5,179.04
2024-06-19 13:00:00,8.066,22.577,9.56,6.241,46.445,11.403,11.403,35.042,5.5,192.73
2024-06-19 14:00:00,8.225,25.366,10.236,6.119,49.946,11.042,11.042,38.904,5.5,213.97
2024-06-19 15:00:00,7.125,23.423,9.188,6.004,45.74,8.242,8.242,37.498,5.5,206.24
2024-06-19 16:00:00,6.966,23.146,8.761,6.04,44.914,6.772,6.772,38.141,5.5,209.78
2024-06-19 17:00:00,5.807,19.178,8.574,6.002,39.561,3.379,3.379,36.182,5.5,199.0
2024-06-19 18:00:00,5.064,16.629,7.321,5.846,34.861,0.0,0.0,34.861,9.5,331.18
2024-06-19 19:00:00,4.244,13.922,5.756,6.004,29.926,0.234,0.234,29.692,9.5,282.07
2024-06-19 20:00:00,2.952,8.837,4.876,5.8,22.465,0.0,0.0,22.465,9.5,213.42
2024-06-19 21:00:00,2.453,6.913,4.211,5.981,19.559,0.09,0.09,19.468,9.5,184.95
2024-06-19 22:00:00,2.502,5.484,3.886,6.245,18.118,0.062,0.062,18.056,5.5,99.31
2024-06-19 23:00:00,1.902,5.52,3.271,6.123,16.816,0.523,0.523,16.293,5.5,89.61
2024-06-20 00:00:00,0.872,2.023,1.683,5.862,10.439,0.544,0.544,9.894,5.5,54.42
2024-06-20 01:00:00,1.126,2.139,1.82,5.989,11.074,0.0,0.0,11.074,5.5,60.91
2024-06-20 02:00:00,1.206,3.132,2.763,5.875,12.976,0.317,0.317,12.659,5.5,69.62
2024-06-20 03:00:00,2.043,2.551,3.055,5.991,13.64,0.106,0.106,13.533,5.5,74.43
2024-06-20 04:00:00,2.036,3.611,4.591,6.156,16.394,0.0,0.0,16.394,5.5,90.17
2024-06-20 05:00:00,2.756,3.049,4.466,6.098,16.369,0.0,0.0,16.369,5.5,90.03
2024-06-20 06:00:00,3.746,7.317,6.007,6.373,23.443,0.701,0.701,22.742,9.5,216.05
2024-06-20 07:00:00,3.989,6.288,5.72,6.179,22.176,3.725,3.725,18.451,9.5,175.29
2024-06-20 08:00:00,5.572,9.547,6.494,6.031,27.643,7.288,7.288,20.355,9.5,193.37
2024-06-20 09:00:00,5.525,12.775,7.577,6.102,31.979,9.819,9.819,22.16,9.5,210.52
2024-06-20 10:00:00,7.276,17.677,9.301,5.97,40.224,11.942,11.942,28.282,5.5,155.55
2024-06-20 11:00:00,7.322,18.424,10.159,5.831,41.736,13.508,13.508,28.227,5.5,155.25
2024-06-20 12:00:00,7.781,23.943,9.548,6.196,47.468,13.897,13.897,33.572,5.5,184.64
2024-06-20 13:00:00,7.433,24.913,9.816,6.151,48.314,13.052,13.052,35.261,5.5,193.94
2024-06-20 14:00:00,7.718,25.334,9.393,5.964,48.408,11.803,11.803,36.605,5.5,201.33
2024-06-20 15:00:00,7.122,23.52,8.732,6.041,45.415,10.095,10.095,35.32,5.5,194.26
2024-06-20 16:00:00,6.605,22.813,9.112,6.186,44.717,6.874,6.874,37.843,5.5,208.14
2024-06-20 17:00:00,5.943,18.905,8.114,6.127,39.089,3.625,3.625,35.464,5.5,195.05
2024-06-20 18:00:00,5.391,17.16,7.127,5.781,35.459,0.07,0.07,35.389,9.5,336.19
2024-06-20 19:00:00,4.285,12.024,5.628,6.037,27.974,0.094,0.094,27.88,9.5,264.86
2024-06-20 20:00:00,3.495,9.714,5.938,5.975,25.121,0.344,0.344,24.777,9.5,235.38
2024-06-20 21:00:00,2.358,6.922,4.25,6.167,19.696,0.0,0.0,19.696,9.5,187.11
2024-06-20 22:00:00,1.832,4.755,3.942,6.155,16.684,0.171,0.171,16.513,5.5,90.82
2024-06-20 23:00:00,2.176,4.883,2.546,6.198,15.803,0.227,0.227,15.576,5.5,85.67
2024-06-21 00:00:00,0.67,2.977,1.944,5.832,11.424,0.296,0.296,11.128,5.5,61.21
2024-06-21 01:00:00,1.55,3.582,2.403,5.882,13.417,0.0,0.0,13.417,5.5,73.79
2024-06-21 02:00:00,1.222,1.326,2.781,6.167,11.496,0.076,0.076,11.419,5.5,62.81
2024-06-21 03:00:00,1.637,3.864,3.19,5.911,14.602,0.515,0.515,14.087,5.5,77.48
2024-06-21 04:00:00,2.418,5.493,3.926,5.772,17.608,0.0,0.0,17.608,5.5,96.85
2024-06-21 05:00:00,3.068,3.929,3.999,6.08,17.075,0.145,0.145,16.93,5.5,93.12
2024-06-21 06:00:00,3.369,7.061,5.361,5.918,21.708,0.234,0.234,21.474,9.5,204.01
2024-06-21 07:00:00,4.106,7.155,6.234,6.268,23.763,4.611,4.611,19.152,9.5,181.95
2024-06-21 08:00:00,5.087,8.706,7.216,6.044,27.054,10.052,10.052,17.002,9.5,161.52
2024-06-21 09:00:00,6.086,12.556,8.054,6.024,32.72,13.587,13.587,19.132,9.5,181.76
2024-06-21 10:00:00,7.055,16.985,8.316,5.945,38.3,16.613,16.613,21.687,5.5,119.28
2024-06-21 11:00:00,7.435,18.813,8.929,6.239,41.416,17.857,17.857,23.558,5.5,129.57
2024-06-21 12:00:00,8.04,21.875,8.975,6.054,44.944,19.242,19.242,25.702,5.5,141.36
2024-06-21 13:00:00,8.492,24.782,10.327,5.939,49.539,18.508,18.508,31.031,5.5,170.67
2024-06-21 14:00:00,7.969,25.002,10.192,5.881,49.043,16.945,16.945,32.098,5.5,176.54
2024-06-21 15:00:00,7.528,24.775,9.794,5.989,48.085,13.344,13.344,34.741,5.5,191.07
2024-06-21 16:00:00,6.332,22.546,8.948,5.853,43.679,9.205,9.205,34.473,5.5,189.6
2024-06-21 17:00:00,5.195,19.867,7.172,6.154,38.388,4.714,4.714,33.674,5.5,185.21
2024-06-21 18:00:00,5.221,15.801,6.712,5.729,33.462,0.0,0.0,33.462,9.5,317.89
2024-06-21 19:00:00,4.194,12.986,6.256,5.979,29.416,0.0,0.0,29.416,9.5,279.45
2024-06-21 20:00:00,3.248,9.062,5.336,6.092,23.738,0.387,0.387,23.351,9.5,221.83
2024-06-21 21:00:00,2.759,8.396,4.362,6.051,21.569,0.398,0.398,21.171,9.5,201.12
2024-06-21 22:00:00,2.078,5.037,3.876,5.892,16.884,0.0,0.0,16.884,5.5,92.86
2024-06-21 23:00:00,1.974,5.193,3.132,6.099,16.399,0.0,0.0,16.399,5.5,90.19
2024-06-22 00:00:00,0.338,0.833,1.058,5.867,8.096,0.0,0.0,8.096,5.5,44.53
2024-06-22 01:00:00,0.2,1.207,0.888,5.997,8.292,0.209,0.209,8.083,5.5,44.45
2024-06-22 02:00:00,0.75,0.704,1.718,6.098,9.27,0.496,0.496,8.774,5.5,48.26
2024-06-22 03:00:00,0.507,0.5,1.392,6.069,8.468,0.0,0.0,8.468,5.5,46.58
2024-06-22 04:00:00,0.892,0.5,1.332,5.899,8.622,0.0,0.0,8.622,5.5,47.42
2024-06-22 05:00:00,0.797,0.872,1.917,6.18,9.765,0.13,0.13,9.635,5.5,52.99
2024-06-22 06:00:00,0.996,1.959,2.501,6.013,11.469,0.517,0.517,10.952,9.5,104.04
2024-06-22 07:00:00,1.503,3.115,3.492,6.111,14.222,5.026,5.026,9.195,9.5,87.36
2024-06-22 08:00:00,1.79,4.73,3.545,6.229,16.294,9.653,9.653,6.641,9.5,63.09
2024-06-22 09:00:00,2.239,4.763,3.938,6.168,17.107,13.622,13.622,3.485,9.5,33.11
2024-06-22 10:00:00,2.295,5.752,3.913,6.168,18.128,16.19,16.19,1.938,5.5,10.66
2024-06-22 11:00:00,2.051,6.638,5.042,6.029,19.76,18.101,18.101,1.66,5.5,9.13
2024-06-22 12:00:00,2.619,9.325,4.67,6.119,22.733,18.946,18.946,3.787,5.5,20.83
2024-06-22 13:00:00,3.038,10.828,4.96,6.032,24.858,18.839,18.839,6.02,5.5,33.11
2024-06-22 14:00:00,2.66,11.012,5.522,5.819,25.012,16.517,16.517,8.495,5.5,46.72
2024-06-22 15:00:00,2.528,10.29,4.932,6.045,23.795,13.409,13.409,10.385,5.5,57.12
2024-06-22 16:00:00,2.672,9.452,3.761,6.038,21.923,9.43,9.43,12.493,5.5,68.71
2024-06-22 17:00:00,1.881,9.151,3.305,6.088,20.424,4.925,4.925,15.499,5.5,85.24
2024-06-22 18:00:00,1.324,6.723,3.536,5.981,17.564,0.511,0.511,17.053,9.5,162.0
2024-06-22 19:00:00,1.43,5.637,2.609,5.886,15.561,0.0,0.0,15.561,9.5,147.83
2024-06-22 20:00:00,1.046,3.665,2.9,6.098,13.709,0.0,0.0,13.709,9.5,130.23
2024-06-22 21:00:00,0.65,1.856,2.243,5.803,10.552,0.008,0.008,10.545,9.5,100.17
2024-06-22 22:00:00,0.681,1.671,1.93,6.219,10.501,0.527,0.527,9.974,5.5,54.86
2024-06-22 23:00:00,0.72,1.708,1.281,5.965,9.675,0.0,0.0,9.675,5.5,53.21
2024-06-23 00:00:00,0.309,1.068,1.707,6.037,9.12,0.0,0.0,9.12,5.5,50.16
2024-06-23 01:00:00,0.461,2.586,2.28,6.084,11.411,0.0,0.0,11.411,5.5,62.76
2024-06-23 02:00:00,0.997,1.165,1.214,6.089,9.464,0.039,0.039,9.425,5.5,51.84
2024-06-23 03:00:00,0.47,2.148,1.705,5.789,10.111,0.206,0.206,9.905,5.5,54.48
2024-06-23 04:00:00,0.817,1.047,1.903,6.124,9.891,0.302,0.302,9.589,5.5,52.74
2024-06-23 05:00:00,0.787,1.466,2.122,6.045,10.421,0.0,0.0,10.421,5.5,57.31
2024-06-23 06:00:00,0.937,1.154,2.308,5.905,10.304,0.0,0.0,10.304,9.5,97.88
2024-06-23 07:00:00,1.302,2.352,2.66,5.888,12.202,3.956,3.956,8.246,9.5,78.34
2024-06-23 08:00:00,1.643,4.342,3.107,5.95,15.042,8.034,8.034,7.008,9.5,66.57
2024-06-23 09:00:00,2.202,5.125,4.174,5.805,17.307,10.694,10.694,6.613,9.5,62.82
2024-06-23 10:00:00,3.08,7.211,4.205,6.258,20.754,13.378,13.378,7.376,5.5,40.57
2024-06-23 11:00:00,2.387,7.936,3.697,6.223,20.243,14.947,14.947,5.296,5.5,29.13
2024-06-23 12:00:00,2.624,8.658,5.108,6.068,22.458,15.941,15.941,6.517,5.5,35.84
2024-06-23 13:00:00,2.781,11.438,4.985,5.966,25.171,15.283,15.283,9.888,5.5,54.38
2024-06-23 14:00:00,2.868,9.922,5.469,5.97,24.229,13.832,13.832,10.397,5.5,57.18
2024-06-23 15:00:00,2.681,10.65,4.877,6.114,24.322,11.474,11.474,12.849,5.5,70.67
2024-06-23 16:00:00,2.761,8.619,3.821,6.264,21.464,7.737,7.737,13.727,5.5,75.5
2024-06-23 17:00:00,1.367,8.359,3.121,5.914,18.76,3.696,3.696,15.064,5.5,82.85
2024-06-23 18:00:00,1.07,7.199,3.274,5.832,17.375,0.0,0.0,17.375,9.5,165.07
2024-06-23 19:00:00,1.329,5.286,2.844,6.232,15.691,0.0,0.0,15.691,9.5,149.06
2024-06-23 20:00:00,1.52,2.037,3.018,5.732,12.307,0.0,0.0,12.307,9.5,116.92
2024-06-23 21:00:00,0.471,2.96,2.222,5.849,11.501,0.0,0.0,11.501,9.5,109.26
2024-06-23 22:00:00,0.2,3.202,2.318,5.963,11.682,0.236,0.236,11.446,5.5,62.95
2024-06-23 23:00:00,0.744,2.137,1.034,5.766,9.681,0.005,0.005,9.676,5.5,53.22
2024-06-24 00:00:00,0.964,2.904,2.406,6.167,12.441,0.0,0.0,12.441,5.5,68.43
2024-06-24 01:00:00,0.726,1.235,2.575,6.129,10.665,0.0,0.0,10.665,5.5,58.66
2024-06-24 02:00:00,0.999,2.172,1.843,5.914,10.928,0.0,0.0,10.928,5.5,60.1
2024-06-24 03:00:00,1.345,3.34,3.657,6.192,14.534,0.308,0.308,14.226,5.5,78.25
2024-06-24 04:00:00,2.13,3.815,3.766,6.217,15.928,0.0,0.0,15.928,5.5,87.6
2024-06-24 05:00:00,2.498,5.259,4.608,5.983,18.349,0.0,0.0,18.349,5.5,100.92
2024-06-24 06:00:00,3.551,5.426,4.936,5.932,19.844,0.245,0.245,19.599,9.5,186.19
2024-06-24 07:00:00,3.366,7.686,6.698,6.339,24.089,4.186,4.186,19.903,9.5,189.08
2024-06-24 08:00:00,4.847,9.812,6.649,6.108,27.416,7.238,7.238,20.178,9.5,191.69
2024-06-24 09:00:00,5.647,12.004,8.358,6.038,32.047,11.223,11.223,20.824,9.5,197.82
2024-06-24 10:00:00,6.711,14.333,9.153,6.205,36.401,13.209,13.209,23.192,5.5,127.56
2024-06-24 11:00:00,7.273,19.817,9.067,6.045,42.202,14.869,14.869,27.333,5.5,150.33
2024-06-24 12:00:00,8.094,22.482,10.654,5.924,47.154,15.565,15.565,31.588,5.5,173.74
2024-06-24 13:00:00,7.442,23.799,10.093,6.012,47.346,15.157,15.157,32.189,5.5,177.04
2024-06-24 14:00:00,7.868,23.69,10.122,6.156,47.836,13.565,13.565,34.271,5.5,188.49
2024-06-24 15:00:00,7.602,24.797,8.845,5.701,46.945,10.952,10.952,35.994,5.5,197.96
2024-06-24 16:00:00,7.345,22.13,9.672,5.957,45.104,7.627,7.627,37.477,5.5,206.12
2024-06-24 17:00:00,5.84,19.918,7.535,6.207,39.5,4.138,4.138,35.362,5.5,194.49
2024-06-24 18:00:00,5.201,17.629,7.533,5.923,36.286,0.0,0.0,36.286,9.5,344.72
2024-06-24 19:00:00,3.681,11.081,5.79,6.232,26.784,0.542,0.542,26.242,9.5,249.3
2024-06-24 20:00:00,2.685,9.239,5.034,6.212,23.17,0.176,0.176,22.994,9.5,218.44
2024-06-24 21:00:00,2.94,7.194,4.767,5.99,20.891,0.0,0.0,20.891,9.5,198.46
2024-06-24 22:00:00,2.095,6.706,4.139,5.915,18.854,0.0,0.0,18.854,5.5,103.7
2024-06-24 23:00:00,1.99,2.978,2.619,5.957,13.544,0.014,0.014,13.53,5.5,74.41
2024-06-25 00:00:00,0.479,4.096,2.457,6.4,13.43,0.39,0.39,13.04,5.5,71.72
2024-06-25 01:00:00,1.209,2.721,2.705,6.281,12.916,0.423,0.423,12.492,5.5,68.71
2024-06-25 02:00:00,1.855,2.671,2.275,6.019,12.82,0.0,0.0,12.82,5.5,70.51
2024-06-25 03:00:00,1.762,2.852,3.767,5.909,14.29,0.0,0.0,14.29,5.5,78.59
2024-06-25 04:00:00,2.18,3.136,3.146,6.018,14.479,0.0,0.0,14.479,5.5,79.63
2024-06-25 05:00:00,2.689,5.125,4.201,6.037,18.051,0.076,0.076,17.976,5.5,98.87
2024-06-25 06:00:00,2.931,4.685,5.473,5.813,18.903,0.691,0.691,18.212,9.5,173.01
2024-06-25 07:00:00,4.629,7.635,5.847,6.012,24.123,3.626,3.626,20.497,9.5,194.72
2024-06-25 08:00:00,4.921,9.488,7.228,6.198,27.836,6.215,6.215,21.621,9.5,205.4
2024-06-25 09:00:00,6.136,12.18,8.121,5.73,32.167,9.248,9.248,22.919,9.5,217.73
2024-06-25 10:00:00,6.319,18.201,8.75,6.124,39.394,11.406,11.406,27.988,5.5,153.93
2024-06-25 11:00:00,7.08,19.801,9.789,6.206,42.877,12.684,12.684,30.193,5.5,166.06
2024-06-25 12:00:00,8.285,22.826,9.769,5.916,46.796,13.27,13.27,33.526,5.5,184.39
2024-06-25 13:00:00,7.896,25.195,10.093,6.254,49.438,13.041,13.041,36.397,5.5,200.18
2024-06-25 14:00:00,8.29,23.84,10.319,5.896,48.346,11.797,11.797,36.548,5.5,201.02
2024-06-25 15:00:00,7.411,25.687,9.772,6.066,48.936,9.793,9.793,39.143,5.5,215.29
2024-06-25 16:00:00,6.235,20.328,9.139,5.954,41.657,6.85,6.85,34.806,5.5,191.44
2024-06-25 17:00:00,6.252,18.851,7.565,5.954,38.622,2.878,2.878,35.744,5.5,196.59
2024-06-25 18:00:00,4.927,15.765,7.333,5.907,33.932,0.0,0.0,33.932,9.5,322.35
2024-06-25 19:00:00,4.432,13.255,5.837,6.105,29.628,0.0,0.0,29.628,9.5,281.47
2024-06-25 20:00:00,3.41,9.971,4.769,6.127,24.277,0.044,0.044,24.233,9.5,230.21
2024-06-25 21:00:00,2.223,7.226,4.423,5.99,19.862,0.258,0.258,19.604,9.5,186.23
2024-06-25 22:00:00,2.146,5.53,3.367,5.796,16.839,0.013,0.013,16.826,5.5,92.54
2024-06-25 23:00:00,2.295,3.504,3.444,6.06,15.303,0.015,0.015,15.288,5.5,84.08
2024-06-26 00:00:00,1.038,1.348,2.346,6.063,10.796,0.071,0.071,10.725,5.5,58.99
2024-06-26 01:00:00,1.036,3.192,1.525,5.967,11.721,0.0,0.0,11.721,5.5,64.47
2024-06-26 02:00:00,1.617,3.301,2.319,6.28,13.517,0.026,0.026,13.491,5.5,74.2
2024-06-26 03:00:00,1.699,4.276,2.544,5.765,14.285,0.338,0.338,13.947,5.5,76.71
2024-06-26 04:00:00,2.159,2.852,3.543,5.667,14.222,0.0,0.0,14.222,5.5,78.22
2024-06-26 05:00:00,2.359,4.839,4.633,5.89,17.721,0.0,0.0,17.721,5.5,97.47
2024-06-26 06:00:00,3.472,5.311,5.185,6.107,20.074,0.0,0.0,20.074,9.5,190.71
2024-06-26 07:00:00,4.533,8.309,5.952,5.842,24.635,5.492,5.492,19.143,9.5,181.86
2024-06-26 08:00:00,4.853,10.609,7.643,5.853,28.958,9.525,9.525,19.433,9.5,184.61
2024-06-26 09:00:00,6.412,12.953,7.103,6.143,32.61,14.474,14.474,18.137,9.5,172.3
2024-06-26 10:00:00,6.76,15.854,9.32,6.069,38.003,16.721,16.721,21.282,5.5,117.05
2024-06-26 11:00:00,7.168,20.227,9.238,6.057,42.69,18.848,18.848,23.842,5.5,131.13
2024-06-26 12:00:00,8.154,22.844,9.829,6.117,46.944,19.939,19.939,27.005,5.5,148.53
2024-06-26 13:00:00,7.914,23.728,9.789,5.936,47.367,19.353,19.353,28.014,5.5,154.08
2024-06-26 14:00:00,8.082,23.904,10.478,5.943,48.408,16.653,16.653,31.754,5.5,174.65
2024-06-26 15:00:00,7.347,24.045,8.964,6.121,46.476,13.613,13.613,32.863,5.5,180.75
2024-06-26 16:00:00,6.77,23.539,8.83,5.798,44.936,9.941,9.941,34.995,5.5,192.47
2024-06-26 17:00:00,6.133,20.375,8.236,5.679,40.422,5.806,5.806,34.616,5.5,190.39
2024-06-26 18:00:00,5.191,15.236,6.478,5.935,32.84,0.374,0.374,32.467,9.5,308.43
2024-06-26 19:00:00,3.624,11.85,5.82,6.14,27.434,0.0,0.0,27.434,9.5,260.62
2024-06-26 20:00:00,3.066,10.811,5.222,6.038,25.138,0.0,0.0,25.138,9.5,238.81
2024-06-26 21:00:00,2.965,6.448,4.097,6.129,19.638,0.024,0.024,19.613,9.5,186.33
2024-06-26 22:00:00,2.057,5.945,3.402,5.698,17.102,0.109,0.109,16.993,5.5,93.46
2024-06-26 23:00:00,1.479,3.792,2.988,6.047,14.306,0.0,0.0,14.306,5.5,78.68
2024-06-27 00:00:00,0.483,3.838,2.28,6.098,12.699,0.0,0.0,12.699,5.5,69.85
2024-06-27 01:00:00,0.729,1.993,2.149,5.797,10.669,0.048,0.048,10.622,5.5,58.42
2024-06-27 02:00:00,0.688,3.66,3.082,6.129,13.559,0.0,0.0,13.559,5.5,74.57
2024-06-27 03:00:00,1.606,3.155,2.729,5.983,13.473,0.562,0.562,12.911,5.5,71.01
2024-06-27 04:00:00,1.917,3.684,3.227,6.461,15.289,0.455,0.455,14.834,5.5,81.59
2024-06-27 05:00:00,2.396,2.706,5.222,5.673,15.998,0.197,0.197,15.8,5.5,86.9
2024-06-27 06:00:00,3.382,3.773,5.018,6.205,18.378,0.027,0.027,18.351,9.5,174.34
2024-06-27 07:00:00,4.332,7.176,5.664,5.941,23.112,3.341,3.341,19.771,9.5,187.83
2024-06-27 08:00:00,5.732,9.984,6.426,5.757,27.9,6.831,6.831,21.069,9.5,200.15
2024-06-27 09:00:00,5.531,11.878,8.455,5.921,31.785,10.162,10.162,21.623,9.5,205.42
2024-06-27 10:00:00,7.135,15.247,8.689,6.042,37.112,12.104,12.104,25.009,5.5,137.55
2024-06-27 11:00:00,7.726,19.898,9.355,6.156,43.134,13.27,13.27,29.864,5.5,164.25
2024-06-27 12:00:00,7.621,22.766,9.797,6.258,46.442,13.952,13.952,32.489,5.5,178.69
2024-06-27 13:00:00,8.061,24.153,10.405,6.213,48.833,13.373,13.373,35.46,5.5,195.03
2024-06-27 14:00:00,7.717,25.579,9.789,5.855,48.94,11.962,11.962,36.978,5.5,203.38
2024-06-27 15:00:00,7.49,23.324,10.394,6.17,47.378,9.964,9.964,37.413,5.5,205.77
2024-06-27 16:00:00,7.24,22.031,8.879,6.059,44.209,6.993,6.993,37.216,5.5,204.69
2024-06-27 17:00:00,6.166,20.767,8.449,5.902,41.284,3.797,3.797,37.487,5.5,206.18
2024-06-27 18:00:00,5.257,16.172,7.445,5.968,34.842,0.048,0.048,34.794,9.5,330.54
2024-06-27 19:00:00,4.093,12.879,6.174,5.894,29.04,0.0,0.0,29.04,9.5,275.88
2024-06-27 20:00:00,2.957,11.632,5.047,6.006,25.641,0.0,0.0,25.641,9.5,243.59
2024-06-27 21:00:00,2.624,6.233,4.584,5.891,19.331,0.0,0.0,19.331,9.5,183.65
2024-06-27 22:00:00,2.459,6.172,3.932,5.846,18.409,0.0,0.0,18.409,5.5,101.25
2024-06-27 23:00:00,1.178,5.614,2.899,6.072,15.762,0.0,0.0,15.762,5.5,86.69
2024-06-28 00:00:00,0.574,2.283,2.087,6.094,11.039,0.0,0.0,11.039,5.5,60.71
2024-06-28 01:00:00,1.091,3.296,2.781,5.972,13.14,0.0,0.0,13.14,5.5,72.27
2024-06-28 02:00:00,0.999,1.958,3.478,6.205,12.64,0.469,0.469,12.172,5.5,66.94
2024-06-28 03:00:00,1.398,2.456,3.469,5.961,13.285,0.0,0.0,13.285,5.5,73.07
2024-06-28 04:00:00,1.969,3.788,4.473,5.955,16.186,0.073,0.073,16.113,5.5,88.62
2024-06-28 05:00:00,2.277,4.919,4.199,6.099,17.494,0.082,0.082,17.412,5.5,95.77
2024-06-28 06:00:00,3.11,6.429,5.562,5.98,21.081,0.476,0.476,20.605,9.5,195.75
2024-06-28 07:00:00,4.434,8.604,6.723,6.013,25.774,3.319,3.319,22.455,9.5,213.33
2024-06-28 08:00:00,4.712,9.728,6.764,5.622,26.826,6.678,6.678,20.148,9.5,191.4
2024-06-28 09:00:00,5.505,13.726,7.831,6.003,33.064,9.506,9.506,23.558,9.5,223.8
2024-06-28 10:00:00,6.599,15.835,9.52,5.726,37.68,12.023,12.023,25.657,5.5,141.11
2024-06-28 11:00:00,7.654,20.159,9.066,5.817,42.696,13.433,13.433,29.264,5.5,160.95
2024-06-28 12:00:00,7.795,22.469,9.324,5.8,45.388,13.631,13.631,31.757,5.5,174.66
2024-06-28 13:00:00,7.861,24.607,10.611,5.844,48.922,13.399,13.399,35.523,5.5,195.38
2024-06-28 14:00:00,7.868,25.28,10.339,5.918,49.404,11.735,11.735,37.669,5.5,207.18
2024-06-28 15:00:00,6.91,22.966,9.629,5.927,45.433,9.486,9.486,35.947,5.5,197.71
2024-06-28 16:00:00,6.936,21.404,8.807,6.1,43.246,7.098,7.098,36.148,5.5,198.82
2024-06-28 17:00:00,6.099,19.52,7.849,6.033,39.502,3.638,3.638,35.864,5.5,197.25
2024-06-28 18:00:00,4.981,14.759,7.236,5.715,32.691,0.0,0.0,32.691,9.5,310.56
2024-06-28 19:00:00,4.524,13.436,6.82,6.012,30.793,0.299,0.299,30.493,9.5,289.69
2024-06-28 20:00:00,3.064,10.479,5.377,6.048,24.968,0.0,0.0,24.968,9.5,237.19
2024-06-28 21:00:00,3.025,7.61,5.318,5.951,21.904,0.0,0.0,21.904,9.5,208.09
2024-06-28 22:00:00,2.143,4.635,3.369,5.991,16.138,0.268,0.268,15.87,5.5,87.28
2024-06-28 23:00:00,1.535,5.384,3.12,6.029,16.068,0.0,0.0,16.068,5.5,88.37
2024-06-29 00:00:00,0.306,2.646,0.861,6.115,9.928,0.117,0.117,9.811,5.5,53.96
2024-06-29 01:00:00,0.336,1.16,0.709,5.764,7.97,0.199,0.199,7.771,5.5,42.74
2024-06-29 02:00:00,0.819,1.505,1.264,5.963,9.552,0.0,0.0,9.552,5.5,52.53
2024-06-29 03:00:00,0.25,1.363,1.731,6.226,9.57,0.115,0.115,9.454,5.5,52.0
2024-06-29 04:00:00,0.505,1.816,2.074,6.212,10.607,0.405,0.405,10.202,5.5,56.11
2024-06-29 05:00:00,1.251,1.615,3.094,6.128,12.088,0.0,0.0,12.088,5.5,66.48
2024-06-29 06:00:00,1.012,2.184,2.827,6.081,12.103,0.135,0.135,11.968,9.5,113.7
2024-06-29 07:00:00,1.748,3.662,3.554,6.248,15.212,4.209,4.209,11.003,9.5,104.53
2024-06-29 08:00:00,2.296,5.787,3.588,6.288,17.958,8.918,8.918,9.04,9.5,85.88
2024-06-29 09:00:00,1.974,3.985,4.684,5.981,16.623,12.483,12.483,4.141,9.5,39.34
2024-06-29 10:00:00,2.58,6.356,5.372,5.855,20.163,14.81,14.81,5.353,5.5,29.44
2024-06-29 11:00:00,2.256,6.826,4.941,5.959,19.982,17.3,17.3,2.682,5.5,14.75
2024-06-29 12:00:00,2.975,10.189,4.533,6.465,24.162,17.556,17.556,6.607,5.5,36.34
2024-06-29 13:00:00,2.86,9.224,4.78,5.765,22.629,16.849,16.849,5.78,5.5,31.79
2024-06-29 14:00:00,2.891,8.815,5.043,5.929,22.679,15.111,15.111,7.568,5.5,41.62
2024-06-29 15:00:00,2.408,10.205,4.911,5.788,23.312,12.474,12.474,10.837,5.5,59.61
2024-06-29 16:00:00,1.877,10.311,4.692,6.019,22.899,8.313,8.313,14.586,5.5,80.22
2024-06-29 17:00:00,2.246,8.301,4.196,5.82,20.563,4.516,4.516,16.046,5.5,88.26
2024-06-29 18:00:00,1.167,6.603,3.564,5.984,17.319,0.115,0.115,17.204,9.5,163.43
2024-06-29 19:00:00,1.383,5.432,2.84,5.707,15.362,0.0,0.0,15.362,9.5,145.94
2024-06-29 20:00:00,1.473,5.042,2.801,6.093,15.409,0.139,0.139,15.27,9.5,145.06
2024-06-29 21:00:00,0.998,2.238,2.968,6.183,12.387,0.37,0.37,12.017,9.5,114.17
2024-06-29 22:00:00,1.318,2.122,2.272,5.942,11.655,0.0,0.0,11.655,5.5,64.1
2024-06-29 23:00:00,0.88,1.349,1.778,5.98,9.986,0.0,0.0,9.986,5.5,54.93
2024-06-30 00:00:00,0.2,0.5,1.422,5.975,8.097,0.0,0.0,8.097,5.5,44.54
2024-06-30 01:00:00,0.377,0.779,0.995,6.027,8.178,0.0,0.0,8.178,5.5,44.98
2024-06-30 02:00:00,0.439,1.982,1.122,5.994,9.537,0.234,0.234,9.303,5.5,51.17
2024-06-30 03:00:00,0.2,1.654,1.265,6.115,9.234,0.0,0.0,9.234,5.5,50.79
2024-06-30 04:00:00,0.452,1.906,1.814,6.185,10.356,0.014,0.014,10.342,5.5,56.88
2024-06-30 05:00:00,0.772,1.827,2.057,5.878,10.534,0.0,0.0,10.534,5.5,57.93
2024-06-30 06:00:00,0.58,2.628,3.124,5.954,12.286,0.0,0.0,12.286,9.5,116.72
2024-06-30 07:00:00,1.492,2.295,2.904,6.135,12.826,3.922,3.922,8.905,9.5,84.59
2024-06-30 08:00:00,1.712,3.66,3.24,5.787,14.399,6.941,6.941,7.458,9.5,70.85
2024-06-30 09:00:00,1.593,5.255,4.789,5.704,17.342,9.824,9.824,7.518,9.5,71.42
2024-06-30 10:00:00,2.497,6.657,4.232,6.034,19.42,12.083,12.083,7.336,5.5,40.35
2024-06-30 11:00:00,2.817,8.021,4.79,6.074,21.702,13.037,13.037,8.665,5.5,47.65
2024-06-30 12:00:00,2.817,8.799,5.111,5.892,22.618,14.068,14.068,8.55,5.5,47.02
2024-06-30 13:00:00,2.703,9.385,4.545,5.913,22.547,13.031,13.031,9.515,5.5,52.33
2024-06-30 14:00:00,2.926,12.489,5.425,5.886,26.726,11.739,11.739,14.987,5.5,82.43
2024-06-30 15:00:00,2.806,10.413,4.983,5.87,24.072,9.501,9.501,14.571,5.5,80.14
2024-06-30 16:00:00,2.468,9.24,5.036,6.104,22.848,6.888,6.888,15.96,5.5,87.78
2024-06-30 17:00:00,1.847,7.578,3.741,5.823,18.989,3.487,3.487,15.502,5.5,85.26
2024-06-30 18:00:00,1.869,6.074,3.601,5.96,17.505,0.0,0.0,17.505,9.5,166.29
2024-06-30 19:00:00,1.837,4.997,3.11,5.864,15.807,0.0,0.0,15.807,9.5,150.17
2024-06-30 20:00:00,1.012,4.142,2.746,5.782,13.682,0.302,0.302,13.38,9.5,127.11
2024-06-30 21:00:00,1.57,1.431,1.644,6.131,10.775,0.25,0.25,10.525,9.5,99.99
2024-06-30 22:00:00,0.576,0.954,1.908,5.922,9.361,0.0,0.0,9.361,5.5,51.48
2024-06-30 23:00:00,0.582,1.2,0.993,6.028,8.804,0.0,0.0,8.804,5.5,48.42
